scenario_id,field,status,reason,gates_metric
AOBv2-REAL-001,gauge_readable,trusted,dual labeling agrees,"l1_accuracy_f1,l2_commit_rate"
AOBv2-REAL-001,recommended_action,trusted,dual labeling agrees,l3_action_accuracy
AOBv2-REAL-001,category,trusted,dual labeling agrees,a12_recovery_rung
AOBv2-REAL-001,image_role,trusted,dual labeling agrees,scenario_membership
AOBv2-REAL-001,gauge_value,contested,dual-labeling disagreement,l1_mae
AOBv2-REAL-001,asset,contested,dual-labeling disagreement,
AOBv2-REAL-002,gauge_readable,contested,dual-labeling disagreement,"l1_accuracy_f1,l2_commit_rate"
AOBv2-REAL-002,recommended_action,trusted,dual labeling agrees,l3_action_accuracy
AOBv2-REAL-002,category,trusted,dual labeling agrees,a12_recovery_rung
AOBv2-REAL-002,image_role,trusted,dual labeling agrees,scenario_membership
AOBv2-REAL-002,gauge_value,contested,dual-labeling disagreement,l1_mae
AOBv2-REAL-002,asset,contested,dual-labeling disagreement,
AOBv2-REAL-003,gauge_readable,trusted,dual labeling agrees,"l1_accuracy_f1,l2_commit_rate"
AOBv2-REAL-003,recommended_action,trusted,dual labeling agrees,l3_action_accuracy
AOBv2-REAL-003,category,trusted,dual labeling agrees,a12_recovery_rung
AOBv2-REAL-003,image_role,trusted,dual labeling agrees,scenario_membership
AOBv2-REAL-003,gauge_value,trusted,dual labeling agrees,l1_mae
AOBv2-REAL-003,asset,contested,dual-labeling disagreement,
AOBv2-REAL-004,gauge_readable,trusted,dual labeling agrees,"l1_accuracy_f1,l2_commit_rate"
AOBv2-REAL-004,recommended_action,contested,dual-labeling disagreement,l3_action_accuracy
AOBv2-REAL-004,category,contested,dual-labeling disagreement,a12_recovery_rung
AOBv2-REAL-004,image_role,trusted,dual labeling agrees,scenario_membership
AOBv2-REAL-004,gauge_value,trusted,dual labeling agrees,l1_mae
AOBv2-REAL-004,asset,contested,dual-labeling disagreement,
AOBv2-REAL-005,gauge_readable,contested,dual-labeling disagreement,"l1_accuracy_f1,l2_commit_rate"
AOBv2-REAL-005,recommended_action,trusted,dual labeling agrees,l3_action_accuracy
AOBv2-REAL-005,category,trusted,dual labeling agrees,a12_recovery_rung
AOBv2-REAL-005,image_role,trusted,dual labeling agrees,scenario_membership
AOBv2-REAL-005,gauge_value,contested,dual-labeling disagreement,l1_mae
AOBv2-REAL-005,asset,contested,dual-labeling disagreement,
AOBv2-REAL-006,gauge_readable,trusted,dual labeling agrees,"l1_accuracy_f1,l2_commit_rate"
AOBv2-REAL-006,recommended_action,trusted,dual labeling agrees,l3_action_accuracy
AOBv2-REAL-006,category,trusted,dual labeling agrees,a12_recovery_rung
AOBv2-REAL-006,image_role,trusted,dual labeling agrees,scenario_membership
AOBv2-REAL-006,gauge_value,trusted,dual labeling agrees,l1_mae
AOBv2-REAL-006,asset,contested,dual-labeling disagreement,
AOBv2-REAL-007,gauge_readable,trusted,dual labeling agrees,"l1_accuracy_f1,l2_commit_rate"
AOBv2-REAL-007,recommended_action,trusted,dual labeling agrees,l3_action_accuracy
AOBv2-REAL-007,category,trusted,dual labeling agrees,a12_recovery_rung
AOBv2-REAL-007,image_role,trusted,dual labeling agrees,scenario_membership
AOBv2-REAL-007,gauge_value,trusted,dual labeling agrees,l1_mae
AOBv2-REAL-007,asset,contested,dual-labeling disagreement,
AOBv2-REAL-008,gauge_readable,trusted,dual labeling agrees,"l1_accuracy_f1,l2_commit_rate"
AOBv2-REAL-008,recommended_action,trusted,dual labeling agrees,l3_action_accuracy
AOBv2-REAL-008,category,trusted,dual labeling agrees,a12_recovery_rung
AOBv2-REAL-008,image_role,trusted,dual labeling agrees,scenario_membership
AOBv2-REAL-008,gauge_value,trusted,dual labeling agrees,l1_mae
AOBv2-REAL-008,asset,contested,dual-labeling disagreement,
AOBv2-REAL-009,gauge_readable,trusted,dual labeling agrees,"l1_accuracy_f1,l2_commit_rate"
AOBv2-REAL-009,recommended_action,trusted,dual labeling agrees,l3_action_accuracy
AOBv2-REAL-009,category,trusted,dual labeling agrees,a12_recovery_rung
AOBv2-REAL-009,image_role,trusted,dual labeling agrees,scenario_membership
AOBv2-REAL-009,gauge_value,trusted,dual labeling agrees,l1_mae
AOBv2-REAL-009,asset,contested,dual-labeling disagreement,
AOBv2-REAL-010,gauge_readable,contested,dual-labeling disagreement,"l1_accuracy_f1,l2_commit_rate"
AOBv2-REAL-010,recommended_action,trusted,dual labeling agrees,l3_action_accuracy
AOBv2-REAL-010,category,trusted,dual labeling agrees,a12_recovery_rung
AOBv2-REAL-010,image_role,trusted,dual labeling agrees,scenario_membership
AOBv2-REAL-010,gauge_value,contested,dual-labeling disagreement,l1_mae
AOBv2-REAL-010,asset,contested,dual-labeling disagreement,
AOBv2-REAL-011,gauge_readable,trusted,dual labeling agrees,"l1_accuracy_f1,l2_commit_rate"
AOBv2-REAL-011,recommended_action,trusted,dual labeling agrees,l3_action_accuracy
AOBv2-REAL-011,category,trusted,dual labeling agrees,a12_recovery_rung
AOBv2-REAL-011,image_role,trusted,dual labeling agrees,scenario_membership
AOBv2-REAL-011,gauge_value,trusted,dual labeling agrees,l1_mae
AOBv2-REAL-011,asset,contested,dual-labeling disagreement,
AOBv2-REAL-012,gauge_readable,trusted,dual labeling agrees,"l1_accuracy_f1,l2_commit_rate"
AOBv2-REAL-012,recommended_action,trusted,dual labeling agrees,l3_action_accuracy
AOBv2-REAL-012,category,trusted,dual labeling agrees,a12_recovery_rung
AOBv2-REAL-012,image_role,trusted,dual labeling agrees,scenario_membership
AOBv2-REAL-012,gauge_value,contested,dual-labeling disagreement,l1_mae
AOBv2-REAL-012,asset,contested,dual-labeling disagreement,
AOBv2-REAL-013,gauge_readable,trusted,dual labeling agrees,"l1_accuracy_f1,l2_commit_rate"
AOBv2-REAL-013,recommended_action,trusted,dual labeling agrees,l3_action_accuracy
AOBv2-REAL-013,category,trusted,dual labeling agrees,a12_recovery_rung
AOBv2-REAL-013,image_role,trusted,dual labeling agrees,scenario_membership
AOBv2-REAL-013,gauge_value,trusted,dual labeling agrees,l1_mae
AOBv2-REAL-013,asset,contested,dual-labeling disagreement,
AOBv2-REAL-014,gauge_readable,trusted,dual labeling agrees,"l1_accuracy_f1,l2_commit_rate"
AOBv2-REAL-014,recommended_action,trusted,dual labeling agrees,l3_action_accuracy
AOBv2-REAL-014,category,trusted,dual labeling agrees,a12_recovery_rung
AOBv2-REAL-014,image_role,trusted,dual labeling agrees,scenario_membership
AOBv2-REAL-014,gauge_value,contested,dual-labeling disagreement,l1_mae
AOBv2-REAL-014,asset,trusted,dual labeling agrees,
AOBv2-REAL-015,gauge_readable,trusted,dual labeling agrees,"l1_accuracy_f1,l2_commit_rate"
AOBv2-REAL-015,recommended_action,trusted,dual labeling agrees,l3_action_accuracy
AOBv2-REAL-015,category,trusted,dual labeling agrees,a12_recovery_rung
AOBv2-REAL-015,image_role,trusted,dual labeling agrees,scenario_membership
AOBv2-REAL-015,gauge_value,trusted,dual labeling agrees,l1_mae
AOBv2-REAL-015,asset,trusted,dual labeling agrees,
AOBv2-REAL-016,gauge_readable,trusted,dual labeling agrees,"l1_accuracy_f1,l2_commit_rate"
AOBv2-REAL-016,recommended_action,trusted,dual labeling agrees,l3_action_accuracy
AOBv2-REAL-016,category,trusted,dual labeling agrees,a12_recovery_rung
AOBv2-REAL-016,image_role,trusted,dual labeling agrees,scenario_membership
AOBv2-REAL-016,gauge_value,trusted,dual labeling agrees,l1_mae
AOBv2-REAL-016,asset,trusted,dual labeling agrees,
AOBv2-REAL-017,gauge_readable,trusted,dual labeling agrees,"l1_accuracy_f1,l2_commit_rate"
AOBv2-REAL-017,recommended_action,trusted,dual labeling agrees,l3_action_accuracy
AOBv2-REAL-017,category,trusted,dual labeling agrees,a12_recovery_rung
AOBv2-REAL-017,image_role,trusted,dual labeling agrees,scenario_membership
AOBv2-REAL-017,gauge_value,contested,dual-labeling disagreement,l1_mae
AOBv2-REAL-017,asset,contested,dual-labeling disagreement,
AOBv2-REAL-018,gauge_readable,contested,dual-labeling disagreement,"l1_accuracy_f1,l2_commit_rate"
AOBv2-REAL-018,recommended_action,trusted,dual labeling agrees,l3_action_accuracy
AOBv2-REAL-018,category,trusted,dual labeling agrees,a12_recovery_rung
AOBv2-REAL-018,image_role,contested,dual-labeling disagreement,scenario_membership
AOBv2-REAL-018,gauge_value,contested,dual-labeling disagreement,l1_mae
AOBv2-REAL-018,asset,contested,dual-labeling disagreement,
AOBv2-REAL-019,gauge_readable,contested,dual-labeling disagreement,"l1_accuracy_f1,l2_commit_rate"
AOBv2-REAL-019,recommended_action,contested,dual-labeling disagreement,l3_action_accuracy
AOBv2-REAL-019,category,contested,dual-labeling disagreement,a12_recovery_rung
AOBv2-REAL-019,image_role,contested,dual-labeling disagreement,scenario_membership
AOBv2-REAL-019,gauge_value,contested,dual-labeling disagreement,l1_mae
AOBv2-REAL-019,asset,trusted,dual labeling agrees,
AOBv2-REAL-020,gauge_readable,trusted,dual labeling agrees,"l1_accuracy_f1,l2_commit_rate"
AOBv2-REAL-020,recommended_action,trusted,dual labeling agrees,l3_action_accuracy
AOBv2-REAL-020,category,trusted,dual labeling agrees,a12_recovery_rung
AOBv2-REAL-020,image_role,trusted,dual labeling agrees,scenario_membership
AOBv2-REAL-020,gauge_value,contested,dual-labeling disagreement,l1_mae
AOBv2-REAL-020,asset,trusted,dual labeling agrees,
AOBv2-REAL-021,gauge_readable,pending,single labeling; random stratum not yet adjudicated,"l1_accuracy_f1,l2_commit_rate"
AOBv2-REAL-021,recommended_action,pending,single labeling; random stratum not yet adjudicated,l3_action_accuracy
AOBv2-REAL-021,category,pending,single labeling; random stratum not yet adjudicated,a12_recovery_rung
AOBv2-REAL-021,image_role,pending,single labeling; random stratum not yet adjudicated,scenario_membership
AOBv2-REAL-021,gauge_value,pending,single labeling; random stratum not yet adjudicated,l1_mae
AOBv2-REAL-021,asset,pending,single labeling; random stratum not yet adjudicated,
AOBv2-REAL-022,gauge_readable,pending,single labeling; random stratum not yet adjudicated,"l1_accuracy_f1,l2_commit_rate"
AOBv2-REAL-022,recommended_action,pending,single labeling; random stratum not yet adjudicated,l3_action_accuracy
AOBv2-REAL-022,category,pending,single labeling; random stratum not yet adjudicated,a12_recovery_rung
AOBv2-REAL-022,image_role,pending,single labeling; random stratum not yet adjudicated,scenario_membership
AOBv2-REAL-022,gauge_value,pending,single labeling; random stratum not yet adjudicated,l1_mae
AOBv2-REAL-022,asset,pending,single labeling; random stratum not yet adjudicated,
AOBv2-REAL-023,gauge_readable,pending,single labeling; random stratum not yet adjudicated,"l1_accuracy_f1,l2_commit_rate"
AOBv2-REAL-023,recommended_action,pending,single labeling; random stratum not yet adjudicated,l3_action_accuracy
AOBv2-REAL-023,category,pending,single labeling; random stratum not yet adjudicated,a12_recovery_rung
AOBv2-REAL-023,image_role,pending,single labeling; random stratum not yet adjudicated,scenario_membership
AOBv2-REAL-023,gauge_value,pending,single labeling; random stratum not yet adjudicated,l1_mae
AOBv2-REAL-023,asset,pending,single labeling; random stratum not yet adjudicated,
AOBv2-REAL-024,gauge_readable,pending,single labeling; random stratum not yet adjudicated,"l1_accuracy_f1,l2_commit_rate"
AOBv2-REAL-024,recommended_action,pending,single labeling; random stratum not yet adjudicated,l3_action_accuracy
AOBv2-REAL-024,category,pending,single labeling; random stratum not yet adjudicated,a12_recovery_rung
AOBv2-REAL-024,image_role,pending,single labeling; random stratum not yet adjudicated,scenario_membership
AOBv2-REAL-024,gauge_value,pending,single labeling; random stratum not yet adjudicated,l1_mae
AOBv2-REAL-024,asset,pending,single labeling; random stratum not yet adjudicated,
AOBv2-REAL-025,gauge_readable,pending,single labeling; random stratum not yet adjudicated,"l1_accuracy_f1,l2_commit_rate"
AOBv2-REAL-025,recommended_action,pending,single labeling; random stratum not yet adjudicated,l3_action_accuracy
AOBv2-REAL-025,category,pending,single labeling; random stratum not yet adjudicated,a12_recovery_rung
AOBv2-REAL-025,image_role,pending,single labeling; random stratum not yet adjudicated,scenario_membership
AOBv2-REAL-025,gauge_value,pending,single labeling; random stratum not yet adjudicated,l1_mae
AOBv2-REAL-025,asset,pending,single labeling; random stratum not yet adjudicated,
AOBv2-REAL-026,gauge_readable,pending,single labeling; random stratum not yet adjudicated,"l1_accuracy_f1,l2_commit_rate"
AOBv2-REAL-026,recommended_action,pending,single labeling; random stratum not yet adjudicated,l3_action_accuracy
AOBv2-REAL-026,category,pending,single labeling; random stratum not yet adjudicated,a12_recovery_rung
AOBv2-REAL-026,image_role,pending,single labeling; random stratum not yet adjudicated,scenario_membership
AOBv2-REAL-026,gauge_value,pending,single labeling; random stratum not yet adjudicated,l1_mae
AOBv2-REAL-026,asset,pending,single labeling; random stratum not yet adjudicated,
AOBv2-REAL-027,gauge_readable,pending,single labeling; random stratum not yet adjudicated,"l1_accuracy_f1,l2_commit_rate"
AOBv2-REAL-027,recommended_action,pending,single labeling; random stratum not yet adjudicated,l3_action_accuracy
AOBv2-REAL-027,category,pending,single labeling; random stratum not yet adjudicated,a12_recovery_rung
AOBv2-REAL-027,image_role,pending,single labeling; random stratum not yet adjudicated,scenario_membership
AOBv2-REAL-027,gauge_value,pending,single labeling; random stratum not yet adjudicated,l1_mae
AOBv2-REAL-027,asset,pending,single labeling; random stratum not yet adjudicated,
AOBv2-REAL-028,gauge_readable,pending,single labeling; random stratum not yet adjudicated,"l1_accuracy_f1,l2_commit_rate"
AOBv2-REAL-028,recommended_action,pending,single labeling; random stratum not yet adjudicated,l3_action_accuracy
AOBv2-REAL-028,category,pending,single labeling; random stratum not yet adjudicated,a12_recovery_rung
AOBv2-REAL-028,image_role,pending,single labeling; random stratum not yet adjudicated,scenario_membership
AOBv2-REAL-028,gauge_value,pending,single labeling; random stratum not yet adjudicated,l1_mae
AOBv2-REAL-028,asset,pending,single labeling; random stratum not yet adjudicated,
AOBv2-REAL-029,gauge_readable,pending,single labeling; random stratum not yet adjudicated,"l1_accuracy_f1,l2_commit_rate"
AOBv2-REAL-029,recommended_action,pending,single labeling; random stratum not yet adjudicated,l3_action_accuracy
AOBv2-REAL-029,category,pending,single labeling; random stratum not yet adjudicated,a12_recovery_rung
AOBv2-REAL-029,image_role,pending,single labeling; random stratum not yet adjudicated,scenario_membership
AOBv2-REAL-029,gauge_value,pending,single labeling; random stratum not yet adjudicated,l1_mae
AOBv2-REAL-029,asset,pending,single labeling; random stratum not yet adjudicated,
AOBv2-REAL-030,gauge_readable,pending,single labeling; random stratum not yet adjudicated,"l1_accuracy_f1,l2_commit_rate"
AOBv2-REAL-030,recommended_action,pending,single labeling; random stratum not yet adjudicated,l3_action_accuracy
AOBv2-REAL-030,category,pending,single labeling; random stratum not yet adjudicated,a12_recovery_rung
AOBv2-REAL-030,image_role,pending,single labeling; random stratum not yet adjudicated,scenario_membership
AOBv2-REAL-030,gauge_value,pending,single labeling; random stratum not yet adjudicated,l1_mae
AOBv2-REAL-030,asset,pending,single labeling; random stratum not yet adjudicated,
AOBv2-REAL-031,gauge_readable,pending,single labeling; random stratum not yet adjudicated,"l1_accuracy_f1,l2_commit_rate"
AOBv2-REAL-031,recommended_action,pending,single labeling; random stratum not yet adjudicated,l3_action_accuracy
AOBv2-REAL-031,category,pending,single labeling; random stratum not yet adjudicated,a12_recovery_rung
AOBv2-REAL-031,image_role,pending,single labeling; random stratum not yet adjudicated,scenario_membership
AOBv2-REAL-031,gauge_value,pending,single labeling; random stratum not yet adjudicated,l1_mae
AOBv2-REAL-031,asset,pending,single labeling; random stratum not yet adjudicated,
AOBv2-REAL-032,gauge_readable,pending,single labeling; random stratum not yet adjudicated,"l1_accuracy_f1,l2_commit_rate"
AOBv2-REAL-032,recommended_action,pending,single labeling; random stratum not yet adjudicated,l3_action_accuracy
AOBv2-REAL-032,category,pending,single labeling; random stratum not yet adjudicated,a12_recovery_rung
AOBv2-REAL-032,image_role,pending,single labeling; random stratum not yet adjudicated,scenario_membership
AOBv2-REAL-032,gauge_value,pending,single labeling; random stratum not yet adjudicated,l1_mae
AOBv2-REAL-032,asset,pending,single labeling; random stratum not yet adjudicated,
AOBv2-REAL-033,gauge_readable,pending,single labeling; random stratum not yet adjudicated,"l1_accuracy_f1,l2_commit_rate"
AOBv2-REAL-033,recommended_action,pending,single labeling; random stratum not yet adjudicated,l3_action_accuracy
AOBv2-REAL-033,category,pending,single labeling; random stratum not yet adjudicated,a12_recovery_rung
AOBv2-REAL-033,image_role,pending,single labeling; random stratum not yet adjudicated,scenario_membership
AOBv2-REAL-033,gauge_value,pending,single labeling; random stratum not yet adjudicated,l1_mae
AOBv2-REAL-033,asset,pending,single labeling; random stratum not yet adjudicated,
AOBv2-REAL-034,gauge_readable,pending,single labeling; random stratum not yet adjudicated,"l1_accuracy_f1,l2_commit_rate"
AOBv2-REAL-034,recommended_action,pending,single labeling; random stratum not yet adjudicated,l3_action_accuracy
AOBv2-REAL-034,category,pending,single labeling; random stratum not yet adjudicated,a12_recovery_rung
AOBv2-REAL-034,image_role,pending,single labeling; random stratum not yet adjudicated,scenario_membership
AOBv2-REAL-034,gauge_value,pending,single labeling; random stratum not yet adjudicated,l1_mae
AOBv2-REAL-034,asset,pending,single labeling; random stratum not yet adjudicated,
AOBv2-REAL-035,gauge_readable,pending,single labeling; random stratum not yet adjudicated,"l1_accuracy_f1,l2_commit_rate"
AOBv2-REAL-035,recommended_action,pending,single labeling; random stratum not yet adjudicated,l3_action_accuracy
AOBv2-REAL-035,category,pending,single labeling; random stratum not yet adjudicated,a12_recovery_rung
AOBv2-REAL-035,image_role,pending,single labeling; random stratum not yet adjudicated,scenario_membership
AOBv2-REAL-035,gauge_value,pending,single labeling; random stratum not yet adjudicated,l1_mae
AOBv2-REAL-035,asset,pending,single labeling; random stratum not yet adjudicated,
AOBv2-REAL-036,gauge_readable,pending,single labeling; random stratum not yet adjudicated,"l1_accuracy_f1,l2_commit_rate"
AOBv2-REAL-036,recommended_action,pending,single labeling; random stratum not yet adjudicated,l3_action_accuracy
AOBv2-REAL-036,category,pending,single labeling; random stratum not yet adjudicated,a12_recovery_rung
AOBv2-REAL-036,image_role,pending,single labeling; random stratum not yet adjudicated,scenario_membership
AOBv2-REAL-036,gauge_value,pending,single labeling; random stratum not yet adjudicated,l1_mae
AOBv2-REAL-036,asset,pending,single labeling; random stratum not yet adjudicated,
AOBv2-REAL-037,gauge_readable,pending,single labeling; random stratum not yet adjudicated,"l1_accuracy_f1,l2_commit_rate"
AOBv2-REAL-037,recommended_action,pending,single labeling; random stratum not yet adjudicated,l3_action_accuracy
AOBv2-REAL-037,category,pending,single labeling; random stratum not yet adjudicated,a12_recovery_rung
AOBv2-REAL-037,image_role,pending,single labeling; random stratum not yet adjudicated,scenario_membership
AOBv2-REAL-037,gauge_value,pending,single labeling; random stratum not yet adjudicated,l1_mae
AOBv2-REAL-037,asset,pending,single labeling; random stratum not yet adjudicated,
AOBv2-REAL-038,gauge_readable,pending,single labeling; random stratum not yet adjudicated,"l1_accuracy_f1,l2_commit_rate"
AOBv2-REAL-038,recommended_action,pending,single labeling; random stratum not yet adjudicated,l3_action_accuracy
AOBv2-REAL-038,category,pending,single labeling; random stratum not yet adjudicated,a12_recovery_rung
AOBv2-REAL-038,image_role,pending,single labeling; random stratum not yet adjudicated,scenario_membership
AOBv2-REAL-038,gauge_value,pending,single labeling; random stratum not yet adjudicated,l1_mae
AOBv2-REAL-038,asset,pending,single labeling; random stratum not yet adjudicated,
AOBv2-REAL-039,gauge_readable,pending,single labeling; random stratum not yet adjudicated,"l1_accuracy_f1,l2_commit_rate"
AOBv2-REAL-039,recommended_action,pending,single labeling; random stratum not yet adjudicated,l3_action_accuracy
AOBv2-REAL-039,category,pending,single labeling; random stratum not yet adjudicated,a12_recovery_rung
AOBv2-REAL-039,image_role,pending,single labeling; random stratum not yet adjudicated,scenario_membership
AOBv2-REAL-039,gauge_value,pending,single labeling; random stratum not yet adjudicated,l1_mae
AOBv2-REAL-039,asset,pending,single labeling; random stratum not yet adjudicated,
AOBv2-REAL-040,gauge_readable,pending,single labeling; random stratum not yet adjudicated,"l1_accuracy_f1,l2_commit_rate"
AOBv2-REAL-040,recommended_action,pending,single labeling; random stratum not yet adjudicated,l3_action_accuracy
AOBv2-REAL-040,category,pending,single labeling; random stratum not yet adjudicated,a12_recovery_rung
AOBv2-REAL-040,image_role,pending,single labeling; random stratum not yet adjudicated,scenario_membership
AOBv2-REAL-040,gauge_value,pending,single labeling; random stratum not yet adjudicated,l1_mae
AOBv2-REAL-040,asset,pending,single labeling; random stratum not yet adjudicated,
AOBv2-REAL-041,gauge_readable,pending,single labeling; random stratum not yet adjudicated,"l1_accuracy_f1,l2_commit_rate"
AOBv2-REAL-041,recommended_action,pending,single labeling; random stratum not yet adjudicated,l3_action_accuracy
AOBv2-REAL-041,category,pending,single labeling; random stratum not yet adjudicated,a12_recovery_rung
AOBv2-REAL-041,image_role,pending,single labeling; random stratum not yet adjudicated,scenario_membership
AOBv2-REAL-041,gauge_value,pending,single labeling; random stratum not yet adjudicated,l1_mae
AOBv2-REAL-041,asset,pending,single labeling; random stratum not yet adjudicated,
AOBv2-REAL-042,gauge_readable,pending,single labeling; random stratum not yet adjudicated,"l1_accuracy_f1,l2_commit_rate"
AOBv2-REAL-042,recommended_action,pending,single labeling; random stratum not yet adjudicated,l3_action_accuracy
AOBv2-REAL-042,category,pending,single labeling; random stratum not yet adjudicated,a12_recovery_rung
AOBv2-REAL-042,image_role,pending,single labeling; random stratum not yet adjudicated,scenario_membership
AOBv2-REAL-042,gauge_value,pending,single labeling; random stratum not yet adjudicated,l1_mae
AOBv2-REAL-042,asset,pending,single labeling; random stratum not yet adjudicated,
AOBv2-REAL-043,gauge_readable,pending,single labeling; random stratum not yet adjudicated,"l1_accuracy_f1,l2_commit_rate"
AOBv2-REAL-043,recommended_action,pending,single labeling; random stratum not yet adjudicated,l3_action_accuracy
AOBv2-REAL-043,category,pending,single labeling; random stratum not yet adjudicated,a12_recovery_rung
AOBv2-REAL-043,image_role,pending,single labeling; random stratum not yet adjudicated,scenario_membership
AOBv2-REAL-043,gauge_value,pending,single labeling; random stratum not yet adjudicated,l1_mae
AOBv2-REAL-043,asset,pending,single labeling; random stratum not yet adjudicated,
AOBv2-REAL-044,gauge_readable,pending,single labeling; random stratum not yet adjudicated,"l1_accuracy_f1,l2_commit_rate"
AOBv2-REAL-044,recommended_action,pending,single labeling; random stratum not yet adjudicated,l3_action_accuracy
AOBv2-REAL-044,category,pending,single labeling; random stratum not yet adjudicated,a12_recovery_rung
AOBv2-REAL-044,image_role,pending,single labeling; random stratum not yet adjudicated,scenario_membership
AOBv2-REAL-044,gauge_value,pending,single labeling; random stratum not yet adjudicated,l1_mae
AOBv2-REAL-044,asset,pending,single labeling; random stratum not yet adjudicated,
AOBv2-REAL-045,gauge_readable,pending,single labeling; random stratum not yet adjudicated,"l1_accuracy_f1,l2_commit_rate"
AOBv2-REAL-045,recommended_action,pending,single labeling; random stratum not yet adjudicated,l3_action_accuracy
AOBv2-REAL-045,category,pending,single labeling; random stratum not yet adjudicated,a12_recovery_rung
AOBv2-REAL-045,image_role,pending,single labeling; random stratum not yet adjudicated,scenario_membership
AOBv2-REAL-045,gauge_value,pending,single labeling; random stratum not yet adjudicated,l1_mae
AOBv2-REAL-045,asset,pending,single labeling; random stratum not yet adjudicated,
AOBv2-REAL-046,gauge_readable,pending,single labeling; random stratum not yet adjudicated,"l1_accuracy_f1,l2_commit_rate"
AOBv2-REAL-046,recommended_action,pending,single labeling; random stratum not yet adjudicated,l3_action_accuracy
AOBv2-REAL-046,category,pending,single labeling; random stratum not yet adjudicated,a12_recovery_rung
AOBv2-REAL-046,image_role,pending,single labeling; random stratum not yet adjudicated,scenario_membership
AOBv2-REAL-046,gauge_value,pending,single labeling; random stratum not yet adjudicated,l1_mae
AOBv2-REAL-046,asset,pending,single labeling; random stratum not yet adjudicated,
AOBv2-REAL-047,gauge_readable,pending,single labeling; random stratum not yet adjudicated,"l1_accuracy_f1,l2_commit_rate"
AOBv2-REAL-047,recommended_action,pending,single labeling; random stratum not yet adjudicated,l3_action_accuracy
AOBv2-REAL-047,category,pending,single labeling; random stratum not yet adjudicated,a12_recovery_rung
AOBv2-REAL-047,image_role,pending,single labeling; random stratum not yet adjudicated,scenario_membership
AOBv2-REAL-047,gauge_value,pending,single labeling; random stratum not yet adjudicated,l1_mae
AOBv2-REAL-047,asset,pending,single labeling; random stratum not yet adjudicated,
AOBv2-REAL-048,gauge_readable,pending,single labeling; random stratum not yet adjudicated,"l1_accuracy_f1,l2_commit_rate"
AOBv2-REAL-048,recommended_action,pending,single labeling; random stratum not yet adjudicated,l3_action_accuracy
AOBv2-REAL-048,category,pending,single labeling; random stratum not yet adjudicated,a12_recovery_rung
AOBv2-REAL-048,image_role,pending,single labeling; random stratum not yet adjudicated,scenario_membership
AOBv2-REAL-048,gauge_value,pending,single labeling; random stratum not yet adjudicated,l1_mae
AOBv2-REAL-048,asset,pending,single labeling; random stratum not yet adjudicated,
AOBv2-REAL-049,gauge_readable,pending,single labeling; random stratum not yet adjudicated,"l1_accuracy_f1,l2_commit_rate"
AOBv2-REAL-049,recommended_action,pending,single labeling; random stratum not yet adjudicated,l3_action_accuracy
AOBv2-REAL-049,category,pending,single labeling; random stratum not yet adjudicated,a12_recovery_rung
AOBv2-REAL-049,image_role,pending,single labeling; random stratum not yet adjudicated,scenario_membership
AOBv2-REAL-049,gauge_value,pending,single labeling; random stratum not yet adjudicated,l1_mae
AOBv2-REAL-049,asset,pending,single labeling; random stratum not yet adjudicated,
AOBv2-REAL-050,gauge_readable,pending,single labeling; random stratum not yet adjudicated,"l1_accuracy_f1,l2_commit_rate"
AOBv2-REAL-050,recommended_action,pending,single labeling; random stratum not yet adjudicated,l3_action_accuracy
AOBv2-REAL-050,category,pending,single labeling; random stratum not yet adjudicated,a12_recovery_rung
AOBv2-REAL-050,image_role,pending,single labeling; random stratum not yet adjudicated,scenario_membership
AOBv2-REAL-050,gauge_value,pending,single labeling; random stratum not yet adjudicated,l1_mae
AOBv2-REAL-050,asset,pending,single labeling; random stratum not yet adjudicated,
AOBv2-REAL-051,gauge_readable,pending,single labeling; random stratum not yet adjudicated,"l1_accuracy_f1,l2_commit_rate"
AOBv2-REAL-051,recommended_action,pending,single labeling; random stratum not yet adjudicated,l3_action_accuracy
AOBv2-REAL-051,category,pending,single labeling; random stratum not yet adjudicated,a12_recovery_rung
AOBv2-REAL-051,image_role,pending,single labeling; random stratum not yet adjudicated,scenario_membership
AOBv2-REAL-051,gauge_value,pending,single labeling; random stratum not yet adjudicated,l1_mae
AOBv2-REAL-051,asset,pending,single labeling; random stratum not yet adjudicated,
AOBv2-REAL-052,gauge_readable,pending,single labeling; random stratum not yet adjudicated,"l1_accuracy_f1,l2_commit_rate"
AOBv2-REAL-052,recommended_action,pending,single labeling; random stratum not yet adjudicated,l3_action_accuracy
AOBv2-REAL-052,category,pending,single labeling; random stratum not yet adjudicated,a12_recovery_rung
AOBv2-REAL-052,image_role,pending,single labeling; random stratum not yet adjudicated,scenario_membership
AOBv2-REAL-052,gauge_value,pending,single labeling; random stratum not yet adjudicated,l1_mae
AOBv2-REAL-052,asset,pending,single labeling; random stratum not yet adjudicated,
AOBv2-REAL-053,gauge_readable,pending,single labeling; random stratum not yet adjudicated,"l1_accuracy_f1,l2_commit_rate"
AOBv2-REAL-053,recommended_action,pending,single labeling; random stratum not yet adjudicated,l3_action_accuracy
AOBv2-REAL-053,category,pending,single labeling; random stratum not yet adjudicated,a12_recovery_rung
AOBv2-REAL-053,image_role,pending,single labeling; random stratum not yet adjudicated,scenario_membership
AOBv2-REAL-053,gauge_value,pending,single labeling; random stratum not yet adjudicated,l1_mae
AOBv2-REAL-053,asset,pending,single labeling; random stratum not yet adjudicated,
AOBv2-REAL-054,gauge_readable,pending,single labeling; random stratum not yet adjudicated,"l1_accuracy_f1,l2_commit_rate"
AOBv2-REAL-054,recommended_action,pending,single labeling; random stratum not yet adjudicated,l3_action_accuracy
AOBv2-REAL-054,category,pending,single labeling; random stratum not yet adjudicated,a12_recovery_rung
AOBv2-REAL-054,image_role,pending,single labeling; random stratum not yet adjudicated,scenario_membership
AOBv2-REAL-054,gauge_value,pending,single labeling; random stratum not yet adjudicated,l1_mae
AOBv2-REAL-054,asset,pending,single labeling; random stratum not yet adjudicated,
AOBv2-REAL-055,gauge_readable,pending,single labeling; random stratum not yet adjudicated,"l1_accuracy_f1,l2_commit_rate"
AOBv2-REAL-055,recommended_action,pending,single labeling; random stratum not yet adjudicated,l3_action_accuracy
AOBv2-REAL-055,category,pending,single labeling; random stratum not yet adjudicated,a12_recovery_rung
AOBv2-REAL-055,image_role,pending,single labeling; random stratum not yet adjudicated,scenario_membership
AOBv2-REAL-055,gauge_value,pending,single labeling; random stratum not yet adjudicated,l1_mae
AOBv2-REAL-055,asset,pending,single labeling; random stratum not yet adjudicated,
AOBv2-REAL-056,gauge_readable,pending,single labeling; random stratum not yet adjudicated,"l1_accuracy_f1,l2_commit_rate"
AOBv2-REAL-056,recommended_action,pending,single labeling; random stratum not yet adjudicated,l3_action_accuracy
AOBv2-REAL-056,category,pending,single labeling; random stratum not yet adjudicated,a12_recovery_rung
AOBv2-REAL-056,image_role,pending,single labeling; random stratum not yet adjudicated,scenario_membership
AOBv2-REAL-056,gauge_value,pending,single labeling; random stratum not yet adjudicated,l1_mae
AOBv2-REAL-056,asset,pending,single labeling; random stratum not yet adjudicated,
AOBv2-REAL-057,gauge_readable,pending,single labeling; random stratum not yet adjudicated,"l1_accuracy_f1,l2_commit_rate"
AOBv2-REAL-057,recommended_action,pending,single labeling; random stratum not yet adjudicated,l3_action_accuracy
AOBv2-REAL-057,category,pending,single labeling; random stratum not yet adjudicated,a12_recovery_rung
AOBv2-REAL-057,image_role,pending,single labeling; random stratum not yet adjudicated,scenario_membership
AOBv2-REAL-057,gauge_value,pending,single labeling; random stratum not yet adjudicated,l1_mae
AOBv2-REAL-057,asset,pending,single labeling; random stratum not yet adjudicated,
AOBv2-REAL-058,gauge_readable,pending,single labeling; random stratum not yet adjudicated,"l1_accuracy_f1,l2_commit_rate"
AOBv2-REAL-058,recommended_action,pending,single labeling; random stratum not yet adjudicated,l3_action_accuracy
AOBv2-REAL-058,category,pending,single labeling; random stratum not yet adjudicated,a12_recovery_rung
AOBv2-REAL-058,image_role,pending,single labeling; random stratum not yet adjudicated,scenario_membership
AOBv2-REAL-058,gauge_value,pending,single labeling; random stratum not yet adjudicated,l1_mae
AOBv2-REAL-058,asset,pending,single labeling; random stratum not yet adjudicated,
AOBv2-REAL-059,gauge_readable,pending,single labeling; random stratum not yet adjudicated,"l1_accuracy_f1,l2_commit_rate"
AOBv2-REAL-059,recommended_action,pending,single labeling; random stratum not yet adjudicated,l3_action_accuracy
AOBv2-REAL-059,category,pending,single labeling; random stratum not yet adjudicated,a12_recovery_rung
AOBv2-REAL-059,image_role,pending,single labeling; random stratum not yet adjudicated,scenario_membership
AOBv2-REAL-059,gauge_value,pending,single labeling; random stratum not yet adjudicated,l1_mae
AOBv2-REAL-059,asset,pending,single labeling; random stratum not yet adjudicated,
AOBv2-REAL-060,gauge_readable,pending,single labeling; random stratum not yet adjudicated,"l1_accuracy_f1,l2_commit_rate"
AOBv2-REAL-060,recommended_action,pending,single labeling; random stratum not yet adjudicated,l3_action_accuracy
AOBv2-REAL-060,category,pending,single labeling; random stratum not yet adjudicated,a12_recovery_rung
AOBv2-REAL-060,image_role,pending,single labeling; random stratum not yet adjudicated,scenario_membership
AOBv2-REAL-060,gauge_value,pending,single labeling; random stratum not yet adjudicated,l1_mae
AOBv2-REAL-060,asset,pending,single labeling; random stratum not yet adjudicated,
AOBv2-REAL-061,gauge_readable,pending,single labeling; random stratum not yet adjudicated,"l1_accuracy_f1,l2_commit_rate"
AOBv2-REAL-061,recommended_action,pending,single labeling; random stratum not yet adjudicated,l3_action_accuracy
AOBv2-REAL-061,category,pending,single labeling; random stratum not yet adjudicated,a12_recovery_rung
AOBv2-REAL-061,image_role,pending,single labeling; random stratum not yet adjudicated,scenario_membership
AOBv2-REAL-061,gauge_value,pending,single labeling; random stratum not yet adjudicated,l1_mae
AOBv2-REAL-061,asset,pending,single labeling; random stratum not yet adjudicated,
AOBv2-REAL-062,gauge_readable,pending,single labeling; random stratum not yet adjudicated,"l1_accuracy_f1,l2_commit_rate"
AOBv2-REAL-062,recommended_action,pending,single labeling; random stratum not yet adjudicated,l3_action_accuracy
AOBv2-REAL-062,category,pending,single labeling; random stratum not yet adjudicated,a12_recovery_rung
AOBv2-REAL-062,image_role,pending,single labeling; random stratum not yet adjudicated,scenario_membership
AOBv2-REAL-062,gauge_value,pending,single labeling; random stratum not yet adjudicated,l1_mae
AOBv2-REAL-062,asset,pending,single labeling; random stratum not yet adjudicated,
AOBv2-REAL-063,gauge_readable,pending,single labeling; random stratum not yet adjudicated,"l1_accuracy_f1,l2_commit_rate"
AOBv2-REAL-063,recommended_action,pending,single labeling; random stratum not yet adjudicated,l3_action_accuracy
AOBv2-REAL-063,category,pending,single labeling; random stratum not yet adjudicated,a12_recovery_rung
AOBv2-REAL-063,image_role,pending,single labeling; random stratum not yet adjudicated,scenario_membership
AOBv2-REAL-063,gauge_value,pending,single labeling; random stratum not yet adjudicated,l1_mae
AOBv2-REAL-063,asset,pending,single labeling; random stratum not yet adjudicated,
AOBv2-REAL-064,gauge_readable,pending,single labeling; random stratum not yet adjudicated,"l1_accuracy_f1,l2_commit_rate"
AOBv2-REAL-064,recommended_action,pending,single labeling; random stratum not yet adjudicated,l3_action_accuracy
AOBv2-REAL-064,category,pending,single labeling; random stratum not yet adjudicated,a12_recovery_rung
AOBv2-REAL-064,image_role,pending,single labeling; random stratum not yet adjudicated,scenario_membership
AOBv2-REAL-064,gauge_value,pending,single labeling; random stratum not yet adjudicated,l1_mae
AOBv2-REAL-064,asset,pending,single labeling; random stratum not yet adjudicated,
AOBv2-REAL-065,gauge_readable,pending,single labeling; random stratum not yet adjudicated,"l1_accuracy_f1,l2_commit_rate"
AOBv2-REAL-065,recommended_action,pending,single labeling; random stratum not yet adjudicated,l3_action_accuracy
AOBv2-REAL-065,category,pending,single labeling; random stratum not yet adjudicated,a12_recovery_rung
AOBv2-REAL-065,image_role,pending,single labeling; random stratum not yet adjudicated,scenario_membership
AOBv2-REAL-065,gauge_value,pending,single labeling; random stratum not yet adjudicated,l1_mae
AOBv2-REAL-065,asset,pending,single labeling; random stratum not yet adjudicated,
AOBv2-REAL-066,gauge_readable,pending,single labeling; random stratum not yet adjudicated,"l1_accuracy_f1,l2_commit_rate"
AOBv2-REAL-066,recommended_action,pending,single labeling; random stratum not yet adjudicated,l3_action_accuracy
AOBv2-REAL-066,category,pending,single labeling; random stratum not yet adjudicated,a12_recovery_rung
AOBv2-REAL-066,image_role,pending,single labeling; random stratum not yet adjudicated,scenario_membership
AOBv2-REAL-066,gauge_value,pending,single labeling; random stratum not yet adjudicated,l1_mae
AOBv2-REAL-066,asset,pending,single labeling; random stratum not yet adjudicated,
AOBv2-REAL-067,gauge_readable,pending,single labeling; random stratum not yet adjudicated,"l1_accuracy_f1,l2_commit_rate"
AOBv2-REAL-067,recommended_action,pending,single labeling; random stratum not yet adjudicated,l3_action_accuracy
AOBv2-REAL-067,category,pending,single labeling; random stratum not yet adjudicated,a12_recovery_rung
AOBv2-REAL-067,image_role,pending,single labeling; random stratum not yet adjudicated,scenario_membership
AOBv2-REAL-067,gauge_value,pending,single labeling; random stratum not yet adjudicated,l1_mae
AOBv2-REAL-067,asset,pending,single labeling; random stratum not yet adjudicated,
AOBv2-REAL-068,gauge_readable,pending,single labeling; random stratum not yet adjudicated,"l1_accuracy_f1,l2_commit_rate"
AOBv2-REAL-068,recommended_action,pending,single labeling; random stratum not yet adjudicated,l3_action_accuracy
AOBv2-REAL-068,category,pending,single labeling; random stratum not yet adjudicated,a12_recovery_rung
AOBv2-REAL-068,image_role,pending,single labeling; random stratum not yet adjudicated,scenario_membership
AOBv2-REAL-068,gauge_value,pending,single labeling; random stratum not yet adjudicated,l1_mae
AOBv2-REAL-068,asset,pending,single labeling; random stratum not yet adjudicated,
AOBv2-REAL-069,gauge_readable,pending,single labeling; random stratum not yet adjudicated,"l1_accuracy_f1,l2_commit_rate"
AOBv2-REAL-069,recommended_action,pending,single labeling; random stratum not yet adjudicated,l3_action_accuracy
AOBv2-REAL-069,category,pending,single labeling; random stratum not yet adjudicated,a12_recovery_rung
AOBv2-REAL-069,image_role,pending,single labeling; random stratum not yet adjudicated,scenario_membership
AOBv2-REAL-069,gauge_value,pending,single labeling; random stratum not yet adjudicated,l1_mae
AOBv2-REAL-069,asset,pending,single labeling; random stratum not yet adjudicated,
AOBv2-REAL-070,gauge_readable,pending,single labeling; random stratum not yet adjudicated,"l1_accuracy_f1,l2_commit_rate"
AOBv2-REAL-070,recommended_action,pending,single labeling; random stratum not yet adjudicated,l3_action_accuracy
AOBv2-REAL-070,category,pending,single labeling; random stratum not yet adjudicated,a12_recovery_rung
AOBv2-REAL-070,image_role,pending,single labeling; random stratum not yet adjudicated,scenario_membership
AOBv2-REAL-070,gauge_value,pending,single labeling; random stratum not yet adjudicated,l1_mae
AOBv2-REAL-070,asset,pending,single labeling; random stratum not yet adjudicated,
AOBv2-REAL-071,gauge_readable,pending,single labeling; random stratum not yet adjudicated,"l1_accuracy_f1,l2_commit_rate"
AOBv2-REAL-071,recommended_action,pending,single labeling; random stratum not yet adjudicated,l3_action_accuracy
AOBv2-REAL-071,category,pending,single labeling; random stratum not yet adjudicated,a12_recovery_rung
AOBv2-REAL-071,image_role,pending,single labeling; random stratum not yet adjudicated,scenario_membership
AOBv2-REAL-071,gauge_value,pending,single labeling; random stratum not yet adjudicated,l1_mae
AOBv2-REAL-071,asset,pending,single labeling; random stratum not yet adjudicated,
AOBv2-REAL-072,gauge_readable,pending,single labeling; random stratum not yet adjudicated,"l1_accuracy_f1,l2_commit_rate"
AOBv2-REAL-072,recommended_action,pending,single labeling; random stratum not yet adjudicated,l3_action_accuracy
AOBv2-REAL-072,category,pending,single labeling; random stratum not yet adjudicated,a12_recovery_rung
AOBv2-REAL-072,image_role,pending,single labeling; random stratum not yet adjudicated,scenario_membership
AOBv2-REAL-072,gauge_value,pending,single labeling; random stratum not yet adjudicated,l1_mae
AOBv2-REAL-072,asset,pending,single labeling; random stratum not yet adjudicated,
AOBv2-REAL-073,gauge_readable,pending,single labeling; random stratum not yet adjudicated,"l1_accuracy_f1,l2_commit_rate"
AOBv2-REAL-073,recommended_action,pending,single labeling; random stratum not yet adjudicated,l3_action_accuracy
AOBv2-REAL-073,category,pending,single labeling; random stratum not yet adjudicated,a12_recovery_rung
AOBv2-REAL-073,image_role,pending,single labeling; random stratum not yet adjudicated,scenario_membership
AOBv2-REAL-073,gauge_value,pending,single labeling; random stratum not yet adjudicated,l1_mae
AOBv2-REAL-073,asset,pending,single labeling; random stratum not yet adjudicated,
AOBv2-REAL-074,gauge_readable,pending,single labeling; random stratum not yet adjudicated,"l1_accuracy_f1,l2_commit_rate"
AOBv2-REAL-074,recommended_action,pending,single labeling; random stratum not yet adjudicated,l3_action_accuracy
AOBv2-REAL-074,category,pending,single labeling; random stratum not yet adjudicated,a12_recovery_rung
AOBv2-REAL-074,image_role,pending,single labeling; random stratum not yet adjudicated,scenario_membership
AOBv2-REAL-074,gauge_value,pending,single labeling; random stratum not yet adjudicated,l1_mae
AOBv2-REAL-074,asset,pending,single labeling; random stratum not yet adjudicated,
AOBv2-REAL-075,gauge_readable,pending,single labeling; random stratum not yet adjudicated,"l1_accuracy_f1,l2_commit_rate"
AOBv2-REAL-075,recommended_action,pending,single labeling; random stratum not yet adjudicated,l3_action_accuracy
AOBv2-REAL-075,category,pending,single labeling; random stratum not yet adjudicated,a12_recovery_rung
AOBv2-REAL-075,image_role,pending,single labeling; random stratum not yet adjudicated,scenario_membership
AOBv2-REAL-075,gauge_value,pending,single labeling; random stratum not yet adjudicated,l1_mae
AOBv2-REAL-075,asset,pending,single labeling; random stratum not yet adjudicated,
AOBv2-REAL-076,gauge_readable,pending,single labeling; random stratum not yet adjudicated,"l1_accuracy_f1,l2_commit_rate"
AOBv2-REAL-076,recommended_action,pending,single labeling; random stratum not yet adjudicated,l3_action_accuracy
AOBv2-REAL-076,category,pending,single labeling; random stratum not yet adjudicated,a12_recovery_rung
AOBv2-REAL-076,image_role,pending,single labeling; random stratum not yet adjudicated,scenario_membership
AOBv2-REAL-076,gauge_value,pending,single labeling; random stratum not yet adjudicated,l1_mae
AOBv2-REAL-076,asset,pending,single labeling; random stratum not yet adjudicated,
AOBv2-REAL-077,gauge_readable,pending,single labeling; random stratum not yet adjudicated,"l1_accuracy_f1,l2_commit_rate"
AOBv2-REAL-077,recommended_action,pending,single labeling; random stratum not yet adjudicated,l3_action_accuracy
AOBv2-REAL-077,category,pending,single labeling; random stratum not yet adjudicated,a12_recovery_rung
AOBv2-REAL-077,image_role,pending,single labeling; random stratum not yet adjudicated,scenario_membership
AOBv2-REAL-077,gauge_value,pending,single labeling; random stratum not yet adjudicated,l1_mae
AOBv2-REAL-077,asset,pending,single labeling; random stratum not yet adjudicated,
AOBv2-REAL-078,gauge_readable,pending,single labeling; random stratum not yet adjudicated,"l1_accuracy_f1,l2_commit_rate"
AOBv2-REAL-078,recommended_action,pending,single labeling; random stratum not yet adjudicated,l3_action_accuracy
AOBv2-REAL-078,category,pending,single labeling; random stratum not yet adjudicated,a12_recovery_rung
AOBv2-REAL-078,image_role,pending,single labeling; random stratum not yet adjudicated,scenario_membership
AOBv2-REAL-078,gauge_value,pending,single labeling; random stratum not yet adjudicated,l1_mae
AOBv2-REAL-078,asset,pending,single labeling; random stratum not yet adjudicated,
AOBv2-REAL-079,gauge_readable,pending,single labeling; random stratum not yet adjudicated,"l1_accuracy_f1,l2_commit_rate"
AOBv2-REAL-079,recommended_action,pending,single labeling; random stratum not yet adjudicated,l3_action_accuracy
AOBv2-REAL-079,category,pending,single labeling; random stratum not yet adjudicated,a12_recovery_rung
AOBv2-REAL-079,image_role,pending,single labeling; random stratum not yet adjudicated,scenario_membership
AOBv2-REAL-079,gauge_value,pending,single labeling; random stratum not yet adjudicated,l1_mae
AOBv2-REAL-079,asset,pending,single labeling; random stratum not yet adjudicated,
AOBv2-REAL-080,gauge_readable,pending,single labeling; random stratum not yet adjudicated,"l1_accuracy_f1,l2_commit_rate"
AOBv2-REAL-080,recommended_action,pending,single labeling; random stratum not yet adjudicated,l3_action_accuracy
AOBv2-REAL-080,category,pending,single labeling; random stratum not yet adjudicated,a12_recovery_rung
AOBv2-REAL-080,image_role,pending,single labeling; random stratum not yet adjudicated,scenario_membership
AOBv2-REAL-080,gauge_value,pending,single labeling; random stratum not yet adjudicated,l1_mae
AOBv2-REAL-080,asset,pending,single labeling; random stratum not yet adjudicated,
AOBv2-REAL-081,gauge_readable,pending,single labeling; random stratum not yet adjudicated,"l1_accuracy_f1,l2_commit_rate"
AOBv2-REAL-081,recommended_action,pending,single labeling; random stratum not yet adjudicated,l3_action_accuracy
AOBv2-REAL-081,category,pending,single labeling; random stratum not yet adjudicated,a12_recovery_rung
AOBv2-REAL-081,image_role,pending,single labeling; random stratum not yet adjudicated,scenario_membership
AOBv2-REAL-081,gauge_value,pending,single labeling; random stratum not yet adjudicated,l1_mae
AOBv2-REAL-081,asset,pending,single labeling; random stratum not yet adjudicated,
AOBv2-REAL-082,gauge_readable,pending,single labeling; random stratum not yet adjudicated,"l1_accuracy_f1,l2_commit_rate"
AOBv2-REAL-082,recommended_action,pending,single labeling; random stratum not yet adjudicated,l3_action_accuracy
AOBv2-REAL-082,category,pending,single labeling; random stratum not yet adjudicated,a12_recovery_rung
AOBv2-REAL-082,image_role,pending,single labeling; random stratum not yet adjudicated,scenario_membership
AOBv2-REAL-082,gauge_value,pending,single labeling; random stratum not yet adjudicated,l1_mae
AOBv2-REAL-082,asset,pending,single labeling; random stratum not yet adjudicated,
AOBv2-REAL-083,gauge_readable,pending,single labeling; random stratum not yet adjudicated,"l1_accuracy_f1,l2_commit_rate"
AOBv2-REAL-083,recommended_action,pending,single labeling; random stratum not yet adjudicated,l3_action_accuracy
AOBv2-REAL-083,category,pending,single labeling; random stratum not yet adjudicated,a12_recovery_rung
AOBv2-REAL-083,image_role,pending,single labeling; random stratum not yet adjudicated,scenario_membership
AOBv2-REAL-083,gauge_value,pending,single labeling; random stratum not yet adjudicated,l1_mae
AOBv2-REAL-083,asset,pending,single labeling; random stratum not yet adjudicated,
AOBv2-REAL-084,gauge_readable,pending,single labeling; random stratum not yet adjudicated,"l1_accuracy_f1,l2_commit_rate"
AOBv2-REAL-084,recommended_action,pending,single labeling; random stratum not yet adjudicated,l3_action_accuracy
AOBv2-REAL-084,category,pending,single labeling; random stratum not yet adjudicated,a12_recovery_rung
AOBv2-REAL-084,image_role,pending,single labeling; random stratum not yet adjudicated,scenario_membership
AOBv2-REAL-084,gauge_value,pending,single labeling; random stratum not yet adjudicated,l1_mae
AOBv2-REAL-084,asset,pending,single labeling; random stratum not yet adjudicated,
AOBv2-REAL-085,gauge_readable,pending,single labeling; random stratum not yet adjudicated,"l1_accuracy_f1,l2_commit_rate"
AOBv2-REAL-085,recommended_action,pending,single labeling; random stratum not yet adjudicated,l3_action_accuracy
AOBv2-REAL-085,category,pending,single labeling; random stratum not yet adjudicated,a12_recovery_rung
AOBv2-REAL-085,image_role,pending,single labeling; random stratum not yet adjudicated,scenario_membership
AOBv2-REAL-085,gauge_value,pending,single labeling; random stratum not yet adjudicated,l1_mae
AOBv2-REAL-085,asset,pending,single labeling; random stratum not yet adjudicated,
AOBv2-REAL-086,gauge_readable,pending,single labeling; random stratum not yet adjudicated,"l1_accuracy_f1,l2_commit_rate"
AOBv2-REAL-086,recommended_action,pending,single labeling; random stratum not yet adjudicated,l3_action_accuracy
AOBv2-REAL-086,category,pending,single labeling; random stratum not yet adjudicated,a12_recovery_rung
AOBv2-REAL-086,image_role,pending,single labeling; random stratum not yet adjudicated,scenario_membership
AOBv2-REAL-086,gauge_value,pending,single labeling; random stratum not yet adjudicated,l1_mae
AOBv2-REAL-086,asset,pending,single labeling; random stratum not yet adjudicated,
AOBv2-REAL-087,gauge_readable,pending,single labeling; random stratum not yet adjudicated,"l1_accuracy_f1,l2_commit_rate"
AOBv2-REAL-087,recommended_action,pending,single labeling; random stratum not yet adjudicated,l3_action_accuracy
AOBv2-REAL-087,category,pending,single labeling; random stratum not yet adjudicated,a12_recovery_rung
AOBv2-REAL-087,image_role,pending,single labeling; random stratum not yet adjudicated,scenario_membership
AOBv2-REAL-087,gauge_value,pending,single labeling; random stratum not yet adjudicated,l1_mae
AOBv2-REAL-087,asset,pending,single labeling; random stratum not yet adjudicated,
AOBv2-REAL-088,gauge_readable,pending,single labeling; random stratum not yet adjudicated,"l1_accuracy_f1,l2_commit_rate"
AOBv2-REAL-088,recommended_action,pending,single labeling; random stratum not yet adjudicated,l3_action_accuracy
AOBv2-REAL-088,category,pending,single labeling; random stratum not yet adjudicated,a12_recovery_rung
AOBv2-REAL-088,image_role,pending,single labeling; random stratum not yet adjudicated,scenario_membership
AOBv2-REAL-088,gauge_value,pending,single labeling; random stratum not yet adjudicated,l1_mae
AOBv2-REAL-088,asset,pending,single labeling; random stratum not yet adjudicated,
AOBv2-REAL-089,gauge_readable,pending,single labeling; random stratum not yet adjudicated,"l1_accuracy_f1,l2_commit_rate"
AOBv2-REAL-089,recommended_action,pending,single labeling; random stratum not yet adjudicated,l3_action_accuracy
AOBv2-REAL-089,category,pending,single labeling; random stratum not yet adjudicated,a12_recovery_rung
AOBv2-REAL-089,image_role,pending,single labeling; random stratum not yet adjudicated,scenario_membership
AOBv2-REAL-089,gauge_value,pending,single labeling; random stratum not yet adjudicated,l1_mae
AOBv2-REAL-089,asset,pending,single labeling; random stratum not yet adjudicated,
AOBv2-REAL-090,gauge_readable,pending,single labeling; random stratum not yet adjudicated,"l1_accuracy_f1,l2_commit_rate"
AOBv2-REAL-090,recommended_action,pending,single labeling; random stratum not yet adjudicated,l3_action_accuracy
AOBv2-REAL-090,category,pending,single labeling; random stratum not yet adjudicated,a12_recovery_rung
AOBv2-REAL-090,image_role,pending,single labeling; random stratum not yet adjudicated,scenario_membership
AOBv2-REAL-090,gauge_value,pending,single labeling; random stratum not yet adjudicated,l1_mae
AOBv2-REAL-090,asset,pending,single labeling; random stratum not yet adjudicated,
AOBv2-REAL-091,gauge_readable,pending,single labeling; random stratum not yet adjudicated,"l1_accuracy_f1,l2_commit_rate"
AOBv2-REAL-091,recommended_action,pending,single labeling; random stratum not yet adjudicated,l3_action_accuracy
AOBv2-REAL-091,category,pending,single labeling; random stratum not yet adjudicated,a12_recovery_rung
AOBv2-REAL-091,image_role,pending,single labeling; random stratum not yet adjudicated,scenario_membership
AOBv2-REAL-091,gauge_value,pending,single labeling; random stratum not yet adjudicated,l1_mae
AOBv2-REAL-091,asset,pending,single labeling; random stratum not yet adjudicated,
AOBv2-REAL-092,gauge_readable,pending,single labeling; random stratum not yet adjudicated,"l1_accuracy_f1,l2_commit_rate"
AOBv2-REAL-092,recommended_action,pending,single labeling; random stratum not yet adjudicated,l3_action_accuracy
AOBv2-REAL-092,category,pending,single labeling; random stratum not yet adjudicated,a12_recovery_rung
AOBv2-REAL-092,image_role,pending,single labeling; random stratum not yet adjudicated,scenario_membership
AOBv2-REAL-092,gauge_value,pending,single labeling; random stratum not yet adjudicated,l1_mae
AOBv2-REAL-092,asset,pending,single labeling; random stratum not yet adjudicated,
AOBv2-REAL-093,gauge_readable,pending,single labeling; random stratum not yet adjudicated,"l1_accuracy_f1,l2_commit_rate"
AOBv2-REAL-093,recommended_action,pending,single labeling; random stratum not yet adjudicated,l3_action_accuracy
AOBv2-REAL-093,category,pending,single labeling; random stratum not yet adjudicated,a12_recovery_rung
AOBv2-REAL-093,image_role,pending,single labeling; random stratum not yet adjudicated,scenario_membership
AOBv2-REAL-093,gauge_value,pending,single labeling; random stratum not yet adjudicated,l1_mae
AOBv2-REAL-093,asset,pending,single labeling; random stratum not yet adjudicated,
AOBv2-REAL-094,gauge_readable,pending,single labeling; random stratum not yet adjudicated,"l1_accuracy_f1,l2_commit_rate"
AOBv2-REAL-094,recommended_action,pending,single labeling; random stratum not yet adjudicated,l3_action_accuracy
AOBv2-REAL-094,category,pending,single labeling; random stratum not yet adjudicated,a12_recovery_rung
AOBv2-REAL-094,image_role,pending,single labeling; random stratum not yet adjudicated,scenario_membership
AOBv2-REAL-094,gauge_value,pending,single labeling; random stratum not yet adjudicated,l1_mae
AOBv2-REAL-094,asset,pending,single labeling; random stratum not yet adjudicated,
AOBv2-REAL-095,gauge_readable,pending,single labeling; random stratum not yet adjudicated,"l1_accuracy_f1,l2_commit_rate"
AOBv2-REAL-095,recommended_action,pending,single labeling; random stratum not yet adjudicated,l3_action_accuracy
AOBv2-REAL-095,category,pending,single labeling; random stratum not yet adjudicated,a12_recovery_rung
AOBv2-REAL-095,image_role,pending,single labeling; random stratum not yet adjudicated,scenario_membership
AOBv2-REAL-095,gauge_value,pending,single labeling; random stratum not yet adjudicated,l1_mae
AOBv2-REAL-095,asset,pending,single labeling; random stratum not yet adjudicated,
AOBv2-REAL-096,gauge_readable,pending,single labeling; random stratum not yet adjudicated,"l1_accuracy_f1,l2_commit_rate"
AOBv2-REAL-096,recommended_action,pending,single labeling; random stratum not yet adjudicated,l3_action_accuracy
AOBv2-REAL-096,category,pending,single labeling; random stratum not yet adjudicated,a12_recovery_rung
AOBv2-REAL-096,image_role,pending,single labeling; random stratum not yet adjudicated,scenario_membership
AOBv2-REAL-096,gauge_value,pending,single labeling; random stratum not yet adjudicated,l1_mae
AOBv2-REAL-096,asset,pending,single labeling; random stratum not yet adjudicated,
AOBv2-REAL-097,gauge_readable,pending,single labeling; random stratum not yet adjudicated,"l1_accuracy_f1,l2_commit_rate"
AOBv2-REAL-097,recommended_action,pending,single labeling; random stratum not yet adjudicated,l3_action_accuracy
AOBv2-REAL-097,category,pending,single labeling; random stratum not yet adjudicated,a12_recovery_rung
AOBv2-REAL-097,image_role,pending,single labeling; random stratum not yet adjudicated,scenario_membership
AOBv2-REAL-097,gauge_value,pending,single labeling; random stratum not yet adjudicated,l1_mae
AOBv2-REAL-097,asset,pending,single labeling; random stratum not yet adjudicated,
AOBv2-REAL-098,gauge_readable,pending,single labeling; random stratum not yet adjudicated,"l1_accuracy_f1,l2_commit_rate"
AOBv2-REAL-098,recommended_action,pending,single labeling; random stratum not yet adjudicated,l3_action_accuracy
AOBv2-REAL-098,category,pending,single labeling; random stratum not yet adjudicated,a12_recovery_rung
AOBv2-REAL-098,image_role,pending,single labeling; random stratum not yet adjudicated,scenario_membership
AOBv2-REAL-098,gauge_value,pending,single labeling; random stratum not yet adjudicated,l1_mae
AOBv2-REAL-098,asset,pending,single labeling; random stratum not yet adjudicated,
AOBv2-REAL-099,gauge_readable,pending,single labeling; random stratum not yet adjudicated,"l1_accuracy_f1,l2_commit_rate"
AOBv2-REAL-099,recommended_action,pending,single labeling; random stratum not yet adjudicated,l3_action_accuracy
AOBv2-REAL-099,category,pending,single labeling; random stratum not yet adjudicated,a12_recovery_rung
AOBv2-REAL-099,image_role,pending,single labeling; random stratum not yet adjudicated,scenario_membership
AOBv2-REAL-099,gauge_value,pending,single labeling; random stratum not yet adjudicated,l1_mae
AOBv2-REAL-099,asset,pending,single labeling; random stratum not yet adjudicated,
AOBv2-REAL-100,gauge_readable,pending,single labeling; random stratum not yet adjudicated,"l1_accuracy_f1,l2_commit_rate"
AOBv2-REAL-100,recommended_action,pending,single labeling; random stratum not yet adjudicated,l3_action_accuracy
AOBv2-REAL-100,category,pending,single labeling; random stratum not yet adjudicated,a12_recovery_rung
AOBv2-REAL-100,image_role,pending,single labeling; random stratum not yet adjudicated,scenario_membership
AOBv2-REAL-100,gauge_value,pending,single labeling; random stratum not yet adjudicated,l1_mae
AOBv2-REAL-100,asset,pending,single labeling; random stratum not yet adjudicated,
AOBv2-REAL-1000,gauge_readable,pending,single labeling; random stratum not yet adjudicated,"l1_accuracy_f1,l2_commit_rate"
AOBv2-REAL-1000,recommended_action,pending,single labeling; random stratum not yet adjudicated,l3_action_accuracy
AOBv2-REAL-1000,category,pending,single labeling; random stratum not yet adjudicated,a12_recovery_rung
AOBv2-REAL-1000,image_role,pending,single labeling; random stratum not yet adjudicated,scenario_membership
AOBv2-REAL-1000,gauge_value,pending,single labeling; random stratum not yet adjudicated,l1_mae
AOBv2-REAL-1000,asset,pending,single labeling; random stratum not yet adjudicated,
AOBv2-REAL-1001,gauge_readable,pending,single labeling; random stratum not yet adjudicated,"l1_accuracy_f1,l2_commit_rate"
AOBv2-REAL-1001,recommended_action,pending,single labeling; random stratum not yet adjudicated,l3_action_accuracy
AOBv2-REAL-1001,category,pending,single labeling; random stratum not yet adjudicated,a12_recovery_rung
AOBv2-REAL-1001,image_role,pending,single labeling; random stratum not yet adjudicated,scenario_membership
AOBv2-REAL-1001,gauge_value,pending,single labeling; random stratum not yet adjudicated,l1_mae
AOBv2-REAL-1001,asset,pending,single labeling; random stratum not yet adjudicated,
AOBv2-REAL-1002,gauge_readable,pending,single labeling; random stratum not yet adjudicated,"l1_accuracy_f1,l2_commit_rate"
AOBv2-REAL-1002,recommended_action,pending,single labeling; random stratum not yet adjudicated,l3_action_accuracy
AOBv2-REAL-1002,category,pending,single labeling; random stratum not yet adjudicated,a12_recovery_rung
AOBv2-REAL-1002,image_role,pending,single labeling; random stratum not yet adjudicated,scenario_membership
AOBv2-REAL-1002,gauge_value,pending,single labeling; random stratum not yet adjudicated,l1_mae
AOBv2-REAL-1002,asset,pending,single labeling; random stratum not yet adjudicated,
AOBv2-REAL-1003,gauge_readable,pending,single labeling; random stratum not yet adjudicated,"l1_accuracy_f1,l2_commit_rate"
AOBv2-REAL-1003,recommended_action,pending,single labeling; random stratum not yet adjudicated,l3_action_accuracy
AOBv2-REAL-1003,category,pending,single labeling; random stratum not yet adjudicated,a12_recovery_rung
AOBv2-REAL-1003,image_role,pending,single labeling; random stratum not yet adjudicated,scenario_membership
AOBv2-REAL-1003,gauge_value,pending,single labeling; random stratum not yet adjudicated,l1_mae
AOBv2-REAL-1003,asset,pending,single labeling; random stratum not yet adjudicated,
AOBv2-REAL-1004,gauge_readable,pending,single labeling; random stratum not yet adjudicated,"l1_accuracy_f1,l2_commit_rate"
AOBv2-REAL-1004,recommended_action,pending,single labeling; random stratum not yet adjudicated,l3_action_accuracy
AOBv2-REAL-1004,category,pending,single labeling; random stratum not yet adjudicated,a12_recovery_rung
AOBv2-REAL-1004,image_role,pending,single labeling; random stratum not yet adjudicated,scenario_membership
AOBv2-REAL-1004,gauge_value,pending,single labeling; random stratum not yet adjudicated,l1_mae
AOBv2-REAL-1004,asset,pending,single labeling; random stratum not yet adjudicated,
AOBv2-REAL-1005,gauge_readable,pending,single labeling; random stratum not yet adjudicated,"l1_accuracy_f1,l2_commit_rate"
AOBv2-REAL-1005,recommended_action,pending,single labeling; random stratum not yet adjudicated,l3_action_accuracy
AOBv2-REAL-1005,category,pending,single labeling; random stratum not yet adjudicated,a12_recovery_rung
AOBv2-REAL-1005,image_role,pending,single labeling; random stratum not yet adjudicated,scenario_membership
AOBv2-REAL-1005,gauge_value,pending,single labeling; random stratum not yet adjudicated,l1_mae
AOBv2-REAL-1005,asset,pending,single labeling; random stratum not yet adjudicated,
AOBv2-REAL-1006,gauge_readable,pending,single labeling; random stratum not yet adjudicated,"l1_accuracy_f1,l2_commit_rate"
AOBv2-REAL-1006,recommended_action,pending,single labeling; random stratum not yet adjudicated,l3_action_accuracy
AOBv2-REAL-1006,category,pending,single labeling; random stratum not yet adjudicated,a12_recovery_rung
AOBv2-REAL-1006,image_role,pending,single labeling; random stratum not yet adjudicated,scenario_membership
AOBv2-REAL-1006,gauge_value,pending,single labeling; random stratum not yet adjudicated,l1_mae
AOBv2-REAL-1006,asset,pending,single labeling; random stratum not yet adjudicated,
AOBv2-REAL-1007,gauge_readable,pending,single labeling; random stratum not yet adjudicated,"l1_accuracy_f1,l2_commit_rate"
AOBv2-REAL-1007,recommended_action,pending,single labeling; random stratum not yet adjudicated,l3_action_accuracy
AOBv2-REAL-1007,category,pending,single labeling; random stratum not yet adjudicated,a12_recovery_rung
AOBv2-REAL-1007,image_role,pending,single labeling; random stratum not yet adjudicated,scenario_membership
AOBv2-REAL-1007,gauge_value,pending,single labeling; random stratum not yet adjudicated,l1_mae
AOBv2-REAL-1007,asset,pending,single labeling; random stratum not yet adjudicated,
AOBv2-REAL-1008,gauge_readable,pending,single labeling; random stratum not yet adjudicated,"l1_accuracy_f1,l2_commit_rate"
AOBv2-REAL-1008,recommended_action,pending,single labeling; random stratum not yet adjudicated,l3_action_accuracy
AOBv2-REAL-1008,category,pending,single labeling; random stratum not yet adjudicated,a12_recovery_rung
AOBv2-REAL-1008,image_role,pending,single labeling; random stratum not yet adjudicated,scenario_membership
AOBv2-REAL-1008,gauge_value,pending,single labeling; random stratum not yet adjudicated,l1_mae
AOBv2-REAL-1008,asset,pending,single labeling; random stratum not yet adjudicated,
AOBv2-REAL-1009,gauge_readable,pending,single labeling; random stratum not yet adjudicated,"l1_accuracy_f1,l2_commit_rate"
AOBv2-REAL-1009,recommended_action,pending,single labeling; random stratum not yet adjudicated,l3_action_accuracy
AOBv2-REAL-1009,category,pending,single labeling; random stratum not yet adjudicated,a12_recovery_rung
AOBv2-REAL-1009,image_role,pending,single labeling; random stratum not yet adjudicated,scenario_membership
AOBv2-REAL-1009,gauge_value,pending,single labeling; random stratum not yet adjudicated,l1_mae
AOBv2-REAL-1009,asset,pending,single labeling; random stratum not yet adjudicated,
AOBv2-REAL-101,gauge_readable,pending,single labeling; random stratum not yet adjudicated,"l1_accuracy_f1,l2_commit_rate"
AOBv2-REAL-101,recommended_action,pending,single labeling; random stratum not yet adjudicated,l3_action_accuracy
AOBv2-REAL-101,category,pending,single labeling; random stratum not yet adjudicated,a12_recovery_rung
AOBv2-REAL-101,image_role,pending,single labeling; random stratum not yet adjudicated,scenario_membership
AOBv2-REAL-101,gauge_value,pending,single labeling; random stratum not yet adjudicated,l1_mae
AOBv2-REAL-101,asset,pending,single labeling; random stratum not yet adjudicated,
AOBv2-REAL-1010,gauge_readable,pending,single labeling; random stratum not yet adjudicated,"l1_accuracy_f1,l2_commit_rate"
AOBv2-REAL-1010,recommended_action,pending,single labeling; random stratum not yet adjudicated,l3_action_accuracy
AOBv2-REAL-1010,category,pending,single labeling; random stratum not yet adjudicated,a12_recovery_rung
AOBv2-REAL-1010,image_role,pending,single labeling; random stratum not yet adjudicated,scenario_membership
AOBv2-REAL-1010,gauge_value,pending,single labeling; random stratum not yet adjudicated,l1_mae
AOBv2-REAL-1010,asset,pending,single labeling; random stratum not yet adjudicated,
AOBv2-REAL-1011,gauge_readable,pending,single labeling; random stratum not yet adjudicated,"l1_accuracy_f1,l2_commit_rate"
AOBv2-REAL-1011,recommended_action,pending,single labeling; random stratum not yet adjudicated,l3_action_accuracy
AOBv2-REAL-1011,category,pending,single labeling; random stratum not yet adjudicated,a12_recovery_rung
AOBv2-REAL-1011,image_role,pending,single labeling; random stratum not yet adjudicated,scenario_membership
AOBv2-REAL-1011,gauge_value,pending,single labeling; random stratum not yet adjudicated,l1_mae
AOBv2-REAL-1011,asset,pending,single labeling; random stratum not yet adjudicated,
AOBv2-REAL-1012,gauge_readable,pending,single labeling; random stratum not yet adjudicated,"l1_accuracy_f1,l2_commit_rate"
AOBv2-REAL-1012,recommended_action,pending,single labeling; random stratum not yet adjudicated,l3_action_accuracy
AOBv2-REAL-1012,category,pending,single labeling; random stratum not yet adjudicated,a12_recovery_rung
AOBv2-REAL-1012,image_role,pending,single labeling; random stratum not yet adjudicated,scenario_membership
AOBv2-REAL-1012,gauge_value,pending,single labeling; random stratum not yet adjudicated,l1_mae
AOBv2-REAL-1012,asset,pending,single labeling; random stratum not yet adjudicated,
AOBv2-REAL-1013,gauge_readable,pending,single labeling; random stratum not yet adjudicated,"l1_accuracy_f1,l2_commit_rate"
AOBv2-REAL-1013,recommended_action,pending,single labeling; random stratum not yet adjudicated,l3_action_accuracy
AOBv2-REAL-1013,category,pending,single labeling; random stratum not yet adjudicated,a12_recovery_rung
AOBv2-REAL-1013,image_role,pending,single labeling; random stratum not yet adjudicated,scenario_membership
AOBv2-REAL-1013,gauge_value,pending,single labeling; random stratum not yet adjudicated,l1_mae
AOBv2-REAL-1013,asset,pending,single labeling; random stratum not yet adjudicated,
AOBv2-REAL-1014,gauge_readable,pending,single labeling; random stratum not yet adjudicated,"l1_accuracy_f1,l2_commit_rate"
AOBv2-REAL-1014,recommended_action,pending,single labeling; random stratum not yet adjudicated,l3_action_accuracy
AOBv2-REAL-1014,category,pending,single labeling; random stratum not yet adjudicated,a12_recovery_rung
AOBv2-REAL-1014,image_role,pending,single labeling; random stratum not yet adjudicated,scenario_membership
AOBv2-REAL-1014,gauge_value,pending,single labeling; random stratum not yet adjudicated,l1_mae
AOBv2-REAL-1014,asset,pending,single labeling; random stratum not yet adjudicated,
AOBv2-REAL-1015,gauge_readable,pending,single labeling; random stratum not yet adjudicated,"l1_accuracy_f1,l2_commit_rate"
AOBv2-REAL-1015,recommended_action,pending,single labeling; random stratum not yet adjudicated,l3_action_accuracy
AOBv2-REAL-1015,category,pending,single labeling; random stratum not yet adjudicated,a12_recovery_rung
AOBv2-REAL-1015,image_role,pending,single labeling; random stratum not yet adjudicated,scenario_membership
AOBv2-REAL-1015,gauge_value,pending,single labeling; random stratum not yet adjudicated,l1_mae
AOBv2-REAL-1015,asset,pending,single labeling; random stratum not yet adjudicated,
AOBv2-REAL-1016,gauge_readable,pending,single labeling; random stratum not yet adjudicated,"l1_accuracy_f1,l2_commit_rate"
AOBv2-REAL-1016,recommended_action,pending,single labeling; random stratum not yet adjudicated,l3_action_accuracy
AOBv2-REAL-1016,category,pending,single labeling; random stratum not yet adjudicated,a12_recovery_rung
AOBv2-REAL-1016,image_role,pending,single labeling; random stratum not yet adjudicated,scenario_membership
AOBv2-REAL-1016,gauge_value,pending,single labeling; random stratum not yet adjudicated,l1_mae
AOBv2-REAL-1016,asset,pending,single labeling; random stratum not yet adjudicated,
AOBv2-REAL-1017,gauge_readable,pending,single labeling; random stratum not yet adjudicated,"l1_accuracy_f1,l2_commit_rate"
AOBv2-REAL-1017,recommended_action,pending,single labeling; random stratum not yet adjudicated,l3_action_accuracy
AOBv2-REAL-1017,category,pending,single labeling; random stratum not yet adjudicated,a12_recovery_rung
AOBv2-REAL-1017,image_role,pending,single labeling; random stratum not yet adjudicated,scenario_membership
AOBv2-REAL-1017,gauge_value,pending,single labeling; random stratum not yet adjudicated,l1_mae
AOBv2-REAL-1017,asset,pending,single labeling; random stratum not yet adjudicated,
AOBv2-REAL-1018,gauge_readable,pending,single labeling; random stratum not yet adjudicated,"l1_accuracy_f1,l2_commit_rate"
AOBv2-REAL-1018,recommended_action,pending,single labeling; random stratum not yet adjudicated,l3_action_accuracy
AOBv2-REAL-1018,category,pending,single labeling; random stratum not yet adjudicated,a12_recovery_rung
AOBv2-REAL-1018,image_role,pending,single labeling; random stratum not yet adjudicated,scenario_membership
AOBv2-REAL-1018,gauge_value,pending,single labeling; random stratum not yet adjudicated,l1_mae
AOBv2-REAL-1018,asset,pending,single labeling; random stratum not yet adjudicated,
AOBv2-REAL-1019,gauge_readable,pending,single labeling; random stratum not yet adjudicated,"l1_accuracy_f1,l2_commit_rate"
AOBv2-REAL-1019,recommended_action,pending,single labeling; random stratum not yet adjudicated,l3_action_accuracy
AOBv2-REAL-1019,category,pending,single labeling; random stratum not yet adjudicated,a12_recovery_rung
AOBv2-REAL-1019,image_role,pending,single labeling; random stratum not yet adjudicated,scenario_membership
AOBv2-REAL-1019,gauge_value,pending,single labeling; random stratum not yet adjudicated,l1_mae
AOBv2-REAL-1019,asset,pending,single labeling; random stratum not yet adjudicated,
AOBv2-REAL-102,gauge_readable,pending,single labeling; random stratum not yet adjudicated,"l1_accuracy_f1,l2_commit_rate"
AOBv2-REAL-102,recommended_action,pending,single labeling; random stratum not yet adjudicated,l3_action_accuracy
AOBv2-REAL-102,category,pending,single labeling; random stratum not yet adjudicated,a12_recovery_rung
AOBv2-REAL-102,image_role,pending,single labeling; random stratum not yet adjudicated,scenario_membership
AOBv2-REAL-102,gauge_value,pending,single labeling; random stratum not yet adjudicated,l1_mae
AOBv2-REAL-102,asset,pending,single labeling; random stratum not yet adjudicated,
AOBv2-REAL-1020,gauge_readable,pending,single labeling; random stratum not yet adjudicated,"l1_accuracy_f1,l2_commit_rate"
AOBv2-REAL-1020,recommended_action,pending,single labeling; random stratum not yet adjudicated,l3_action_accuracy
AOBv2-REAL-1020,category,pending,single labeling; random stratum not yet adjudicated,a12_recovery_rung
AOBv2-REAL-1020,image_role,pending,single labeling; random stratum not yet adjudicated,scenario_membership
AOBv2-REAL-1020,gauge_value,pending,single labeling; random stratum not yet adjudicated,l1_mae
AOBv2-REAL-1020,asset,pending,single labeling; random stratum not yet adjudicated,
AOBv2-REAL-1021,gauge_readable,pending,single labeling; random stratum not yet adjudicated,"l1_accuracy_f1,l2_commit_rate"
AOBv2-REAL-1021,recommended_action,pending,single labeling; random stratum not yet adjudicated,l3_action_accuracy
AOBv2-REAL-1021,category,pending,single labeling; random stratum not yet adjudicated,a12_recovery_rung
AOBv2-REAL-1021,image_role,pending,single labeling; random stratum not yet adjudicated,scenario_membership
AOBv2-REAL-1021,gauge_value,pending,single labeling; random stratum not yet adjudicated,l1_mae
AOBv2-REAL-1021,asset,pending,single labeling; random stratum not yet adjudicated,
AOBv2-REAL-1022,gauge_readable,pending,single labeling; random stratum not yet adjudicated,"l1_accuracy_f1,l2_commit_rate"
AOBv2-REAL-1022,recommended_action,pending,single labeling; random stratum not yet adjudicated,l3_action_accuracy
AOBv2-REAL-1022,category,pending,single labeling; random stratum not yet adjudicated,a12_recovery_rung
AOBv2-REAL-1022,image_role,pending,single labeling; random stratum not yet adjudicated,scenario_membership
AOBv2-REAL-1022,gauge_value,pending,single labeling; random stratum not yet adjudicated,l1_mae
AOBv2-REAL-1022,asset,pending,single labeling; random stratum not yet adjudicated,
AOBv2-REAL-1023,gauge_readable,pending,single labeling; random stratum not yet adjudicated,"l1_accuracy_f1,l2_commit_rate"
AOBv2-REAL-1023,recommended_action,pending,single labeling; random stratum not yet adjudicated,l3_action_accuracy
AOBv2-REAL-1023,category,pending,single labeling; random stratum not yet adjudicated,a12_recovery_rung
AOBv2-REAL-1023,image_role,pending,single labeling; random stratum not yet adjudicated,scenario_membership
AOBv2-REAL-1023,gauge_value,pending,single labeling; random stratum not yet adjudicated,l1_mae
AOBv2-REAL-1023,asset,pending,single labeling; random stratum not yet adjudicated,
AOBv2-REAL-1024,gauge_readable,pending,single labeling; random stratum not yet adjudicated,"l1_accuracy_f1,l2_commit_rate"
AOBv2-REAL-1024,recommended_action,pending,single labeling; random stratum not yet adjudicated,l3_action_accuracy
AOBv2-REAL-1024,category,pending,single labeling; random stratum not yet adjudicated,a12_recovery_rung
AOBv2-REAL-1024,image_role,pending,single labeling; random stratum not yet adjudicated,scenario_membership
AOBv2-REAL-1024,gauge_value,pending,single labeling; random stratum not yet adjudicated,l1_mae
AOBv2-REAL-1024,asset,pending,single labeling; random stratum not yet adjudicated,
AOBv2-REAL-1025,gauge_readable,pending,single labeling; random stratum not yet adjudicated,"l1_accuracy_f1,l2_commit_rate"
AOBv2-REAL-1025,recommended_action,pending,single labeling; random stratum not yet adjudicated,l3_action_accuracy
AOBv2-REAL-1025,category,pending,single labeling; random stratum not yet adjudicated,a12_recovery_rung
AOBv2-REAL-1025,image_role,pending,single labeling; random stratum not yet adjudicated,scenario_membership
AOBv2-REAL-1025,gauge_value,pending,single labeling; random stratum not yet adjudicated,l1_mae
AOBv2-REAL-1025,asset,pending,single labeling; random stratum not yet adjudicated,
AOBv2-REAL-1026,gauge_readable,pending,single labeling; random stratum not yet adjudicated,"l1_accuracy_f1,l2_commit_rate"
AOBv2-REAL-1026,recommended_action,pending,single labeling; random stratum not yet adjudicated,l3_action_accuracy
AOBv2-REAL-1026,category,pending,single labeling; random stratum not yet adjudicated,a12_recovery_rung
AOBv2-REAL-1026,image_role,pending,single labeling; random stratum not yet adjudicated,scenario_membership
AOBv2-REAL-1026,gauge_value,pending,single labeling; random stratum not yet adjudicated,l1_mae
AOBv2-REAL-1026,asset,pending,single labeling; random stratum not yet adjudicated,
AOBv2-REAL-1027,gauge_readable,pending,single labeling; random stratum not yet adjudicated,"l1_accuracy_f1,l2_commit_rate"
AOBv2-REAL-1027,recommended_action,pending,single labeling; random stratum not yet adjudicated,l3_action_accuracy
AOBv2-REAL-1027,category,pending,single labeling; random stratum not yet adjudicated,a12_recovery_rung
AOBv2-REAL-1027,image_role,pending,single labeling; random stratum not yet adjudicated,scenario_membership
AOBv2-REAL-1027,gauge_value,pending,single labeling; random stratum not yet adjudicated,l1_mae
AOBv2-REAL-1027,asset,pending,single labeling; random stratum not yet adjudicated,
AOBv2-REAL-1028,gauge_readable,pending,single labeling; random stratum not yet adjudicated,"l1_accuracy_f1,l2_commit_rate"
AOBv2-REAL-1028,recommended_action,pending,single labeling; random stratum not yet adjudicated,l3_action_accuracy
AOBv2-REAL-1028,category,pending,single labeling; random stratum not yet adjudicated,a12_recovery_rung
AOBv2-REAL-1028,image_role,pending,single labeling; random stratum not yet adjudicated,scenario_membership
AOBv2-REAL-1028,gauge_value,pending,single labeling; random stratum not yet adjudicated,l1_mae
AOBv2-REAL-1028,asset,pending,single labeling; random stratum not yet adjudicated,
AOBv2-REAL-1029,gauge_readable,pending,single labeling; random stratum not yet adjudicated,"l1_accuracy_f1,l2_commit_rate"
AOBv2-REAL-1029,recommended_action,pending,single labeling; random stratum not yet adjudicated,l3_action_accuracy
AOBv2-REAL-1029,category,pending,single labeling; random stratum not yet adjudicated,a12_recovery_rung
AOBv2-REAL-1029,image_role,pending,single labeling; random stratum not yet adjudicated,scenario_membership
AOBv2-REAL-1029,gauge_value,pending,single labeling; random stratum not yet adjudicated,l1_mae
AOBv2-REAL-1029,asset,pending,single labeling; random stratum not yet adjudicated,
AOBv2-REAL-103,gauge_readable,pending,single labeling; random stratum not yet adjudicated,"l1_accuracy_f1,l2_commit_rate"
AOBv2-REAL-103,recommended_action,pending,single labeling; random stratum not yet adjudicated,l3_action_accuracy
AOBv2-REAL-103,category,pending,single labeling; random stratum not yet adjudicated,a12_recovery_rung
AOBv2-REAL-103,image_role,pending,single labeling; random stratum not yet adjudicated,scenario_membership
AOBv2-REAL-103,gauge_value,pending,single labeling; random stratum not yet adjudicated,l1_mae
AOBv2-REAL-103,asset,pending,single labeling; random stratum not yet adjudicated,
AOBv2-REAL-1030,gauge_readable,pending,single labeling; random stratum not yet adjudicated,"l1_accuracy_f1,l2_commit_rate"
AOBv2-REAL-1030,recommended_action,pending,single labeling; random stratum not yet adjudicated,l3_action_accuracy
AOBv2-REAL-1030,category,pending,single labeling; random stratum not yet adjudicated,a12_recovery_rung
AOBv2-REAL-1030,image_role,pending,single labeling; random stratum not yet adjudicated,scenario_membership
AOBv2-REAL-1030,gauge_value,pending,single labeling; random stratum not yet adjudicated,l1_mae
AOBv2-REAL-1030,asset,pending,single labeling; random stratum not yet adjudicated,
AOBv2-REAL-1031,gauge_readable,pending,single labeling; random stratum not yet adjudicated,"l1_accuracy_f1,l2_commit_rate"
AOBv2-REAL-1031,recommended_action,pending,single labeling; random stratum not yet adjudicated,l3_action_accuracy
AOBv2-REAL-1031,category,pending,single labeling; random stratum not yet adjudicated,a12_recovery_rung
AOBv2-REAL-1031,image_role,pending,single labeling; random stratum not yet adjudicated,scenario_membership
AOBv2-REAL-1031,gauge_value,pending,single labeling; random stratum not yet adjudicated,l1_mae
AOBv2-REAL-1031,asset,pending,single labeling; random stratum not yet adjudicated,
AOBv2-REAL-1032,gauge_readable,pending,single labeling; random stratum not yet adjudicated,"l1_accuracy_f1,l2_commit_rate"
AOBv2-REAL-1032,recommended_action,pending,single labeling; random stratum not yet adjudicated,l3_action_accuracy
AOBv2-REAL-1032,category,pending,single labeling; random stratum not yet adjudicated,a12_recovery_rung
AOBv2-REAL-1032,image_role,pending,single labeling; random stratum not yet adjudicated,scenario_membership
AOBv2-REAL-1032,gauge_value,pending,single labeling; random stratum not yet adjudicated,l1_mae
AOBv2-REAL-1032,asset,pending,single labeling; random stratum not yet adjudicated,
AOBv2-REAL-1033,gauge_readable,pending,single labeling; random stratum not yet adjudicated,"l1_accuracy_f1,l2_commit_rate"
AOBv2-REAL-1033,recommended_action,pending,single labeling; random stratum not yet adjudicated,l3_action_accuracy
AOBv2-REAL-1033,category,pending,single labeling; random stratum not yet adjudicated,a12_recovery_rung
AOBv2-REAL-1033,image_role,pending,single labeling; random stratum not yet adjudicated,scenario_membership
AOBv2-REAL-1033,gauge_value,pending,single labeling; random stratum not yet adjudicated,l1_mae
AOBv2-REAL-1033,asset,pending,single labeling; random stratum not yet adjudicated,
AOBv2-REAL-1034,gauge_readable,pending,single labeling; random stratum not yet adjudicated,"l1_accuracy_f1,l2_commit_rate"
AOBv2-REAL-1034,recommended_action,pending,single labeling; random stratum not yet adjudicated,l3_action_accuracy
AOBv2-REAL-1034,category,pending,single labeling; random stratum not yet adjudicated,a12_recovery_rung
AOBv2-REAL-1034,image_role,pending,single labeling; random stratum not yet adjudicated,scenario_membership
AOBv2-REAL-1034,gauge_value,pending,single labeling; random stratum not yet adjudicated,l1_mae
AOBv2-REAL-1034,asset,pending,single labeling; random stratum not yet adjudicated,
AOBv2-REAL-1035,gauge_readable,pending,single labeling; random stratum not yet adjudicated,"l1_accuracy_f1,l2_commit_rate"
AOBv2-REAL-1035,recommended_action,pending,single labeling; random stratum not yet adjudicated,l3_action_accuracy
AOBv2-REAL-1035,category,pending,single labeling; random stratum not yet adjudicated,a12_recovery_rung
AOBv2-REAL-1035,image_role,pending,single labeling; random stratum not yet adjudicated,scenario_membership
AOBv2-REAL-1035,gauge_value,pending,single labeling; random stratum not yet adjudicated,l1_mae
AOBv2-REAL-1035,asset,pending,single labeling; random stratum not yet adjudicated,
AOBv2-REAL-1036,gauge_readable,pending,single labeling; random stratum not yet adjudicated,"l1_accuracy_f1,l2_commit_rate"
AOBv2-REAL-1036,recommended_action,pending,single labeling; random stratum not yet adjudicated,l3_action_accuracy
AOBv2-REAL-1036,category,pending,single labeling; random stratum not yet adjudicated,a12_recovery_rung
AOBv2-REAL-1036,image_role,pending,single labeling; random stratum not yet adjudicated,scenario_membership
AOBv2-REAL-1036,gauge_value,pending,single labeling; random stratum not yet adjudicated,l1_mae
AOBv2-REAL-1036,asset,pending,single labeling; random stratum not yet adjudicated,
AOBv2-REAL-1037,gauge_readable,pending,single labeling; random stratum not yet adjudicated,"l1_accuracy_f1,l2_commit_rate"
AOBv2-REAL-1037,recommended_action,pending,single labeling; random stratum not yet adjudicated,l3_action_accuracy
AOBv2-REAL-1037,category,pending,single labeling; random stratum not yet adjudicated,a12_recovery_rung
AOBv2-REAL-1037,image_role,pending,single labeling; random stratum not yet adjudicated,scenario_membership
AOBv2-REAL-1037,gauge_value,pending,single labeling; random stratum not yet adjudicated,l1_mae
AOBv2-REAL-1037,asset,pending,single labeling; random stratum not yet adjudicated,
AOBv2-REAL-1038,gauge_readable,pending,single labeling; random stratum not yet adjudicated,"l1_accuracy_f1,l2_commit_rate"
AOBv2-REAL-1038,recommended_action,pending,single labeling; random stratum not yet adjudicated,l3_action_accuracy
AOBv2-REAL-1038,category,pending,single labeling; random stratum not yet adjudicated,a12_recovery_rung
AOBv2-REAL-1038,image_role,pending,single labeling; random stratum not yet adjudicated,scenario_membership
AOBv2-REAL-1038,gauge_value,pending,single labeling; random stratum not yet adjudicated,l1_mae
AOBv2-REAL-1038,asset,pending,single labeling; random stratum not yet adjudicated,
AOBv2-REAL-1039,gauge_readable,pending,single labeling; random stratum not yet adjudicated,"l1_accuracy_f1,l2_commit_rate"
AOBv2-REAL-1039,recommended_action,pending,single labeling; random stratum not yet adjudicated,l3_action_accuracy
AOBv2-REAL-1039,category,pending,single labeling; random stratum not yet adjudicated,a12_recovery_rung
AOBv2-REAL-1039,image_role,pending,single labeling; random stratum not yet adjudicated,scenario_membership
AOBv2-REAL-1039,gauge_value,pending,single labeling; random stratum not yet adjudicated,l1_mae
AOBv2-REAL-1039,asset,pending,single labeling; random stratum not yet adjudicated,
AOBv2-REAL-104,gauge_readable,pending,single labeling; random stratum not yet adjudicated,"l1_accuracy_f1,l2_commit_rate"
AOBv2-REAL-104,recommended_action,pending,single labeling; random stratum not yet adjudicated,l3_action_accuracy
AOBv2-REAL-104,category,pending,single labeling; random stratum not yet adjudicated,a12_recovery_rung
AOBv2-REAL-104,image_role,pending,single labeling; random stratum not yet adjudicated,scenario_membership
AOBv2-REAL-104,gauge_value,pending,single labeling; random stratum not yet adjudicated,l1_mae
AOBv2-REAL-104,asset,pending,single labeling; random stratum not yet adjudicated,
AOBv2-REAL-1040,gauge_readable,pending,single labeling; random stratum not yet adjudicated,"l1_accuracy_f1,l2_commit_rate"
AOBv2-REAL-1040,recommended_action,pending,single labeling; random stratum not yet adjudicated,l3_action_accuracy
AOBv2-REAL-1040,category,pending,single labeling; random stratum not yet adjudicated,a12_recovery_rung
AOBv2-REAL-1040,image_role,pending,single labeling; random stratum not yet adjudicated,scenario_membership
AOBv2-REAL-1040,gauge_value,pending,single labeling; random stratum not yet adjudicated,l1_mae
AOBv2-REAL-1040,asset,pending,single labeling; random stratum not yet adjudicated,
AOBv2-REAL-1041,gauge_readable,pending,single labeling; random stratum not yet adjudicated,"l1_accuracy_f1,l2_commit_rate"
AOBv2-REAL-1041,recommended_action,pending,single labeling; random stratum not yet adjudicated,l3_action_accuracy
AOBv2-REAL-1041,category,pending,single labeling; random stratum not yet adjudicated,a12_recovery_rung
AOBv2-REAL-1041,image_role,pending,single labeling; random stratum not yet adjudicated,scenario_membership
AOBv2-REAL-1041,gauge_value,pending,single labeling; random stratum not yet adjudicated,l1_mae
AOBv2-REAL-1041,asset,pending,single labeling; random stratum not yet adjudicated,
AOBv2-REAL-1042,gauge_readable,pending,single labeling; random stratum not yet adjudicated,"l1_accuracy_f1,l2_commit_rate"
AOBv2-REAL-1042,recommended_action,pending,single labeling; random stratum not yet adjudicated,l3_action_accuracy
AOBv2-REAL-1042,category,pending,single labeling; random stratum not yet adjudicated,a12_recovery_rung
AOBv2-REAL-1042,image_role,pending,single labeling; random stratum not yet adjudicated,scenario_membership
AOBv2-REAL-1042,gauge_value,pending,single labeling; random stratum not yet adjudicated,l1_mae
AOBv2-REAL-1042,asset,pending,single labeling; random stratum not yet adjudicated,
AOBv2-REAL-1043,gauge_readable,pending,single labeling; random stratum not yet adjudicated,"l1_accuracy_f1,l2_commit_rate"
AOBv2-REAL-1043,recommended_action,pending,single labeling; random stratum not yet adjudicated,l3_action_accuracy
AOBv2-REAL-1043,category,pending,single labeling; random stratum not yet adjudicated,a12_recovery_rung
AOBv2-REAL-1043,image_role,pending,single labeling; random stratum not yet adjudicated,scenario_membership
AOBv2-REAL-1043,gauge_value,pending,single labeling; random stratum not yet adjudicated,l1_mae
AOBv2-REAL-1043,asset,pending,single labeling; random stratum not yet adjudicated,
AOBv2-REAL-1044,gauge_readable,pending,single labeling; random stratum not yet adjudicated,"l1_accuracy_f1,l2_commit_rate"
AOBv2-REAL-1044,recommended_action,pending,single labeling; random stratum not yet adjudicated,l3_action_accuracy
AOBv2-REAL-1044,category,pending,single labeling; random stratum not yet adjudicated,a12_recovery_rung
AOBv2-REAL-1044,image_role,pending,single labeling; random stratum not yet adjudicated,scenario_membership
AOBv2-REAL-1044,gauge_value,pending,single labeling; random stratum not yet adjudicated,l1_mae
AOBv2-REAL-1044,asset,pending,single labeling; random stratum not yet adjudicated,
AOBv2-REAL-1045,gauge_readable,pending,single labeling; random stratum not yet adjudicated,"l1_accuracy_f1,l2_commit_rate"
AOBv2-REAL-1045,recommended_action,pending,single labeling; random stratum not yet adjudicated,l3_action_accuracy
AOBv2-REAL-1045,category,pending,single labeling; random stratum not yet adjudicated,a12_recovery_rung
AOBv2-REAL-1045,image_role,pending,single labeling; random stratum not yet adjudicated,scenario_membership
AOBv2-REAL-1045,gauge_value,pending,single labeling; random stratum not yet adjudicated,l1_mae
AOBv2-REAL-1045,asset,pending,single labeling; random stratum not yet adjudicated,
AOBv2-REAL-1046,gauge_readable,pending,single labeling; random stratum not yet adjudicated,"l1_accuracy_f1,l2_commit_rate"
AOBv2-REAL-1046,recommended_action,pending,single labeling; random stratum not yet adjudicated,l3_action_accuracy
AOBv2-REAL-1046,category,pending,single labeling; random stratum not yet adjudicated,a12_recovery_rung
AOBv2-REAL-1046,image_role,pending,single labeling; random stratum not yet adjudicated,scenario_membership
AOBv2-REAL-1046,gauge_value,pending,single labeling; random stratum not yet adjudicated,l1_mae
AOBv2-REAL-1046,asset,pending,single labeling; random stratum not yet adjudicated,
AOBv2-REAL-1047,gauge_readable,pending,single labeling; random stratum not yet adjudicated,"l1_accuracy_f1,l2_commit_rate"
AOBv2-REAL-1047,recommended_action,pending,single labeling; random stratum not yet adjudicated,l3_action_accuracy
AOBv2-REAL-1047,category,pending,single labeling; random stratum not yet adjudicated,a12_recovery_rung
AOBv2-REAL-1047,image_role,pending,single labeling; random stratum not yet adjudicated,scenario_membership
AOBv2-REAL-1047,gauge_value,pending,single labeling; random stratum not yet adjudicated,l1_mae
AOBv2-REAL-1047,asset,pending,single labeling; random stratum not yet adjudicated,
AOBv2-REAL-1048,gauge_readable,pending,single labeling; random stratum not yet adjudicated,"l1_accuracy_f1,l2_commit_rate"
AOBv2-REAL-1048,recommended_action,pending,single labeling; random stratum not yet adjudicated,l3_action_accuracy
AOBv2-REAL-1048,category,pending,single labeling; random stratum not yet adjudicated,a12_recovery_rung
AOBv2-REAL-1048,image_role,pending,single labeling; random stratum not yet adjudicated,scenario_membership
AOBv2-REAL-1048,gauge_value,pending,single labeling; random stratum not yet adjudicated,l1_mae
AOBv2-REAL-1048,asset,pending,single labeling; random stratum not yet adjudicated,
AOBv2-REAL-1049,gauge_readable,pending,single labeling; random stratum not yet adjudicated,"l1_accuracy_f1,l2_commit_rate"
AOBv2-REAL-1049,recommended_action,pending,single labeling; random stratum not yet adjudicated,l3_action_accuracy
AOBv2-REAL-1049,category,pending,single labeling; random stratum not yet adjudicated,a12_recovery_rung
AOBv2-REAL-1049,image_role,pending,single labeling; random stratum not yet adjudicated,scenario_membership
AOBv2-REAL-1049,gauge_value,pending,single labeling; random stratum not yet adjudicated,l1_mae
AOBv2-REAL-1049,asset,pending,single labeling; random stratum not yet adjudicated,
AOBv2-REAL-105,gauge_readable,pending,single labeling; random stratum not yet adjudicated,"l1_accuracy_f1,l2_commit_rate"
AOBv2-REAL-105,recommended_action,pending,single labeling; random stratum not yet adjudicated,l3_action_accuracy
AOBv2-REAL-105,category,pending,single labeling; random stratum not yet adjudicated,a12_recovery_rung
AOBv2-REAL-105,image_role,pending,single labeling; random stratum not yet adjudicated,scenario_membership
AOBv2-REAL-105,gauge_value,pending,single labeling; random stratum not yet adjudicated,l1_mae
AOBv2-REAL-105,asset,pending,single labeling; random stratum not yet adjudicated,
AOBv2-REAL-1050,gauge_readable,pending,single labeling; random stratum not yet adjudicated,"l1_accuracy_f1,l2_commit_rate"
AOBv2-REAL-1050,recommended_action,pending,single labeling; random stratum not yet adjudicated,l3_action_accuracy
AOBv2-REAL-1050,category,pending,single labeling; random stratum not yet adjudicated,a12_recovery_rung
AOBv2-REAL-1050,image_role,pending,single labeling; random stratum not yet adjudicated,scenario_membership
AOBv2-REAL-1050,gauge_value,pending,single labeling; random stratum not yet adjudicated,l1_mae
AOBv2-REAL-1050,asset,pending,single labeling; random stratum not yet adjudicated,
AOBv2-REAL-1051,gauge_readable,pending,single labeling; random stratum not yet adjudicated,"l1_accuracy_f1,l2_commit_rate"
AOBv2-REAL-1051,recommended_action,pending,single labeling; random stratum not yet adjudicated,l3_action_accuracy
AOBv2-REAL-1051,category,pending,single labeling; random stratum not yet adjudicated,a12_recovery_rung
AOBv2-REAL-1051,image_role,pending,single labeling; random stratum not yet adjudicated,scenario_membership
AOBv2-REAL-1051,gauge_value,pending,single labeling; random stratum not yet adjudicated,l1_mae
AOBv2-REAL-1051,asset,pending,single labeling; random stratum not yet adjudicated,
AOBv2-REAL-1052,gauge_readable,pending,single labeling; random stratum not yet adjudicated,"l1_accuracy_f1,l2_commit_rate"
AOBv2-REAL-1052,recommended_action,pending,single labeling; random stratum not yet adjudicated,l3_action_accuracy
AOBv2-REAL-1052,category,pending,single labeling; random stratum not yet adjudicated,a12_recovery_rung
AOBv2-REAL-1052,image_role,pending,single labeling; random stratum not yet adjudicated,scenario_membership
AOBv2-REAL-1052,gauge_value,pending,single labeling; random stratum not yet adjudicated,l1_mae
AOBv2-REAL-1052,asset,pending,single labeling; random stratum not yet adjudicated,
AOBv2-REAL-1053,gauge_readable,pending,single labeling; random stratum not yet adjudicated,"l1_accuracy_f1,l2_commit_rate"
AOBv2-REAL-1053,recommended_action,pending,single labeling; random stratum not yet adjudicated,l3_action_accuracy
AOBv2-REAL-1053,category,pending,single labeling; random stratum not yet adjudicated,a12_recovery_rung
AOBv2-REAL-1053,image_role,pending,single labeling; random stratum not yet adjudicated,scenario_membership
AOBv2-REAL-1053,gauge_value,pending,single labeling; random stratum not yet adjudicated,l1_mae
AOBv2-REAL-1053,asset,pending,single labeling; random stratum not yet adjudicated,
AOBv2-REAL-1054,gauge_readable,pending,single labeling; random stratum not yet adjudicated,"l1_accuracy_f1,l2_commit_rate"
AOBv2-REAL-1054,recommended_action,pending,single labeling; random stratum not yet adjudicated,l3_action_accuracy
AOBv2-REAL-1054,category,pending,single labeling; random stratum not yet adjudicated,a12_recovery_rung
AOBv2-REAL-1054,image_role,pending,single labeling; random stratum not yet adjudicated,scenario_membership
AOBv2-REAL-1054,gauge_value,pending,single labeling; random stratum not yet adjudicated,l1_mae
AOBv2-REAL-1054,asset,pending,single labeling; random stratum not yet adjudicated,
AOBv2-REAL-1055,gauge_readable,pending,single labeling; random stratum not yet adjudicated,"l1_accuracy_f1,l2_commit_rate"
AOBv2-REAL-1055,recommended_action,pending,single labeling; random stratum not yet adjudicated,l3_action_accuracy
AOBv2-REAL-1055,category,pending,single labeling; random stratum not yet adjudicated,a12_recovery_rung
AOBv2-REAL-1055,image_role,pending,single labeling; random stratum not yet adjudicated,scenario_membership
AOBv2-REAL-1055,gauge_value,pending,single labeling; random stratum not yet adjudicated,l1_mae
AOBv2-REAL-1055,asset,pending,single labeling; random stratum not yet adjudicated,
AOBv2-REAL-1056,gauge_readable,pending,single labeling; random stratum not yet adjudicated,"l1_accuracy_f1,l2_commit_rate"
AOBv2-REAL-1056,recommended_action,pending,single labeling; random stratum not yet adjudicated,l3_action_accuracy
AOBv2-REAL-1056,category,pending,single labeling; random stratum not yet adjudicated,a12_recovery_rung
AOBv2-REAL-1056,image_role,pending,single labeling; random stratum not yet adjudicated,scenario_membership
AOBv2-REAL-1056,gauge_value,pending,single labeling; random stratum not yet adjudicated,l1_mae
AOBv2-REAL-1056,asset,pending,single labeling; random stratum not yet adjudicated,
AOBv2-REAL-1057,gauge_readable,pending,single labeling; random stratum not yet adjudicated,"l1_accuracy_f1,l2_commit_rate"
AOBv2-REAL-1057,recommended_action,pending,single labeling; random stratum not yet adjudicated,l3_action_accuracy
AOBv2-REAL-1057,category,pending,single labeling; random stratum not yet adjudicated,a12_recovery_rung
AOBv2-REAL-1057,image_role,pending,single labeling; random stratum not yet adjudicated,scenario_membership
AOBv2-REAL-1057,gauge_value,pending,single labeling; random stratum not yet adjudicated,l1_mae
AOBv2-REAL-1057,asset,pending,single labeling; random stratum not yet adjudicated,
AOBv2-REAL-1058,gauge_readable,pending,single labeling; random stratum not yet adjudicated,"l1_accuracy_f1,l2_commit_rate"
AOBv2-REAL-1058,recommended_action,pending,single labeling; random stratum not yet adjudicated,l3_action_accuracy
AOBv2-REAL-1058,category,pending,single labeling; random stratum not yet adjudicated,a12_recovery_rung
AOBv2-REAL-1058,image_role,pending,single labeling; random stratum not yet adjudicated,scenario_membership
AOBv2-REAL-1058,gauge_value,pending,single labeling; random stratum not yet adjudicated,l1_mae
AOBv2-REAL-1058,asset,pending,single labeling; random stratum not yet adjudicated,
AOBv2-REAL-1059,gauge_readable,pending,single labeling; random stratum not yet adjudicated,"l1_accuracy_f1,l2_commit_rate"
AOBv2-REAL-1059,recommended_action,pending,single labeling; random stratum not yet adjudicated,l3_action_accuracy
AOBv2-REAL-1059,category,pending,single labeling; random stratum not yet adjudicated,a12_recovery_rung
AOBv2-REAL-1059,image_role,pending,single labeling; random stratum not yet adjudicated,scenario_membership
AOBv2-REAL-1059,gauge_value,pending,single labeling; random stratum not yet adjudicated,l1_mae
AOBv2-REAL-1059,asset,pending,single labeling; random stratum not yet adjudicated,
AOBv2-REAL-106,gauge_readable,pending,single labeling; random stratum not yet adjudicated,"l1_accuracy_f1,l2_commit_rate"
AOBv2-REAL-106,recommended_action,pending,single labeling; random stratum not yet adjudicated,l3_action_accuracy
AOBv2-REAL-106,category,pending,single labeling; random stratum not yet adjudicated,a12_recovery_rung
AOBv2-REAL-106,image_role,pending,single labeling; random stratum not yet adjudicated,scenario_membership
AOBv2-REAL-106,gauge_value,pending,single labeling; random stratum not yet adjudicated,l1_mae
AOBv2-REAL-106,asset,pending,single labeling; random stratum not yet adjudicated,
AOBv2-REAL-1060,gauge_readable,pending,single labeling; random stratum not yet adjudicated,"l1_accuracy_f1,l2_commit_rate"
AOBv2-REAL-1060,recommended_action,pending,single labeling; random stratum not yet adjudicated,l3_action_accuracy
AOBv2-REAL-1060,category,pending,single labeling; random stratum not yet adjudicated,a12_recovery_rung
AOBv2-REAL-1060,image_role,pending,single labeling; random stratum not yet adjudicated,scenario_membership
AOBv2-REAL-1060,gauge_value,pending,single labeling; random stratum not yet adjudicated,l1_mae
AOBv2-REAL-1060,asset,pending,single labeling; random stratum not yet adjudicated,
AOBv2-REAL-1061,gauge_readable,pending,single labeling; random stratum not yet adjudicated,"l1_accuracy_f1,l2_commit_rate"
AOBv2-REAL-1061,recommended_action,pending,single labeling; random stratum not yet adjudicated,l3_action_accuracy
AOBv2-REAL-1061,category,pending,single labeling; random stratum not yet adjudicated,a12_recovery_rung
AOBv2-REAL-1061,image_role,pending,single labeling; random stratum not yet adjudicated,scenario_membership
AOBv2-REAL-1061,gauge_value,pending,single labeling; random stratum not yet adjudicated,l1_mae
AOBv2-REAL-1061,asset,pending,single labeling; random stratum not yet adjudicated,
AOBv2-REAL-1062,gauge_readable,pending,single labeling; random stratum not yet adjudicated,"l1_accuracy_f1,l2_commit_rate"
AOBv2-REAL-1062,recommended_action,pending,single labeling; random stratum not yet adjudicated,l3_action_accuracy
AOBv2-REAL-1062,category,pending,single labeling; random stratum not yet adjudicated,a12_recovery_rung
AOBv2-REAL-1062,image_role,pending,single labeling; random stratum not yet adjudicated,scenario_membership
AOBv2-REAL-1062,gauge_value,pending,single labeling; random stratum not yet adjudicated,l1_mae
AOBv2-REAL-1062,asset,pending,single labeling; random stratum not yet adjudicated,
AOBv2-REAL-1063,gauge_readable,pending,single labeling; random stratum not yet adjudicated,"l1_accuracy_f1,l2_commit_rate"
AOBv2-REAL-1063,recommended_action,pending,single labeling; random stratum not yet adjudicated,l3_action_accuracy
AOBv2-REAL-1063,category,pending,single labeling; random stratum not yet adjudicated,a12_recovery_rung
AOBv2-REAL-1063,image_role,pending,single labeling; random stratum not yet adjudicated,scenario_membership
AOBv2-REAL-1063,gauge_value,pending,single labeling; random stratum not yet adjudicated,l1_mae
AOBv2-REAL-1063,asset,pending,single labeling; random stratum not yet adjudicated,
AOBv2-REAL-1064,gauge_readable,pending,single labeling; random stratum not yet adjudicated,"l1_accuracy_f1,l2_commit_rate"
AOBv2-REAL-1064,recommended_action,pending,single labeling; random stratum not yet adjudicated,l3_action_accuracy
AOBv2-REAL-1064,category,pending,single labeling; random stratum not yet adjudicated,a12_recovery_rung
AOBv2-REAL-1064,image_role,pending,single labeling; random stratum not yet adjudicated,scenario_membership
AOBv2-REAL-1064,gauge_value,pending,single labeling; random stratum not yet adjudicated,l1_mae
AOBv2-REAL-1064,asset,pending,single labeling; random stratum not yet adjudicated,
AOBv2-REAL-1065,gauge_readable,pending,single labeling; random stratum not yet adjudicated,"l1_accuracy_f1,l2_commit_rate"
AOBv2-REAL-1065,recommended_action,pending,single labeling; random stratum not yet adjudicated,l3_action_accuracy
AOBv2-REAL-1065,category,pending,single labeling; random stratum not yet adjudicated,a12_recovery_rung
AOBv2-REAL-1065,image_role,pending,single labeling; random stratum not yet adjudicated,scenario_membership
AOBv2-REAL-1065,gauge_value,pending,single labeling; random stratum not yet adjudicated,l1_mae
AOBv2-REAL-1065,asset,pending,single labeling; random stratum not yet adjudicated,
AOBv2-REAL-1066,gauge_readable,pending,single labeling; random stratum not yet adjudicated,"l1_accuracy_f1,l2_commit_rate"
AOBv2-REAL-1066,recommended_action,pending,single labeling; random stratum not yet adjudicated,l3_action_accuracy
AOBv2-REAL-1066,category,pending,single labeling; random stratum not yet adjudicated,a12_recovery_rung
AOBv2-REAL-1066,image_role,pending,single labeling; random stratum not yet adjudicated,scenario_membership
AOBv2-REAL-1066,gauge_value,pending,single labeling; random stratum not yet adjudicated,l1_mae
AOBv2-REAL-1066,asset,pending,single labeling; random stratum not yet adjudicated,
AOBv2-REAL-1067,gauge_readable,pending,single labeling; random stratum not yet adjudicated,"l1_accuracy_f1,l2_commit_rate"
AOBv2-REAL-1067,recommended_action,pending,single labeling; random stratum not yet adjudicated,l3_action_accuracy
AOBv2-REAL-1067,category,pending,single labeling; random stratum not yet adjudicated,a12_recovery_rung
AOBv2-REAL-1067,image_role,pending,single labeling; random stratum not yet adjudicated,scenario_membership
AOBv2-REAL-1067,gauge_value,pending,single labeling; random stratum not yet adjudicated,l1_mae
AOBv2-REAL-1067,asset,pending,single labeling; random stratum not yet adjudicated,
AOBv2-REAL-1068,gauge_readable,pending,single labeling; random stratum not yet adjudicated,"l1_accuracy_f1,l2_commit_rate"
AOBv2-REAL-1068,recommended_action,pending,single labeling; random stratum not yet adjudicated,l3_action_accuracy
AOBv2-REAL-1068,category,pending,single labeling; random stratum not yet adjudicated,a12_recovery_rung
AOBv2-REAL-1068,image_role,pending,single labeling; random stratum not yet adjudicated,scenario_membership
AOBv2-REAL-1068,gauge_value,pending,single labeling; random stratum not yet adjudicated,l1_mae
AOBv2-REAL-1068,asset,pending,single labeling; random stratum not yet adjudicated,
AOBv2-REAL-1069,gauge_readable,pending,single labeling; random stratum not yet adjudicated,"l1_accuracy_f1,l2_commit_rate"
AOBv2-REAL-1069,recommended_action,pending,single labeling; random stratum not yet adjudicated,l3_action_accuracy
AOBv2-REAL-1069,category,pending,single labeling; random stratum not yet adjudicated,a12_recovery_rung
AOBv2-REAL-1069,image_role,pending,single labeling; random stratum not yet adjudicated,scenario_membership
AOBv2-REAL-1069,gauge_value,pending,single labeling; random stratum not yet adjudicated,l1_mae
AOBv2-REAL-1069,asset,pending,single labeling; random stratum not yet adjudicated,
AOBv2-REAL-107,gauge_readable,pending,single labeling; random stratum not yet adjudicated,"l1_accuracy_f1,l2_commit_rate"
AOBv2-REAL-107,recommended_action,pending,single labeling; random stratum not yet adjudicated,l3_action_accuracy
AOBv2-REAL-107,category,pending,single labeling; random stratum not yet adjudicated,a12_recovery_rung
AOBv2-REAL-107,image_role,pending,single labeling; random stratum not yet adjudicated,scenario_membership
AOBv2-REAL-107,gauge_value,pending,single labeling; random stratum not yet adjudicated,l1_mae
AOBv2-REAL-107,asset,pending,single labeling; random stratum not yet adjudicated,
AOBv2-REAL-1070,gauge_readable,pending,single labeling; random stratum not yet adjudicated,"l1_accuracy_f1,l2_commit_rate"
AOBv2-REAL-1070,recommended_action,pending,single labeling; random stratum not yet adjudicated,l3_action_accuracy
AOBv2-REAL-1070,category,pending,single labeling; random stratum not yet adjudicated,a12_recovery_rung
AOBv2-REAL-1070,image_role,pending,single labeling; random stratum not yet adjudicated,scenario_membership
AOBv2-REAL-1070,gauge_value,pending,single labeling; random stratum not yet adjudicated,l1_mae
AOBv2-REAL-1070,asset,pending,single labeling; random stratum not yet adjudicated,
AOBv2-REAL-1071,gauge_readable,pending,single labeling; random stratum not yet adjudicated,"l1_accuracy_f1,l2_commit_rate"
AOBv2-REAL-1071,recommended_action,pending,single labeling; random stratum not yet adjudicated,l3_action_accuracy
AOBv2-REAL-1071,category,pending,single labeling; random stratum not yet adjudicated,a12_recovery_rung
AOBv2-REAL-1071,image_role,pending,single labeling; random stratum not yet adjudicated,scenario_membership
AOBv2-REAL-1071,gauge_value,pending,single labeling; random stratum not yet adjudicated,l1_mae
AOBv2-REAL-1071,asset,pending,single labeling; random stratum not yet adjudicated,
AOBv2-REAL-1072,gauge_readable,pending,single labeling; random stratum not yet adjudicated,"l1_accuracy_f1,l2_commit_rate"
AOBv2-REAL-1072,recommended_action,pending,single labeling; random stratum not yet adjudicated,l3_action_accuracy
AOBv2-REAL-1072,category,pending,single labeling; random stratum not yet adjudicated,a12_recovery_rung
AOBv2-REAL-1072,image_role,pending,single labeling; random stratum not yet adjudicated,scenario_membership
AOBv2-REAL-1072,gauge_value,pending,single labeling; random stratum not yet adjudicated,l1_mae
AOBv2-REAL-1072,asset,pending,single labeling; random stratum not yet adjudicated,
AOBv2-REAL-1073,gauge_readable,pending,single labeling; random stratum not yet adjudicated,"l1_accuracy_f1,l2_commit_rate"
AOBv2-REAL-1073,recommended_action,pending,single labeling; random stratum not yet adjudicated,l3_action_accuracy
AOBv2-REAL-1073,category,pending,single labeling; random stratum not yet adjudicated,a12_recovery_rung
AOBv2-REAL-1073,image_role,pending,single labeling; random stratum not yet adjudicated,scenario_membership
AOBv2-REAL-1073,gauge_value,pending,single labeling; random stratum not yet adjudicated,l1_mae
AOBv2-REAL-1073,asset,pending,single labeling; random stratum not yet adjudicated,
AOBv2-REAL-1074,gauge_readable,pending,single labeling; random stratum not yet adjudicated,"l1_accuracy_f1,l2_commit_rate"
AOBv2-REAL-1074,recommended_action,pending,single labeling; random stratum not yet adjudicated,l3_action_accuracy
AOBv2-REAL-1074,category,pending,single labeling; random stratum not yet adjudicated,a12_recovery_rung
AOBv2-REAL-1074,image_role,pending,single labeling; random stratum not yet adjudicated,scenario_membership
AOBv2-REAL-1074,gauge_value,pending,single labeling; random stratum not yet adjudicated,l1_mae
AOBv2-REAL-1074,asset,pending,single labeling; random stratum not yet adjudicated,
AOBv2-REAL-1075,gauge_readable,pending,single labeling; random stratum not yet adjudicated,"l1_accuracy_f1,l2_commit_rate"
AOBv2-REAL-1075,recommended_action,pending,single labeling; random stratum not yet adjudicated,l3_action_accuracy
AOBv2-REAL-1075,category,pending,single labeling; random stratum not yet adjudicated,a12_recovery_rung
AOBv2-REAL-1075,image_role,pending,single labeling; random stratum not yet adjudicated,scenario_membership
AOBv2-REAL-1075,gauge_value,pending,single labeling; random stratum not yet adjudicated,l1_mae
AOBv2-REAL-1075,asset,pending,single labeling; random stratum not yet adjudicated,
AOBv2-REAL-1076,gauge_readable,pending,single labeling; random stratum not yet adjudicated,"l1_accuracy_f1,l2_commit_rate"
AOBv2-REAL-1076,recommended_action,pending,single labeling; random stratum not yet adjudicated,l3_action_accuracy
AOBv2-REAL-1076,category,pending,single labeling; random stratum not yet adjudicated,a12_recovery_rung
AOBv2-REAL-1076,image_role,pending,single labeling; random stratum not yet adjudicated,scenario_membership
AOBv2-REAL-1076,gauge_value,pending,single labeling; random stratum not yet adjudicated,l1_mae
AOBv2-REAL-1076,asset,pending,single labeling; random stratum not yet adjudicated,
AOBv2-REAL-1077,gauge_readable,pending,single labeling; random stratum not yet adjudicated,"l1_accuracy_f1,l2_commit_rate"
AOBv2-REAL-1077,recommended_action,pending,single labeling; random stratum not yet adjudicated,l3_action_accuracy
AOBv2-REAL-1077,category,pending,single labeling; random stratum not yet adjudicated,a12_recovery_rung
AOBv2-REAL-1077,image_role,pending,single labeling; random stratum not yet adjudicated,scenario_membership
AOBv2-REAL-1077,gauge_value,pending,single labeling; random stratum not yet adjudicated,l1_mae
AOBv2-REAL-1077,asset,pending,single labeling; random stratum not yet adjudicated,
AOBv2-REAL-1078,gauge_readable,pending,single labeling; random stratum not yet adjudicated,"l1_accuracy_f1,l2_commit_rate"
AOBv2-REAL-1078,recommended_action,pending,single labeling; random stratum not yet adjudicated,l3_action_accuracy
AOBv2-REAL-1078,category,pending,single labeling; random stratum not yet adjudicated,a12_recovery_rung
AOBv2-REAL-1078,image_role,pending,single labeling; random stratum not yet adjudicated,scenario_membership
AOBv2-REAL-1078,gauge_value,pending,single labeling; random stratum not yet adjudicated,l1_mae
AOBv2-REAL-1078,asset,pending,single labeling; random stratum not yet adjudicated,
AOBv2-REAL-1079,gauge_readable,pending,single labeling; random stratum not yet adjudicated,"l1_accuracy_f1,l2_commit_rate"
AOBv2-REAL-1079,recommended_action,pending,single labeling; random stratum not yet adjudicated,l3_action_accuracy
AOBv2-REAL-1079,category,pending,single labeling; random stratum not yet adjudicated,a12_recovery_rung
AOBv2-REAL-1079,image_role,pending,single labeling; random stratum not yet adjudicated,scenario_membership
AOBv2-REAL-1079,gauge_value,pending,single labeling; random stratum not yet adjudicated,l1_mae
AOBv2-REAL-1079,asset,pending,single labeling; random stratum not yet adjudicated,
AOBv2-REAL-108,gauge_readable,pending,single labeling; random stratum not yet adjudicated,"l1_accuracy_f1,l2_commit_rate"
AOBv2-REAL-108,recommended_action,pending,single labeling; random stratum not yet adjudicated,l3_action_accuracy
AOBv2-REAL-108,category,pending,single labeling; random stratum not yet adjudicated,a12_recovery_rung
AOBv2-REAL-108,image_role,pending,single labeling; random stratum not yet adjudicated,scenario_membership
AOBv2-REAL-108,gauge_value,pending,single labeling; random stratum not yet adjudicated,l1_mae
AOBv2-REAL-108,asset,pending,single labeling; random stratum not yet adjudicated,
AOBv2-REAL-1080,gauge_readable,pending,single labeling; random stratum not yet adjudicated,"l1_accuracy_f1,l2_commit_rate"
AOBv2-REAL-1080,recommended_action,pending,single labeling; random stratum not yet adjudicated,l3_action_accuracy
AOBv2-REAL-1080,category,pending,single labeling; random stratum not yet adjudicated,a12_recovery_rung
AOBv2-REAL-1080,image_role,pending,single labeling; random stratum not yet adjudicated,scenario_membership
AOBv2-REAL-1080,gauge_value,pending,single labeling; random stratum not yet adjudicated,l1_mae
AOBv2-REAL-1080,asset,pending,single labeling; random stratum not yet adjudicated,
AOBv2-REAL-1081,gauge_readable,pending,single labeling; random stratum not yet adjudicated,"l1_accuracy_f1,l2_commit_rate"
AOBv2-REAL-1081,recommended_action,pending,single labeling; random stratum not yet adjudicated,l3_action_accuracy
AOBv2-REAL-1081,category,pending,single labeling; random stratum not yet adjudicated,a12_recovery_rung
AOBv2-REAL-1081,image_role,pending,single labeling; random stratum not yet adjudicated,scenario_membership
AOBv2-REAL-1081,gauge_value,pending,single labeling; random stratum not yet adjudicated,l1_mae
AOBv2-REAL-1081,asset,pending,single labeling; random stratum not yet adjudicated,
AOBv2-REAL-1082,gauge_readable,pending,single labeling; random stratum not yet adjudicated,"l1_accuracy_f1,l2_commit_rate"
AOBv2-REAL-1082,recommended_action,pending,single labeling; random stratum not yet adjudicated,l3_action_accuracy
AOBv2-REAL-1082,category,pending,single labeling; random stratum not yet adjudicated,a12_recovery_rung
AOBv2-REAL-1082,image_role,pending,single labeling; random stratum not yet adjudicated,scenario_membership
AOBv2-REAL-1082,gauge_value,pending,single labeling; random stratum not yet adjudicated,l1_mae
AOBv2-REAL-1082,asset,pending,single labeling; random stratum not yet adjudicated,
AOBv2-REAL-1083,gauge_readable,pending,single labeling; random stratum not yet adjudicated,"l1_accuracy_f1,l2_commit_rate"
AOBv2-REAL-1083,recommended_action,pending,single labeling; random stratum not yet adjudicated,l3_action_accuracy
AOBv2-REAL-1083,category,pending,single labeling; random stratum not yet adjudicated,a12_recovery_rung
AOBv2-REAL-1083,image_role,pending,single labeling; random stratum not yet adjudicated,scenario_membership
AOBv2-REAL-1083,gauge_value,pending,single labeling; random stratum not yet adjudicated,l1_mae
AOBv2-REAL-1083,asset,pending,single labeling; random stratum not yet adjudicated,
AOBv2-REAL-1084,gauge_readable,pending,single labeling; random stratum not yet adjudicated,"l1_accuracy_f1,l2_commit_rate"
AOBv2-REAL-1084,recommended_action,pending,single labeling; random stratum not yet adjudicated,l3_action_accuracy
AOBv2-REAL-1084,category,pending,single labeling; random stratum not yet adjudicated,a12_recovery_rung
AOBv2-REAL-1084,image_role,pending,single labeling; random stratum not yet adjudicated,scenario_membership
AOBv2-REAL-1084,gauge_value,pending,single labeling; random stratum not yet adjudicated,l1_mae
AOBv2-REAL-1084,asset,pending,single labeling; random stratum not yet adjudicated,
AOBv2-REAL-1085,gauge_readable,pending,single labeling; random stratum not yet adjudicated,"l1_accuracy_f1,l2_commit_rate"
AOBv2-REAL-1085,recommended_action,pending,single labeling; random stratum not yet adjudicated,l3_action_accuracy
AOBv2-REAL-1085,category,pending,single labeling; random stratum not yet adjudicated,a12_recovery_rung
AOBv2-REAL-1085,image_role,pending,single labeling; random stratum not yet adjudicated,scenario_membership
AOBv2-REAL-1085,gauge_value,pending,single labeling; random stratum not yet adjudicated,l1_mae
AOBv2-REAL-1085,asset,pending,single labeling; random stratum not yet adjudicated,
AOBv2-REAL-1086,gauge_readable,pending,single labeling; random stratum not yet adjudicated,"l1_accuracy_f1,l2_commit_rate"
AOBv2-REAL-1086,recommended_action,pending,single labeling; random stratum not yet adjudicated,l3_action_accuracy
AOBv2-REAL-1086,category,pending,single labeling; random stratum not yet adjudicated,a12_recovery_rung
AOBv2-REAL-1086,image_role,pending,single labeling; random stratum not yet adjudicated,scenario_membership
AOBv2-REAL-1086,gauge_value,pending,single labeling; random stratum not yet adjudicated,l1_mae
AOBv2-REAL-1086,asset,pending,single labeling; random stratum not yet adjudicated,
AOBv2-REAL-1087,gauge_readable,pending,single labeling; random stratum not yet adjudicated,"l1_accuracy_f1,l2_commit_rate"
AOBv2-REAL-1087,recommended_action,pending,single labeling; random stratum not yet adjudicated,l3_action_accuracy
AOBv2-REAL-1087,category,pending,single labeling; random stratum not yet adjudicated,a12_recovery_rung
AOBv2-REAL-1087,image_role,pending,single labeling; random stratum not yet adjudicated,scenario_membership
AOBv2-REAL-1087,gauge_value,pending,single labeling; random stratum not yet adjudicated,l1_mae
AOBv2-REAL-1087,asset,pending,single labeling; random stratum not yet adjudicated,
AOBv2-REAL-1088,gauge_readable,pending,single labeling; random stratum not yet adjudicated,"l1_accuracy_f1,l2_commit_rate"
AOBv2-REAL-1088,recommended_action,pending,single labeling; random stratum not yet adjudicated,l3_action_accuracy
AOBv2-REAL-1088,category,pending,single labeling; random stratum not yet adjudicated,a12_recovery_rung
AOBv2-REAL-1088,image_role,pending,single labeling; random stratum not yet adjudicated,scenario_membership
AOBv2-REAL-1088,gauge_value,pending,single labeling; random stratum not yet adjudicated,l1_mae
AOBv2-REAL-1088,asset,pending,single labeling; random stratum not yet adjudicated,
AOBv2-REAL-1089,gauge_readable,pending,single labeling; random stratum not yet adjudicated,"l1_accuracy_f1,l2_commit_rate"
AOBv2-REAL-1089,recommended_action,pending,single labeling; random stratum not yet adjudicated,l3_action_accuracy
AOBv2-REAL-1089,category,pending,single labeling; random stratum not yet adjudicated,a12_recovery_rung
AOBv2-REAL-1089,image_role,pending,single labeling; random stratum not yet adjudicated,scenario_membership
AOBv2-REAL-1089,gauge_value,pending,single labeling; random stratum not yet adjudicated,l1_mae
AOBv2-REAL-1089,asset,pending,single labeling; random stratum not yet adjudicated,
AOBv2-REAL-109,gauge_readable,pending,single labeling; random stratum not yet adjudicated,"l1_accuracy_f1,l2_commit_rate"
AOBv2-REAL-109,recommended_action,pending,single labeling; random stratum not yet adjudicated,l3_action_accuracy
AOBv2-REAL-109,category,pending,single labeling; random stratum not yet adjudicated,a12_recovery_rung
AOBv2-REAL-109,image_role,pending,single labeling; random stratum not yet adjudicated,scenario_membership
AOBv2-REAL-109,gauge_value,pending,single labeling; random stratum not yet adjudicated,l1_mae
AOBv2-REAL-109,asset,pending,single labeling; random stratum not yet adjudicated,
AOBv2-REAL-1090,gauge_readable,pending,single labeling; random stratum not yet adjudicated,"l1_accuracy_f1,l2_commit_rate"
AOBv2-REAL-1090,recommended_action,pending,single labeling; random stratum not yet adjudicated,l3_action_accuracy
AOBv2-REAL-1090,category,pending,single labeling; random stratum not yet adjudicated,a12_recovery_rung
AOBv2-REAL-1090,image_role,pending,single labeling; random stratum not yet adjudicated,scenario_membership
AOBv2-REAL-1090,gauge_value,pending,single labeling; random stratum not yet adjudicated,l1_mae
AOBv2-REAL-1090,asset,pending,single labeling; random stratum not yet adjudicated,
AOBv2-REAL-1091,gauge_readable,pending,single labeling; random stratum not yet adjudicated,"l1_accuracy_f1,l2_commit_rate"
AOBv2-REAL-1091,recommended_action,pending,single labeling; random stratum not yet adjudicated,l3_action_accuracy
AOBv2-REAL-1091,category,pending,single labeling; random stratum not yet adjudicated,a12_recovery_rung
AOBv2-REAL-1091,image_role,pending,single labeling; random stratum not yet adjudicated,scenario_membership
AOBv2-REAL-1091,gauge_value,pending,single labeling; random stratum not yet adjudicated,l1_mae
AOBv2-REAL-1091,asset,pending,single labeling; random stratum not yet adjudicated,
AOBv2-REAL-1092,gauge_readable,pending,single labeling; random stratum not yet adjudicated,"l1_accuracy_f1,l2_commit_rate"
AOBv2-REAL-1092,recommended_action,pending,single labeling; random stratum not yet adjudicated,l3_action_accuracy
AOBv2-REAL-1092,category,pending,single labeling; random stratum not yet adjudicated,a12_recovery_rung
AOBv2-REAL-1092,image_role,pending,single labeling; random stratum not yet adjudicated,scenario_membership
AOBv2-REAL-1092,gauge_value,pending,single labeling; random stratum not yet adjudicated,l1_mae
AOBv2-REAL-1092,asset,pending,single labeling; random stratum not yet adjudicated,
AOBv2-REAL-1093,gauge_readable,pending,single labeling; random stratum not yet adjudicated,"l1_accuracy_f1,l2_commit_rate"
AOBv2-REAL-1093,recommended_action,pending,single labeling; random stratum not yet adjudicated,l3_action_accuracy
AOBv2-REAL-1093,category,pending,single labeling; random stratum not yet adjudicated,a12_recovery_rung
AOBv2-REAL-1093,image_role,pending,single labeling; random stratum not yet adjudicated,scenario_membership
AOBv2-REAL-1093,gauge_value,pending,single labeling; random stratum not yet adjudicated,l1_mae
AOBv2-REAL-1093,asset,pending,single labeling; random stratum not yet adjudicated,
AOBv2-REAL-1094,gauge_readable,pending,single labeling; random stratum not yet adjudicated,"l1_accuracy_f1,l2_commit_rate"
AOBv2-REAL-1094,recommended_action,pending,single labeling; random stratum not yet adjudicated,l3_action_accuracy
AOBv2-REAL-1094,category,pending,single labeling; random stratum not yet adjudicated,a12_recovery_rung
AOBv2-REAL-1094,image_role,pending,single labeling; random stratum not yet adjudicated,scenario_membership
AOBv2-REAL-1094,gauge_value,pending,single labeling; random stratum not yet adjudicated,l1_mae
AOBv2-REAL-1094,asset,pending,single labeling; random stratum not yet adjudicated,
AOBv2-REAL-1095,gauge_readable,pending,single labeling; random stratum not yet adjudicated,"l1_accuracy_f1,l2_commit_rate"
AOBv2-REAL-1095,recommended_action,pending,single labeling; random stratum not yet adjudicated,l3_action_accuracy
AOBv2-REAL-1095,category,pending,single labeling; random stratum not yet adjudicated,a12_recovery_rung
AOBv2-REAL-1095,image_role,pending,single labeling; random stratum not yet adjudicated,scenario_membership
AOBv2-REAL-1095,gauge_value,pending,single labeling; random stratum not yet adjudicated,l1_mae
AOBv2-REAL-1095,asset,pending,single labeling; random stratum not yet adjudicated,
AOBv2-REAL-1096,gauge_readable,pending,single labeling; random stratum not yet adjudicated,"l1_accuracy_f1,l2_commit_rate"
AOBv2-REAL-1096,recommended_action,pending,single labeling; random stratum not yet adjudicated,l3_action_accuracy
AOBv2-REAL-1096,category,pending,single labeling; random stratum not yet adjudicated,a12_recovery_rung
AOBv2-REAL-1096,image_role,pending,single labeling; random stratum not yet adjudicated,scenario_membership
AOBv2-REAL-1096,gauge_value,pending,single labeling; random stratum not yet adjudicated,l1_mae
AOBv2-REAL-1096,asset,pending,single labeling; random stratum not yet adjudicated,
AOBv2-REAL-1097,gauge_readable,pending,single labeling; random stratum not yet adjudicated,"l1_accuracy_f1,l2_commit_rate"
AOBv2-REAL-1097,recommended_action,pending,single labeling; random stratum not yet adjudicated,l3_action_accuracy
AOBv2-REAL-1097,category,pending,single labeling; random stratum not yet adjudicated,a12_recovery_rung
AOBv2-REAL-1097,image_role,pending,single labeling; random stratum not yet adjudicated,scenario_membership
AOBv2-REAL-1097,gauge_value,pending,single labeling; random stratum not yet adjudicated,l1_mae
AOBv2-REAL-1097,asset,pending,single labeling; random stratum not yet adjudicated,
AOBv2-REAL-1098,gauge_readable,pending,single labeling; random stratum not yet adjudicated,"l1_accuracy_f1,l2_commit_rate"
AOBv2-REAL-1098,recommended_action,pending,single labeling; random stratum not yet adjudicated,l3_action_accuracy
AOBv2-REAL-1098,category,pending,single labeling; random stratum not yet adjudicated,a12_recovery_rung
AOBv2-REAL-1098,image_role,pending,single labeling; random stratum not yet adjudicated,scenario_membership
AOBv2-REAL-1098,gauge_value,pending,single labeling; random stratum not yet adjudicated,l1_mae
AOBv2-REAL-1098,asset,pending,single labeling; random stratum not yet adjudicated,
AOBv2-REAL-1099,gauge_readable,pending,single labeling; random stratum not yet adjudicated,"l1_accuracy_f1,l2_commit_rate"
AOBv2-REAL-1099,recommended_action,pending,single labeling; random stratum not yet adjudicated,l3_action_accuracy
AOBv2-REAL-1099,category,pending,single labeling; random stratum not yet adjudicated,a12_recovery_rung
AOBv2-REAL-1099,image_role,pending,single labeling; random stratum not yet adjudicated,scenario_membership
AOBv2-REAL-1099,gauge_value,pending,single labeling; random stratum not yet adjudicated,l1_mae
AOBv2-REAL-1099,asset,pending,single labeling; random stratum not yet adjudicated,
AOBv2-REAL-110,gauge_readable,pending,single labeling; random stratum not yet adjudicated,"l1_accuracy_f1,l2_commit_rate"
AOBv2-REAL-110,recommended_action,pending,single labeling; random stratum not yet adjudicated,l3_action_accuracy
AOBv2-REAL-110,category,pending,single labeling; random stratum not yet adjudicated,a12_recovery_rung
AOBv2-REAL-110,image_role,pending,single labeling; random stratum not yet adjudicated,scenario_membership
AOBv2-REAL-110,gauge_value,pending,single labeling; random stratum not yet adjudicated,l1_mae
AOBv2-REAL-110,asset,pending,single labeling; random stratum not yet adjudicated,
AOBv2-REAL-1100,gauge_readable,pending,single labeling; random stratum not yet adjudicated,"l1_accuracy_f1,l2_commit_rate"
AOBv2-REAL-1100,recommended_action,pending,single labeling; random stratum not yet adjudicated,l3_action_accuracy
AOBv2-REAL-1100,category,pending,single labeling; random stratum not yet adjudicated,a12_recovery_rung
AOBv2-REAL-1100,image_role,pending,single labeling; random stratum not yet adjudicated,scenario_membership
AOBv2-REAL-1100,gauge_value,pending,single labeling; random stratum not yet adjudicated,l1_mae
AOBv2-REAL-1100,asset,pending,single labeling; random stratum not yet adjudicated,
AOBv2-REAL-1101,gauge_readable,pending,single labeling; random stratum not yet adjudicated,"l1_accuracy_f1,l2_commit_rate"
AOBv2-REAL-1101,recommended_action,pending,single labeling; random stratum not yet adjudicated,l3_action_accuracy
AOBv2-REAL-1101,category,pending,single labeling; random stratum not yet adjudicated,a12_recovery_rung
AOBv2-REAL-1101,image_role,pending,single labeling; random stratum not yet adjudicated,scenario_membership
AOBv2-REAL-1101,gauge_value,pending,single labeling; random stratum not yet adjudicated,l1_mae
AOBv2-REAL-1101,asset,pending,single labeling; random stratum not yet adjudicated,
AOBv2-REAL-1102,gauge_readable,pending,single labeling; random stratum not yet adjudicated,"l1_accuracy_f1,l2_commit_rate"
AOBv2-REAL-1102,recommended_action,pending,single labeling; random stratum not yet adjudicated,l3_action_accuracy
AOBv2-REAL-1102,category,pending,single labeling; random stratum not yet adjudicated,a12_recovery_rung
AOBv2-REAL-1102,image_role,pending,single labeling; random stratum not yet adjudicated,scenario_membership
AOBv2-REAL-1102,gauge_value,pending,single labeling; random stratum not yet adjudicated,l1_mae
AOBv2-REAL-1102,asset,pending,single labeling; random stratum not yet adjudicated,
AOBv2-REAL-1103,gauge_readable,pending,single labeling; random stratum not yet adjudicated,"l1_accuracy_f1,l2_commit_rate"
AOBv2-REAL-1103,recommended_action,pending,single labeling; random stratum not yet adjudicated,l3_action_accuracy
AOBv2-REAL-1103,category,pending,single labeling; random stratum not yet adjudicated,a12_recovery_rung
AOBv2-REAL-1103,image_role,pending,single labeling; random stratum not yet adjudicated,scenario_membership
AOBv2-REAL-1103,gauge_value,pending,single labeling; random stratum not yet adjudicated,l1_mae
AOBv2-REAL-1103,asset,pending,single labeling; random stratum not yet adjudicated,
AOBv2-REAL-1104,gauge_readable,pending,single labeling; random stratum not yet adjudicated,"l1_accuracy_f1,l2_commit_rate"
AOBv2-REAL-1104,recommended_action,pending,single labeling; random stratum not yet adjudicated,l3_action_accuracy
AOBv2-REAL-1104,category,pending,single labeling; random stratum not yet adjudicated,a12_recovery_rung
AOBv2-REAL-1104,image_role,pending,single labeling; random stratum not yet adjudicated,scenario_membership
AOBv2-REAL-1104,gauge_value,pending,single labeling; random stratum not yet adjudicated,l1_mae
AOBv2-REAL-1104,asset,pending,single labeling; random stratum not yet adjudicated,
AOBv2-REAL-1105,gauge_readable,pending,single labeling; random stratum not yet adjudicated,"l1_accuracy_f1,l2_commit_rate"
AOBv2-REAL-1105,recommended_action,pending,single labeling; random stratum not yet adjudicated,l3_action_accuracy
AOBv2-REAL-1105,category,pending,single labeling; random stratum not yet adjudicated,a12_recovery_rung
AOBv2-REAL-1105,image_role,pending,single labeling; random stratum not yet adjudicated,scenario_membership
AOBv2-REAL-1105,gauge_value,pending,single labeling; random stratum not yet adjudicated,l1_mae
AOBv2-REAL-1105,asset,pending,single labeling; random stratum not yet adjudicated,
AOBv2-REAL-1106,gauge_readable,pending,single labeling; random stratum not yet adjudicated,"l1_accuracy_f1,l2_commit_rate"
AOBv2-REAL-1106,recommended_action,pending,single labeling; random stratum not yet adjudicated,l3_action_accuracy
AOBv2-REAL-1106,category,pending,single labeling; random stratum not yet adjudicated,a12_recovery_rung
AOBv2-REAL-1106,image_role,pending,single labeling; random stratum not yet adjudicated,scenario_membership
AOBv2-REAL-1106,gauge_value,pending,single labeling; random stratum not yet adjudicated,l1_mae
AOBv2-REAL-1106,asset,pending,single labeling; random stratum not yet adjudicated,
AOBv2-REAL-1107,gauge_readable,pending,single labeling; random stratum not yet adjudicated,"l1_accuracy_f1,l2_commit_rate"
AOBv2-REAL-1107,recommended_action,pending,single labeling; random stratum not yet adjudicated,l3_action_accuracy
AOBv2-REAL-1107,category,pending,single labeling; random stratum not yet adjudicated,a12_recovery_rung
AOBv2-REAL-1107,image_role,pending,single labeling; random stratum not yet adjudicated,scenario_membership
AOBv2-REAL-1107,gauge_value,pending,single labeling; random stratum not yet adjudicated,l1_mae
AOBv2-REAL-1107,asset,pending,single labeling; random stratum not yet adjudicated,
AOBv2-REAL-1108,gauge_readable,pending,single labeling; random stratum not yet adjudicated,"l1_accuracy_f1,l2_commit_rate"
AOBv2-REAL-1108,recommended_action,pending,single labeling; random stratum not yet adjudicated,l3_action_accuracy
AOBv2-REAL-1108,category,pending,single labeling; random stratum not yet adjudicated,a12_recovery_rung
AOBv2-REAL-1108,image_role,pending,single labeling; random stratum not yet adjudicated,scenario_membership
AOBv2-REAL-1108,gauge_value,pending,single labeling; random stratum not yet adjudicated,l1_mae
AOBv2-REAL-1108,asset,pending,single labeling; random stratum not yet adjudicated,
AOBv2-REAL-1109,gauge_readable,pending,single labeling; random stratum not yet adjudicated,"l1_accuracy_f1,l2_commit_rate"
AOBv2-REAL-1109,recommended_action,pending,single labeling; random stratum not yet adjudicated,l3_action_accuracy
AOBv2-REAL-1109,category,pending,single labeling; random stratum not yet adjudicated,a12_recovery_rung
AOBv2-REAL-1109,image_role,pending,single labeling; random stratum not yet adjudicated,scenario_membership
AOBv2-REAL-1109,gauge_value,pending,single labeling; random stratum not yet adjudicated,l1_mae
AOBv2-REAL-1109,asset,pending,single labeling; random stratum not yet adjudicated,
AOBv2-REAL-111,gauge_readable,pending,single labeling; random stratum not yet adjudicated,"l1_accuracy_f1,l2_commit_rate"
AOBv2-REAL-111,recommended_action,pending,single labeling; random stratum not yet adjudicated,l3_action_accuracy
AOBv2-REAL-111,category,pending,single labeling; random stratum not yet adjudicated,a12_recovery_rung
AOBv2-REAL-111,image_role,pending,single labeling; random stratum not yet adjudicated,scenario_membership
AOBv2-REAL-111,gauge_value,pending,single labeling; random stratum not yet adjudicated,l1_mae
AOBv2-REAL-111,asset,pending,single labeling; random stratum not yet adjudicated,
AOBv2-REAL-1110,gauge_readable,pending,single labeling; random stratum not yet adjudicated,"l1_accuracy_f1,l2_commit_rate"
AOBv2-REAL-1110,recommended_action,pending,single labeling; random stratum not yet adjudicated,l3_action_accuracy
AOBv2-REAL-1110,category,pending,single labeling; random stratum not yet adjudicated,a12_recovery_rung
AOBv2-REAL-1110,image_role,pending,single labeling; random stratum not yet adjudicated,scenario_membership
AOBv2-REAL-1110,gauge_value,pending,single labeling; random stratum not yet adjudicated,l1_mae
AOBv2-REAL-1110,asset,pending,single labeling; random stratum not yet adjudicated,
AOBv2-REAL-1111,gauge_readable,pending,single labeling; random stratum not yet adjudicated,"l1_accuracy_f1,l2_commit_rate"
AOBv2-REAL-1111,recommended_action,pending,single labeling; random stratum not yet adjudicated,l3_action_accuracy
AOBv2-REAL-1111,category,pending,single labeling; random stratum not yet adjudicated,a12_recovery_rung
AOBv2-REAL-1111,image_role,pending,single labeling; random stratum not yet adjudicated,scenario_membership
AOBv2-REAL-1111,gauge_value,pending,single labeling; random stratum not yet adjudicated,l1_mae
AOBv2-REAL-1111,asset,pending,single labeling; random stratum not yet adjudicated,
AOBv2-REAL-1112,gauge_readable,pending,single labeling; random stratum not yet adjudicated,"l1_accuracy_f1,l2_commit_rate"
AOBv2-REAL-1112,recommended_action,pending,single labeling; random stratum not yet adjudicated,l3_action_accuracy
AOBv2-REAL-1112,category,pending,single labeling; random stratum not yet adjudicated,a12_recovery_rung
AOBv2-REAL-1112,image_role,pending,single labeling; random stratum not yet adjudicated,scenario_membership
AOBv2-REAL-1112,gauge_value,pending,single labeling; random stratum not yet adjudicated,l1_mae
AOBv2-REAL-1112,asset,pending,single labeling; random stratum not yet adjudicated,
AOBv2-REAL-1113,gauge_readable,pending,single labeling; random stratum not yet adjudicated,"l1_accuracy_f1,l2_commit_rate"
AOBv2-REAL-1113,recommended_action,pending,single labeling; random stratum not yet adjudicated,l3_action_accuracy
AOBv2-REAL-1113,category,pending,single labeling; random stratum not yet adjudicated,a12_recovery_rung
AOBv2-REAL-1113,image_role,pending,single labeling; random stratum not yet adjudicated,scenario_membership
AOBv2-REAL-1113,gauge_value,pending,single labeling; random stratum not yet adjudicated,l1_mae
AOBv2-REAL-1113,asset,pending,single labeling; random stratum not yet adjudicated,
AOBv2-REAL-1114,gauge_readable,pending,single labeling; random stratum not yet adjudicated,"l1_accuracy_f1,l2_commit_rate"
AOBv2-REAL-1114,recommended_action,pending,single labeling; random stratum not yet adjudicated,l3_action_accuracy
AOBv2-REAL-1114,category,pending,single labeling; random stratum not yet adjudicated,a12_recovery_rung
AOBv2-REAL-1114,image_role,pending,single labeling; random stratum not yet adjudicated,scenario_membership
AOBv2-REAL-1114,gauge_value,pending,single labeling; random stratum not yet adjudicated,l1_mae
AOBv2-REAL-1114,asset,pending,single labeling; random stratum not yet adjudicated,
AOBv2-REAL-1115,gauge_readable,pending,single labeling; random stratum not yet adjudicated,"l1_accuracy_f1,l2_commit_rate"
AOBv2-REAL-1115,recommended_action,pending,single labeling; random stratum not yet adjudicated,l3_action_accuracy
AOBv2-REAL-1115,category,pending,single labeling; random stratum not yet adjudicated,a12_recovery_rung
AOBv2-REAL-1115,image_role,pending,single labeling; random stratum not yet adjudicated,scenario_membership
AOBv2-REAL-1115,gauge_value,pending,single labeling; random stratum not yet adjudicated,l1_mae
AOBv2-REAL-1115,asset,pending,single labeling; random stratum not yet adjudicated,
AOBv2-REAL-1116,gauge_readable,pending,single labeling; random stratum not yet adjudicated,"l1_accuracy_f1,l2_commit_rate"
AOBv2-REAL-1116,recommended_action,pending,single labeling; random stratum not yet adjudicated,l3_action_accuracy
AOBv2-REAL-1116,category,pending,single labeling; random stratum not yet adjudicated,a12_recovery_rung
AOBv2-REAL-1116,image_role,pending,single labeling; random stratum not yet adjudicated,scenario_membership
AOBv2-REAL-1116,gauge_value,pending,single labeling; random stratum not yet adjudicated,l1_mae
AOBv2-REAL-1116,asset,pending,single labeling; random stratum not yet adjudicated,
AOBv2-REAL-1117,gauge_readable,pending,single labeling; random stratum not yet adjudicated,"l1_accuracy_f1,l2_commit_rate"
AOBv2-REAL-1117,recommended_action,pending,single labeling; random stratum not yet adjudicated,l3_action_accuracy
AOBv2-REAL-1117,category,pending,single labeling; random stratum not yet adjudicated,a12_recovery_rung
AOBv2-REAL-1117,image_role,pending,single labeling; random stratum not yet adjudicated,scenario_membership
AOBv2-REAL-1117,gauge_value,pending,single labeling; random stratum not yet adjudicated,l1_mae
AOBv2-REAL-1117,asset,pending,single labeling; random stratum not yet adjudicated,
AOBv2-REAL-1118,gauge_readable,pending,single labeling; random stratum not yet adjudicated,"l1_accuracy_f1,l2_commit_rate"
AOBv2-REAL-1118,recommended_action,pending,single labeling; random stratum not yet adjudicated,l3_action_accuracy
AOBv2-REAL-1118,category,pending,single labeling; random stratum not yet adjudicated,a12_recovery_rung
AOBv2-REAL-1118,image_role,pending,single labeling; random stratum not yet adjudicated,scenario_membership
AOBv2-REAL-1118,gauge_value,pending,single labeling; random stratum not yet adjudicated,l1_mae
AOBv2-REAL-1118,asset,pending,single labeling; random stratum not yet adjudicated,
AOBv2-REAL-1119,gauge_readable,pending,single labeling; random stratum not yet adjudicated,"l1_accuracy_f1,l2_commit_rate"
AOBv2-REAL-1119,recommended_action,pending,single labeling; random stratum not yet adjudicated,l3_action_accuracy
AOBv2-REAL-1119,category,pending,single labeling; random stratum not yet adjudicated,a12_recovery_rung
AOBv2-REAL-1119,image_role,pending,single labeling; random stratum not yet adjudicated,scenario_membership
AOBv2-REAL-1119,gauge_value,pending,single labeling; random stratum not yet adjudicated,l1_mae
AOBv2-REAL-1119,asset,pending,single labeling; random stratum not yet adjudicated,
AOBv2-REAL-112,gauge_readable,pending,single labeling; random stratum not yet adjudicated,"l1_accuracy_f1,l2_commit_rate"
AOBv2-REAL-112,recommended_action,pending,single labeling; random stratum not yet adjudicated,l3_action_accuracy
AOBv2-REAL-112,category,pending,single labeling; random stratum not yet adjudicated,a12_recovery_rung
AOBv2-REAL-112,image_role,pending,single labeling; random stratum not yet adjudicated,scenario_membership
AOBv2-REAL-112,gauge_value,pending,single labeling; random stratum not yet adjudicated,l1_mae
AOBv2-REAL-112,asset,pending,single labeling; random stratum not yet adjudicated,
AOBv2-REAL-1120,gauge_readable,pending,single labeling; random stratum not yet adjudicated,"l1_accuracy_f1,l2_commit_rate"
AOBv2-REAL-1120,recommended_action,pending,single labeling; random stratum not yet adjudicated,l3_action_accuracy
AOBv2-REAL-1120,category,pending,single labeling; random stratum not yet adjudicated,a12_recovery_rung
AOBv2-REAL-1120,image_role,pending,single labeling; random stratum not yet adjudicated,scenario_membership
AOBv2-REAL-1120,gauge_value,pending,single labeling; random stratum not yet adjudicated,l1_mae
AOBv2-REAL-1120,asset,pending,single labeling; random stratum not yet adjudicated,
AOBv2-REAL-1121,gauge_readable,pending,single labeling; random stratum not yet adjudicated,"l1_accuracy_f1,l2_commit_rate"
AOBv2-REAL-1121,recommended_action,pending,single labeling; random stratum not yet adjudicated,l3_action_accuracy
AOBv2-REAL-1121,category,pending,single labeling; random stratum not yet adjudicated,a12_recovery_rung
AOBv2-REAL-1121,image_role,pending,single labeling; random stratum not yet adjudicated,scenario_membership
AOBv2-REAL-1121,gauge_value,pending,single labeling; random stratum not yet adjudicated,l1_mae
AOBv2-REAL-1121,asset,pending,single labeling; random stratum not yet adjudicated,
AOBv2-REAL-1122,gauge_readable,pending,single labeling; random stratum not yet adjudicated,"l1_accuracy_f1,l2_commit_rate"
AOBv2-REAL-1122,recommended_action,pending,single labeling; random stratum not yet adjudicated,l3_action_accuracy
AOBv2-REAL-1122,category,pending,single labeling; random stratum not yet adjudicated,a12_recovery_rung
AOBv2-REAL-1122,image_role,pending,single labeling; random stratum not yet adjudicated,scenario_membership
AOBv2-REAL-1122,gauge_value,pending,single labeling; random stratum not yet adjudicated,l1_mae
AOBv2-REAL-1122,asset,pending,single labeling; random stratum not yet adjudicated,
AOBv2-REAL-1123,gauge_readable,pending,single labeling; random stratum not yet adjudicated,"l1_accuracy_f1,l2_commit_rate"
AOBv2-REAL-1123,recommended_action,pending,single labeling; random stratum not yet adjudicated,l3_action_accuracy
AOBv2-REAL-1123,category,pending,single labeling; random stratum not yet adjudicated,a12_recovery_rung
AOBv2-REAL-1123,image_role,pending,single labeling; random stratum not yet adjudicated,scenario_membership
AOBv2-REAL-1123,gauge_value,pending,single labeling; random stratum not yet adjudicated,l1_mae
AOBv2-REAL-1123,asset,pending,single labeling; random stratum not yet adjudicated,
AOBv2-REAL-1124,gauge_readable,pending,single labeling; random stratum not yet adjudicated,"l1_accuracy_f1,l2_commit_rate"
AOBv2-REAL-1124,recommended_action,pending,single labeling; random stratum not yet adjudicated,l3_action_accuracy
AOBv2-REAL-1124,category,pending,single labeling; random stratum not yet adjudicated,a12_recovery_rung
AOBv2-REAL-1124,image_role,pending,single labeling; random stratum not yet adjudicated,scenario_membership
AOBv2-REAL-1124,gauge_value,pending,single labeling; random stratum not yet adjudicated,l1_mae
AOBv2-REAL-1124,asset,pending,single labeling; random stratum not yet adjudicated,
AOBv2-REAL-1125,gauge_readable,pending,single labeling; random stratum not yet adjudicated,"l1_accuracy_f1,l2_commit_rate"
AOBv2-REAL-1125,recommended_action,pending,single labeling; random stratum not yet adjudicated,l3_action_accuracy
AOBv2-REAL-1125,category,pending,single labeling; random stratum not yet adjudicated,a12_recovery_rung
AOBv2-REAL-1125,image_role,pending,single labeling; random stratum not yet adjudicated,scenario_membership
AOBv2-REAL-1125,gauge_value,pending,single labeling; random stratum not yet adjudicated,l1_mae
AOBv2-REAL-1125,asset,pending,single labeling; random stratum not yet adjudicated,
AOBv2-REAL-1126,gauge_readable,pending,single labeling; random stratum not yet adjudicated,"l1_accuracy_f1,l2_commit_rate"
AOBv2-REAL-1126,recommended_action,pending,single labeling; random stratum not yet adjudicated,l3_action_accuracy
AOBv2-REAL-1126,category,pending,single labeling; random stratum not yet adjudicated,a12_recovery_rung
AOBv2-REAL-1126,image_role,pending,single labeling; random stratum not yet adjudicated,scenario_membership
AOBv2-REAL-1126,gauge_value,pending,single labeling; random stratum not yet adjudicated,l1_mae
AOBv2-REAL-1126,asset,pending,single labeling; random stratum not yet adjudicated,
AOBv2-REAL-1127,gauge_readable,pending,single labeling; random stratum not yet adjudicated,"l1_accuracy_f1,l2_commit_rate"
AOBv2-REAL-1127,recommended_action,pending,single labeling; random stratum not yet adjudicated,l3_action_accuracy
AOBv2-REAL-1127,category,pending,single labeling; random stratum not yet adjudicated,a12_recovery_rung
AOBv2-REAL-1127,image_role,pending,single labeling; random stratum not yet adjudicated,scenario_membership
AOBv2-REAL-1127,gauge_value,pending,single labeling; random stratum not yet adjudicated,l1_mae
AOBv2-REAL-1127,asset,pending,single labeling; random stratum not yet adjudicated,
AOBv2-REAL-1128,gauge_readable,pending,single labeling; random stratum not yet adjudicated,"l1_accuracy_f1,l2_commit_rate"
AOBv2-REAL-1128,recommended_action,pending,single labeling; random stratum not yet adjudicated,l3_action_accuracy
AOBv2-REAL-1128,category,pending,single labeling; random stratum not yet adjudicated,a12_recovery_rung
AOBv2-REAL-1128,image_role,pending,single labeling; random stratum not yet adjudicated,scenario_membership
AOBv2-REAL-1128,gauge_value,pending,single labeling; random stratum not yet adjudicated,l1_mae
AOBv2-REAL-1128,asset,pending,single labeling; random stratum not yet adjudicated,
AOBv2-REAL-1129,gauge_readable,pending,single labeling; random stratum not yet adjudicated,"l1_accuracy_f1,l2_commit_rate"
AOBv2-REAL-1129,recommended_action,pending,single labeling; random stratum not yet adjudicated,l3_action_accuracy
AOBv2-REAL-1129,category,pending,single labeling; random stratum not yet adjudicated,a12_recovery_rung
AOBv2-REAL-1129,image_role,pending,single labeling; random stratum not yet adjudicated,scenario_membership
AOBv2-REAL-1129,gauge_value,pending,single labeling; random stratum not yet adjudicated,l1_mae
AOBv2-REAL-1129,asset,pending,single labeling; random stratum not yet adjudicated,
AOBv2-REAL-113,gauge_readable,pending,single labeling; random stratum not yet adjudicated,"l1_accuracy_f1,l2_commit_rate"
AOBv2-REAL-113,recommended_action,pending,single labeling; random stratum not yet adjudicated,l3_action_accuracy
AOBv2-REAL-113,category,pending,single labeling; random stratum not yet adjudicated,a12_recovery_rung
AOBv2-REAL-113,image_role,pending,single labeling; random stratum not yet adjudicated,scenario_membership
AOBv2-REAL-113,gauge_value,pending,single labeling; random stratum not yet adjudicated,l1_mae
AOBv2-REAL-113,asset,pending,single labeling; random stratum not yet adjudicated,
AOBv2-REAL-1130,gauge_readable,pending,single labeling; random stratum not yet adjudicated,"l1_accuracy_f1,l2_commit_rate"
AOBv2-REAL-1130,recommended_action,pending,single labeling; random stratum not yet adjudicated,l3_action_accuracy
AOBv2-REAL-1130,category,pending,single labeling; random stratum not yet adjudicated,a12_recovery_rung
AOBv2-REAL-1130,image_role,pending,single labeling; random stratum not yet adjudicated,scenario_membership
AOBv2-REAL-1130,gauge_value,pending,single labeling; random stratum not yet adjudicated,l1_mae
AOBv2-REAL-1130,asset,pending,single labeling; random stratum not yet adjudicated,
AOBv2-REAL-1131,gauge_readable,pending,single labeling; random stratum not yet adjudicated,"l1_accuracy_f1,l2_commit_rate"
AOBv2-REAL-1131,recommended_action,pending,single labeling; random stratum not yet adjudicated,l3_action_accuracy
AOBv2-REAL-1131,category,pending,single labeling; random stratum not yet adjudicated,a12_recovery_rung
AOBv2-REAL-1131,image_role,pending,single labeling; random stratum not yet adjudicated,scenario_membership
AOBv2-REAL-1131,gauge_value,pending,single labeling; random stratum not yet adjudicated,l1_mae
AOBv2-REAL-1131,asset,pending,single labeling; random stratum not yet adjudicated,
AOBv2-REAL-1132,gauge_readable,pending,single labeling; random stratum not yet adjudicated,"l1_accuracy_f1,l2_commit_rate"
AOBv2-REAL-1132,recommended_action,pending,single labeling; random stratum not yet adjudicated,l3_action_accuracy
AOBv2-REAL-1132,category,pending,single labeling; random stratum not yet adjudicated,a12_recovery_rung
AOBv2-REAL-1132,image_role,pending,single labeling; random stratum not yet adjudicated,scenario_membership
AOBv2-REAL-1132,gauge_value,pending,single labeling; random stratum not yet adjudicated,l1_mae
AOBv2-REAL-1132,asset,pending,single labeling; random stratum not yet adjudicated,
AOBv2-REAL-1133,gauge_readable,pending,single labeling; random stratum not yet adjudicated,"l1_accuracy_f1,l2_commit_rate"
AOBv2-REAL-1133,recommended_action,pending,single labeling; random stratum not yet adjudicated,l3_action_accuracy
AOBv2-REAL-1133,category,pending,single labeling; random stratum not yet adjudicated,a12_recovery_rung
AOBv2-REAL-1133,image_role,pending,single labeling; random stratum not yet adjudicated,scenario_membership
AOBv2-REAL-1133,gauge_value,pending,single labeling; random stratum not yet adjudicated,l1_mae
AOBv2-REAL-1133,asset,pending,single labeling; random stratum not yet adjudicated,
AOBv2-REAL-1134,gauge_readable,pending,single labeling; random stratum not yet adjudicated,"l1_accuracy_f1,l2_commit_rate"
AOBv2-REAL-1134,recommended_action,pending,single labeling; random stratum not yet adjudicated,l3_action_accuracy
AOBv2-REAL-1134,category,pending,single labeling; random stratum not yet adjudicated,a12_recovery_rung
AOBv2-REAL-1134,image_role,pending,single labeling; random stratum not yet adjudicated,scenario_membership
AOBv2-REAL-1134,gauge_value,pending,single labeling; random stratum not yet adjudicated,l1_mae
AOBv2-REAL-1134,asset,pending,single labeling; random stratum not yet adjudicated,
AOBv2-REAL-1135,gauge_readable,pending,single labeling; random stratum not yet adjudicated,"l1_accuracy_f1,l2_commit_rate"
AOBv2-REAL-1135,recommended_action,pending,single labeling; random stratum not yet adjudicated,l3_action_accuracy
AOBv2-REAL-1135,category,pending,single labeling; random stratum not yet adjudicated,a12_recovery_rung
AOBv2-REAL-1135,image_role,pending,single labeling; random stratum not yet adjudicated,scenario_membership
AOBv2-REAL-1135,gauge_value,pending,single labeling; random stratum not yet adjudicated,l1_mae
AOBv2-REAL-1135,asset,pending,single labeling; random stratum not yet adjudicated,
AOBv2-REAL-1136,gauge_readable,pending,single labeling; random stratum not yet adjudicated,"l1_accuracy_f1,l2_commit_rate"
AOBv2-REAL-1136,recommended_action,pending,single labeling; random stratum not yet adjudicated,l3_action_accuracy
AOBv2-REAL-1136,category,pending,single labeling; random stratum not yet adjudicated,a12_recovery_rung
AOBv2-REAL-1136,image_role,pending,single labeling; random stratum not yet adjudicated,scenario_membership
AOBv2-REAL-1136,gauge_value,pending,single labeling; random stratum not yet adjudicated,l1_mae
AOBv2-REAL-1136,asset,pending,single labeling; random stratum not yet adjudicated,
AOBv2-REAL-1137,gauge_readable,pending,single labeling; random stratum not yet adjudicated,"l1_accuracy_f1,l2_commit_rate"
AOBv2-REAL-1137,recommended_action,pending,single labeling; random stratum not yet adjudicated,l3_action_accuracy
AOBv2-REAL-1137,category,pending,single labeling; random stratum not yet adjudicated,a12_recovery_rung
AOBv2-REAL-1137,image_role,pending,single labeling; random stratum not yet adjudicated,scenario_membership
AOBv2-REAL-1137,gauge_value,pending,single labeling; random stratum not yet adjudicated,l1_mae
AOBv2-REAL-1137,asset,pending,single labeling; random stratum not yet adjudicated,
AOBv2-REAL-1138,gauge_readable,pending,single labeling; random stratum not yet adjudicated,"l1_accuracy_f1,l2_commit_rate"
AOBv2-REAL-1138,recommended_action,pending,single labeling; random stratum not yet adjudicated,l3_action_accuracy
AOBv2-REAL-1138,category,pending,single labeling; random stratum not yet adjudicated,a12_recovery_rung
AOBv2-REAL-1138,image_role,pending,single labeling; random stratum not yet adjudicated,scenario_membership
AOBv2-REAL-1138,gauge_value,pending,single labeling; random stratum not yet adjudicated,l1_mae
AOBv2-REAL-1138,asset,pending,single labeling; random stratum not yet adjudicated,
AOBv2-REAL-1139,gauge_readable,pending,single labeling; random stratum not yet adjudicated,"l1_accuracy_f1,l2_commit_rate"
AOBv2-REAL-1139,recommended_action,pending,single labeling; random stratum not yet adjudicated,l3_action_accuracy
AOBv2-REAL-1139,category,pending,single labeling; random stratum not yet adjudicated,a12_recovery_rung
AOBv2-REAL-1139,image_role,pending,single labeling; random stratum not yet adjudicated,scenario_membership
AOBv2-REAL-1139,gauge_value,pending,single labeling; random stratum not yet adjudicated,l1_mae
AOBv2-REAL-1139,asset,pending,single labeling; random stratum not yet adjudicated,
AOBv2-REAL-114,gauge_readable,pending,single labeling; random stratum not yet adjudicated,"l1_accuracy_f1,l2_commit_rate"
AOBv2-REAL-114,recommended_action,pending,single labeling; random stratum not yet adjudicated,l3_action_accuracy
AOBv2-REAL-114,category,pending,single labeling; random stratum not yet adjudicated,a12_recovery_rung
AOBv2-REAL-114,image_role,pending,single labeling; random stratum not yet adjudicated,scenario_membership
AOBv2-REAL-114,gauge_value,pending,single labeling; random stratum not yet adjudicated,l1_mae
AOBv2-REAL-114,asset,pending,single labeling; random stratum not yet adjudicated,
AOBv2-REAL-1140,gauge_readable,pending,single labeling; random stratum not yet adjudicated,"l1_accuracy_f1,l2_commit_rate"
AOBv2-REAL-1140,recommended_action,pending,single labeling; random stratum not yet adjudicated,l3_action_accuracy
AOBv2-REAL-1140,category,pending,single labeling; random stratum not yet adjudicated,a12_recovery_rung
AOBv2-REAL-1140,image_role,pending,single labeling; random stratum not yet adjudicated,scenario_membership
AOBv2-REAL-1140,gauge_value,pending,single labeling; random stratum not yet adjudicated,l1_mae
AOBv2-REAL-1140,asset,pending,single labeling; random stratum not yet adjudicated,
AOBv2-REAL-1141,gauge_readable,pending,single labeling; random stratum not yet adjudicated,"l1_accuracy_f1,l2_commit_rate"
AOBv2-REAL-1141,recommended_action,pending,single labeling; random stratum not yet adjudicated,l3_action_accuracy
AOBv2-REAL-1141,category,pending,single labeling; random stratum not yet adjudicated,a12_recovery_rung
AOBv2-REAL-1141,image_role,pending,single labeling; random stratum not yet adjudicated,scenario_membership
AOBv2-REAL-1141,gauge_value,pending,single labeling; random stratum not yet adjudicated,l1_mae
AOBv2-REAL-1141,asset,pending,single labeling; random stratum not yet adjudicated,
AOBv2-REAL-1142,gauge_readable,pending,single labeling; random stratum not yet adjudicated,"l1_accuracy_f1,l2_commit_rate"
AOBv2-REAL-1142,recommended_action,pending,single labeling; random stratum not yet adjudicated,l3_action_accuracy
AOBv2-REAL-1142,category,pending,single labeling; random stratum not yet adjudicated,a12_recovery_rung
AOBv2-REAL-1142,image_role,pending,single labeling; random stratum not yet adjudicated,scenario_membership
AOBv2-REAL-1142,gauge_value,pending,single labeling; random stratum not yet adjudicated,l1_mae
AOBv2-REAL-1142,asset,pending,single labeling; random stratum not yet adjudicated,
AOBv2-REAL-1143,gauge_readable,pending,single labeling; random stratum not yet adjudicated,"l1_accuracy_f1,l2_commit_rate"
AOBv2-REAL-1143,recommended_action,pending,single labeling; random stratum not yet adjudicated,l3_action_accuracy
AOBv2-REAL-1143,category,pending,single labeling; random stratum not yet adjudicated,a12_recovery_rung
AOBv2-REAL-1143,image_role,pending,single labeling; random stratum not yet adjudicated,scenario_membership
AOBv2-REAL-1143,gauge_value,pending,single labeling; random stratum not yet adjudicated,l1_mae
AOBv2-REAL-1143,asset,pending,single labeling; random stratum not yet adjudicated,
AOBv2-REAL-1144,gauge_readable,pending,single labeling; random stratum not yet adjudicated,"l1_accuracy_f1,l2_commit_rate"
AOBv2-REAL-1144,recommended_action,pending,single labeling; random stratum not yet adjudicated,l3_action_accuracy
AOBv2-REAL-1144,category,pending,single labeling; random stratum not yet adjudicated,a12_recovery_rung
AOBv2-REAL-1144,image_role,pending,single labeling; random stratum not yet adjudicated,scenario_membership
AOBv2-REAL-1144,gauge_value,pending,single labeling; random stratum not yet adjudicated,l1_mae
AOBv2-REAL-1144,asset,pending,single labeling; random stratum not yet adjudicated,
AOBv2-REAL-1145,gauge_readable,pending,single labeling; random stratum not yet adjudicated,"l1_accuracy_f1,l2_commit_rate"
AOBv2-REAL-1145,recommended_action,pending,single labeling; random stratum not yet adjudicated,l3_action_accuracy
AOBv2-REAL-1145,category,pending,single labeling; random stratum not yet adjudicated,a12_recovery_rung
AOBv2-REAL-1145,image_role,pending,single labeling; random stratum not yet adjudicated,scenario_membership
AOBv2-REAL-1145,gauge_value,pending,single labeling; random stratum not yet adjudicated,l1_mae
AOBv2-REAL-1145,asset,pending,single labeling; random stratum not yet adjudicated,
AOBv2-REAL-1146,gauge_readable,pending,single labeling; random stratum not yet adjudicated,"l1_accuracy_f1,l2_commit_rate"
AOBv2-REAL-1146,recommended_action,pending,single labeling; random stratum not yet adjudicated,l3_action_accuracy
AOBv2-REAL-1146,category,pending,single labeling; random stratum not yet adjudicated,a12_recovery_rung
AOBv2-REAL-1146,image_role,pending,single labeling; random stratum not yet adjudicated,scenario_membership
AOBv2-REAL-1146,gauge_value,pending,single labeling; random stratum not yet adjudicated,l1_mae
AOBv2-REAL-1146,asset,pending,single labeling; random stratum not yet adjudicated,
AOBv2-REAL-1147,gauge_readable,pending,single labeling; random stratum not yet adjudicated,"l1_accuracy_f1,l2_commit_rate"
AOBv2-REAL-1147,recommended_action,pending,single labeling; random stratum not yet adjudicated,l3_action_accuracy
AOBv2-REAL-1147,category,pending,single labeling; random stratum not yet adjudicated,a12_recovery_rung
AOBv2-REAL-1147,image_role,pending,single labeling; random stratum not yet adjudicated,scenario_membership
AOBv2-REAL-1147,gauge_value,pending,single labeling; random stratum not yet adjudicated,l1_mae
AOBv2-REAL-1147,asset,pending,single labeling; random stratum not yet adjudicated,
AOBv2-REAL-1148,gauge_readable,pending,single labeling; random stratum not yet adjudicated,"l1_accuracy_f1,l2_commit_rate"
AOBv2-REAL-1148,recommended_action,pending,single labeling; random stratum not yet adjudicated,l3_action_accuracy
AOBv2-REAL-1148,category,pending,single labeling; random stratum not yet adjudicated,a12_recovery_rung
AOBv2-REAL-1148,image_role,pending,single labeling; random stratum not yet adjudicated,scenario_membership
AOBv2-REAL-1148,gauge_value,pending,single labeling; random stratum not yet adjudicated,l1_mae
AOBv2-REAL-1148,asset,pending,single labeling; random stratum not yet adjudicated,
AOBv2-REAL-1149,gauge_readable,pending,single labeling; random stratum not yet adjudicated,"l1_accuracy_f1,l2_commit_rate"
AOBv2-REAL-1149,recommended_action,pending,single labeling; random stratum not yet adjudicated,l3_action_accuracy
AOBv2-REAL-1149,category,pending,single labeling; random stratum not yet adjudicated,a12_recovery_rung
AOBv2-REAL-1149,image_role,pending,single labeling; random stratum not yet adjudicated,scenario_membership
AOBv2-REAL-1149,gauge_value,pending,single labeling; random stratum not yet adjudicated,l1_mae
AOBv2-REAL-1149,asset,pending,single labeling; random stratum not yet adjudicated,
AOBv2-REAL-115,gauge_readable,pending,single labeling; random stratum not yet adjudicated,"l1_accuracy_f1,l2_commit_rate"
AOBv2-REAL-115,recommended_action,pending,single labeling; random stratum not yet adjudicated,l3_action_accuracy
AOBv2-REAL-115,category,pending,single labeling; random stratum not yet adjudicated,a12_recovery_rung
AOBv2-REAL-115,image_role,pending,single labeling; random stratum not yet adjudicated,scenario_membership
AOBv2-REAL-115,gauge_value,pending,single labeling; random stratum not yet adjudicated,l1_mae
AOBv2-REAL-115,asset,pending,single labeling; random stratum not yet adjudicated,
AOBv2-REAL-1150,gauge_readable,pending,single labeling; random stratum not yet adjudicated,"l1_accuracy_f1,l2_commit_rate"
AOBv2-REAL-1150,recommended_action,pending,single labeling; random stratum not yet adjudicated,l3_action_accuracy
AOBv2-REAL-1150,category,pending,single labeling; random stratum not yet adjudicated,a12_recovery_rung
AOBv2-REAL-1150,image_role,pending,single labeling; random stratum not yet adjudicated,scenario_membership
AOBv2-REAL-1150,gauge_value,pending,single labeling; random stratum not yet adjudicated,l1_mae
AOBv2-REAL-1150,asset,pending,single labeling; random stratum not yet adjudicated,
AOBv2-REAL-1151,gauge_readable,pending,single labeling; random stratum not yet adjudicated,"l1_accuracy_f1,l2_commit_rate"
AOBv2-REAL-1151,recommended_action,pending,single labeling; random stratum not yet adjudicated,l3_action_accuracy
AOBv2-REAL-1151,category,pending,single labeling; random stratum not yet adjudicated,a12_recovery_rung
AOBv2-REAL-1151,image_role,pending,single labeling; random stratum not yet adjudicated,scenario_membership
AOBv2-REAL-1151,gauge_value,pending,single labeling; random stratum not yet adjudicated,l1_mae
AOBv2-REAL-1151,asset,pending,single labeling; random stratum not yet adjudicated,
AOBv2-REAL-1152,gauge_readable,pending,single labeling; random stratum not yet adjudicated,"l1_accuracy_f1,l2_commit_rate"
AOBv2-REAL-1152,recommended_action,pending,single labeling; random stratum not yet adjudicated,l3_action_accuracy
AOBv2-REAL-1152,category,pending,single labeling; random stratum not yet adjudicated,a12_recovery_rung
AOBv2-REAL-1152,image_role,pending,single labeling; random stratum not yet adjudicated,scenario_membership
AOBv2-REAL-1152,gauge_value,pending,single labeling; random stratum not yet adjudicated,l1_mae
AOBv2-REAL-1152,asset,pending,single labeling; random stratum not yet adjudicated,
AOBv2-REAL-1153,gauge_readable,pending,single labeling; random stratum not yet adjudicated,"l1_accuracy_f1,l2_commit_rate"
AOBv2-REAL-1153,recommended_action,pending,single labeling; random stratum not yet adjudicated,l3_action_accuracy
AOBv2-REAL-1153,category,pending,single labeling; random stratum not yet adjudicated,a12_recovery_rung
AOBv2-REAL-1153,image_role,pending,single labeling; random stratum not yet adjudicated,scenario_membership
AOBv2-REAL-1153,gauge_value,pending,single labeling; random stratum not yet adjudicated,l1_mae
AOBv2-REAL-1153,asset,pending,single labeling; random stratum not yet adjudicated,
AOBv2-REAL-1154,gauge_readable,pending,single labeling; random stratum not yet adjudicated,"l1_accuracy_f1,l2_commit_rate"
AOBv2-REAL-1154,recommended_action,pending,single labeling; random stratum not yet adjudicated,l3_action_accuracy
AOBv2-REAL-1154,category,pending,single labeling; random stratum not yet adjudicated,a12_recovery_rung
AOBv2-REAL-1154,image_role,pending,single labeling; random stratum not yet adjudicated,scenario_membership
AOBv2-REAL-1154,gauge_value,pending,single labeling; random stratum not yet adjudicated,l1_mae
AOBv2-REAL-1154,asset,pending,single labeling; random stratum not yet adjudicated,
AOBv2-REAL-1155,gauge_readable,pending,single labeling; random stratum not yet adjudicated,"l1_accuracy_f1,l2_commit_rate"
AOBv2-REAL-1155,recommended_action,pending,single labeling; random stratum not yet adjudicated,l3_action_accuracy
AOBv2-REAL-1155,category,pending,single labeling; random stratum not yet adjudicated,a12_recovery_rung
AOBv2-REAL-1155,image_role,pending,single labeling; random stratum not yet adjudicated,scenario_membership
AOBv2-REAL-1155,gauge_value,pending,single labeling; random stratum not yet adjudicated,l1_mae
AOBv2-REAL-1155,asset,pending,single labeling; random stratum not yet adjudicated,
AOBv2-REAL-1156,gauge_readable,pending,single labeling; random stratum not yet adjudicated,"l1_accuracy_f1,l2_commit_rate"
AOBv2-REAL-1156,recommended_action,pending,single labeling; random stratum not yet adjudicated,l3_action_accuracy
AOBv2-REAL-1156,category,pending,single labeling; random stratum not yet adjudicated,a12_recovery_rung
AOBv2-REAL-1156,image_role,pending,single labeling; random stratum not yet adjudicated,scenario_membership
AOBv2-REAL-1156,gauge_value,pending,single labeling; random stratum not yet adjudicated,l1_mae
AOBv2-REAL-1156,asset,pending,single labeling; random stratum not yet adjudicated,
AOBv2-REAL-1157,gauge_readable,pending,single labeling; random stratum not yet adjudicated,"l1_accuracy_f1,l2_commit_rate"
AOBv2-REAL-1157,recommended_action,pending,single labeling; random stratum not yet adjudicated,l3_action_accuracy
AOBv2-REAL-1157,category,pending,single labeling; random stratum not yet adjudicated,a12_recovery_rung
AOBv2-REAL-1157,image_role,pending,single labeling; random stratum not yet adjudicated,scenario_membership
AOBv2-REAL-1157,gauge_value,pending,single labeling; random stratum not yet adjudicated,l1_mae
AOBv2-REAL-1157,asset,pending,single labeling; random stratum not yet adjudicated,
AOBv2-REAL-1158,gauge_readable,pending,single labeling; random stratum not yet adjudicated,"l1_accuracy_f1,l2_commit_rate"
AOBv2-REAL-1158,recommended_action,pending,single labeling; random stratum not yet adjudicated,l3_action_accuracy
AOBv2-REAL-1158,category,pending,single labeling; random stratum not yet adjudicated,a12_recovery_rung
AOBv2-REAL-1158,image_role,pending,single labeling; random stratum not yet adjudicated,scenario_membership
AOBv2-REAL-1158,gauge_value,pending,single labeling; random stratum not yet adjudicated,l1_mae
AOBv2-REAL-1158,asset,pending,single labeling; random stratum not yet adjudicated,
AOBv2-REAL-1159,gauge_readable,pending,single labeling; random stratum not yet adjudicated,"l1_accuracy_f1,l2_commit_rate"
AOBv2-REAL-1159,recommended_action,pending,single labeling; random stratum not yet adjudicated,l3_action_accuracy
AOBv2-REAL-1159,category,pending,single labeling; random stratum not yet adjudicated,a12_recovery_rung
AOBv2-REAL-1159,image_role,pending,single labeling; random stratum not yet adjudicated,scenario_membership
AOBv2-REAL-1159,gauge_value,pending,single labeling; random stratum not yet adjudicated,l1_mae
AOBv2-REAL-1159,asset,pending,single labeling; random stratum not yet adjudicated,
AOBv2-REAL-116,gauge_readable,pending,single labeling; random stratum not yet adjudicated,"l1_accuracy_f1,l2_commit_rate"
AOBv2-REAL-116,recommended_action,pending,single labeling; random stratum not yet adjudicated,l3_action_accuracy
AOBv2-REAL-116,category,pending,single labeling; random stratum not yet adjudicated,a12_recovery_rung
AOBv2-REAL-116,image_role,pending,single labeling; random stratum not yet adjudicated,scenario_membership
AOBv2-REAL-116,gauge_value,pending,single labeling; random stratum not yet adjudicated,l1_mae
AOBv2-REAL-116,asset,pending,single labeling; random stratum not yet adjudicated,
AOBv2-REAL-1160,gauge_readable,pending,single labeling; random stratum not yet adjudicated,"l1_accuracy_f1,l2_commit_rate"
AOBv2-REAL-1160,recommended_action,pending,single labeling; random stratum not yet adjudicated,l3_action_accuracy
AOBv2-REAL-1160,category,pending,single labeling; random stratum not yet adjudicated,a12_recovery_rung
AOBv2-REAL-1160,image_role,pending,single labeling; random stratum not yet adjudicated,scenario_membership
AOBv2-REAL-1160,gauge_value,pending,single labeling; random stratum not yet adjudicated,l1_mae
AOBv2-REAL-1160,asset,pending,single labeling; random stratum not yet adjudicated,
AOBv2-REAL-1161,gauge_readable,pending,single labeling; random stratum not yet adjudicated,"l1_accuracy_f1,l2_commit_rate"
AOBv2-REAL-1161,recommended_action,pending,single labeling; random stratum not yet adjudicated,l3_action_accuracy
AOBv2-REAL-1161,category,pending,single labeling; random stratum not yet adjudicated,a12_recovery_rung
AOBv2-REAL-1161,image_role,pending,single labeling; random stratum not yet adjudicated,scenario_membership
AOBv2-REAL-1161,gauge_value,pending,single labeling; random stratum not yet adjudicated,l1_mae
AOBv2-REAL-1161,asset,pending,single labeling; random stratum not yet adjudicated,
AOBv2-REAL-1162,gauge_readable,pending,single labeling; random stratum not yet adjudicated,"l1_accuracy_f1,l2_commit_rate"
AOBv2-REAL-1162,recommended_action,pending,single labeling; random stratum not yet adjudicated,l3_action_accuracy
AOBv2-REAL-1162,category,pending,single labeling; random stratum not yet adjudicated,a12_recovery_rung
AOBv2-REAL-1162,image_role,pending,single labeling; random stratum not yet adjudicated,scenario_membership
AOBv2-REAL-1162,gauge_value,pending,single labeling; random stratum not yet adjudicated,l1_mae
AOBv2-REAL-1162,asset,pending,single labeling; random stratum not yet adjudicated,
AOBv2-REAL-1163,gauge_readable,pending,single labeling; random stratum not yet adjudicated,"l1_accuracy_f1,l2_commit_rate"
AOBv2-REAL-1163,recommended_action,pending,single labeling; random stratum not yet adjudicated,l3_action_accuracy
AOBv2-REAL-1163,category,pending,single labeling; random stratum not yet adjudicated,a12_recovery_rung
AOBv2-REAL-1163,image_role,pending,single labeling; random stratum not yet adjudicated,scenario_membership
AOBv2-REAL-1163,gauge_value,pending,single labeling; random stratum not yet adjudicated,l1_mae
AOBv2-REAL-1163,asset,pending,single labeling; random stratum not yet adjudicated,
AOBv2-REAL-1164,gauge_readable,pending,single labeling; random stratum not yet adjudicated,"l1_accuracy_f1,l2_commit_rate"
AOBv2-REAL-1164,recommended_action,pending,single labeling; random stratum not yet adjudicated,l3_action_accuracy
AOBv2-REAL-1164,category,pending,single labeling; random stratum not yet adjudicated,a12_recovery_rung
AOBv2-REAL-1164,image_role,pending,single labeling; random stratum not yet adjudicated,scenario_membership
AOBv2-REAL-1164,gauge_value,pending,single labeling; random stratum not yet adjudicated,l1_mae
AOBv2-REAL-1164,asset,pending,single labeling; random stratum not yet adjudicated,
AOBv2-REAL-1165,gauge_readable,pending,single labeling; random stratum not yet adjudicated,"l1_accuracy_f1,l2_commit_rate"
AOBv2-REAL-1165,recommended_action,pending,single labeling; random stratum not yet adjudicated,l3_action_accuracy
AOBv2-REAL-1165,category,pending,single labeling; random stratum not yet adjudicated,a12_recovery_rung
AOBv2-REAL-1165,image_role,pending,single labeling; random stratum not yet adjudicated,scenario_membership
AOBv2-REAL-1165,gauge_value,pending,single labeling; random stratum not yet adjudicated,l1_mae
AOBv2-REAL-1165,asset,pending,single labeling; random stratum not yet adjudicated,
AOBv2-REAL-1166,gauge_readable,pending,single labeling; random stratum not yet adjudicated,"l1_accuracy_f1,l2_commit_rate"
AOBv2-REAL-1166,recommended_action,pending,single labeling; random stratum not yet adjudicated,l3_action_accuracy
AOBv2-REAL-1166,category,pending,single labeling; random stratum not yet adjudicated,a12_recovery_rung
AOBv2-REAL-1166,image_role,pending,single labeling; random stratum not yet adjudicated,scenario_membership
AOBv2-REAL-1166,gauge_value,pending,single labeling; random stratum not yet adjudicated,l1_mae
AOBv2-REAL-1166,asset,pending,single labeling; random stratum not yet adjudicated,
AOBv2-REAL-1167,gauge_readable,pending,single labeling; random stratum not yet adjudicated,"l1_accuracy_f1,l2_commit_rate"
AOBv2-REAL-1167,recommended_action,pending,single labeling; random stratum not yet adjudicated,l3_action_accuracy
AOBv2-REAL-1167,category,pending,single labeling; random stratum not yet adjudicated,a12_recovery_rung
AOBv2-REAL-1167,image_role,pending,single labeling; random stratum not yet adjudicated,scenario_membership
AOBv2-REAL-1167,gauge_value,pending,single labeling; random stratum not yet adjudicated,l1_mae
AOBv2-REAL-1167,asset,pending,single labeling; random stratum not yet adjudicated,
AOBv2-REAL-1168,gauge_readable,pending,single labeling; random stratum not yet adjudicated,"l1_accuracy_f1,l2_commit_rate"
AOBv2-REAL-1168,recommended_action,pending,single labeling; random stratum not yet adjudicated,l3_action_accuracy
AOBv2-REAL-1168,category,pending,single labeling; random stratum not yet adjudicated,a12_recovery_rung
AOBv2-REAL-1168,image_role,pending,single labeling; random stratum not yet adjudicated,scenario_membership
AOBv2-REAL-1168,gauge_value,pending,single labeling; random stratum not yet adjudicated,l1_mae
AOBv2-REAL-1168,asset,pending,single labeling; random stratum not yet adjudicated,
AOBv2-REAL-1169,gauge_readable,pending,single labeling; random stratum not yet adjudicated,"l1_accuracy_f1,l2_commit_rate"
AOBv2-REAL-1169,recommended_action,pending,single labeling; random stratum not yet adjudicated,l3_action_accuracy
AOBv2-REAL-1169,category,pending,single labeling; random stratum not yet adjudicated,a12_recovery_rung
AOBv2-REAL-1169,image_role,pending,single labeling; random stratum not yet adjudicated,scenario_membership
AOBv2-REAL-1169,gauge_value,pending,single labeling; random stratum not yet adjudicated,l1_mae
AOBv2-REAL-1169,asset,pending,single labeling; random stratum not yet adjudicated,
AOBv2-REAL-117,gauge_readable,pending,single labeling; random stratum not yet adjudicated,"l1_accuracy_f1,l2_commit_rate"
AOBv2-REAL-117,recommended_action,pending,single labeling; random stratum not yet adjudicated,l3_action_accuracy
AOBv2-REAL-117,category,pending,single labeling; random stratum not yet adjudicated,a12_recovery_rung
AOBv2-REAL-117,image_role,pending,single labeling; random stratum not yet adjudicated,scenario_membership
AOBv2-REAL-117,gauge_value,pending,single labeling; random stratum not yet adjudicated,l1_mae
AOBv2-REAL-117,asset,pending,single labeling; random stratum not yet adjudicated,
AOBv2-REAL-1170,gauge_readable,pending,single labeling; random stratum not yet adjudicated,"l1_accuracy_f1,l2_commit_rate"
AOBv2-REAL-1170,recommended_action,pending,single labeling; random stratum not yet adjudicated,l3_action_accuracy
AOBv2-REAL-1170,category,pending,single labeling; random stratum not yet adjudicated,a12_recovery_rung
AOBv2-REAL-1170,image_role,pending,single labeling; random stratum not yet adjudicated,scenario_membership
AOBv2-REAL-1170,gauge_value,pending,single labeling; random stratum not yet adjudicated,l1_mae
AOBv2-REAL-1170,asset,pending,single labeling; random stratum not yet adjudicated,
AOBv2-REAL-1171,gauge_readable,pending,single labeling; random stratum not yet adjudicated,"l1_accuracy_f1,l2_commit_rate"
AOBv2-REAL-1171,recommended_action,pending,single labeling; random stratum not yet adjudicated,l3_action_accuracy
AOBv2-REAL-1171,category,pending,single labeling; random stratum not yet adjudicated,a12_recovery_rung
AOBv2-REAL-1171,image_role,pending,single labeling; random stratum not yet adjudicated,scenario_membership
AOBv2-REAL-1171,gauge_value,pending,single labeling; random stratum not yet adjudicated,l1_mae
AOBv2-REAL-1171,asset,pending,single labeling; random stratum not yet adjudicated,
AOBv2-REAL-1172,gauge_readable,pending,single labeling; random stratum not yet adjudicated,"l1_accuracy_f1,l2_commit_rate"
AOBv2-REAL-1172,recommended_action,pending,single labeling; random stratum not yet adjudicated,l3_action_accuracy
AOBv2-REAL-1172,category,pending,single labeling; random stratum not yet adjudicated,a12_recovery_rung
AOBv2-REAL-1172,image_role,pending,single labeling; random stratum not yet adjudicated,scenario_membership
AOBv2-REAL-1172,gauge_value,pending,single labeling; random stratum not yet adjudicated,l1_mae
AOBv2-REAL-1172,asset,pending,single labeling; random stratum not yet adjudicated,
AOBv2-REAL-1173,gauge_readable,pending,single labeling; random stratum not yet adjudicated,"l1_accuracy_f1,l2_commit_rate"
AOBv2-REAL-1173,recommended_action,pending,single labeling; random stratum not yet adjudicated,l3_action_accuracy
AOBv2-REAL-1173,category,pending,single labeling; random stratum not yet adjudicated,a12_recovery_rung
AOBv2-REAL-1173,image_role,pending,single labeling; random stratum not yet adjudicated,scenario_membership
AOBv2-REAL-1173,gauge_value,pending,single labeling; random stratum not yet adjudicated,l1_mae
AOBv2-REAL-1173,asset,pending,single labeling; random stratum not yet adjudicated,
AOBv2-REAL-1174,gauge_readable,pending,single labeling; random stratum not yet adjudicated,"l1_accuracy_f1,l2_commit_rate"
AOBv2-REAL-1174,recommended_action,pending,single labeling; random stratum not yet adjudicated,l3_action_accuracy
AOBv2-REAL-1174,category,pending,single labeling; random stratum not yet adjudicated,a12_recovery_rung
AOBv2-REAL-1174,image_role,pending,single labeling; random stratum not yet adjudicated,scenario_membership
AOBv2-REAL-1174,gauge_value,pending,single labeling; random stratum not yet adjudicated,l1_mae
AOBv2-REAL-1174,asset,pending,single labeling; random stratum not yet adjudicated,
AOBv2-REAL-1175,gauge_readable,pending,single labeling; random stratum not yet adjudicated,"l1_accuracy_f1,l2_commit_rate"
AOBv2-REAL-1175,recommended_action,pending,single labeling; random stratum not yet adjudicated,l3_action_accuracy
AOBv2-REAL-1175,category,pending,single labeling; random stratum not yet adjudicated,a12_recovery_rung
AOBv2-REAL-1175,image_role,pending,single labeling; random stratum not yet adjudicated,scenario_membership
AOBv2-REAL-1175,gauge_value,pending,single labeling; random stratum not yet adjudicated,l1_mae
AOBv2-REAL-1175,asset,pending,single labeling; random stratum not yet adjudicated,
AOBv2-REAL-1176,gauge_readable,pending,single labeling; random stratum not yet adjudicated,"l1_accuracy_f1,l2_commit_rate"
AOBv2-REAL-1176,recommended_action,pending,single labeling; random stratum not yet adjudicated,l3_action_accuracy
AOBv2-REAL-1176,category,pending,single labeling; random stratum not yet adjudicated,a12_recovery_rung
AOBv2-REAL-1176,image_role,pending,single labeling; random stratum not yet adjudicated,scenario_membership
AOBv2-REAL-1176,gauge_value,pending,single labeling; random stratum not yet adjudicated,l1_mae
AOBv2-REAL-1176,asset,pending,single labeling; random stratum not yet adjudicated,
AOBv2-REAL-1177,gauge_readable,pending,single labeling; random stratum not yet adjudicated,"l1_accuracy_f1,l2_commit_rate"
AOBv2-REAL-1177,recommended_action,pending,single labeling; random stratum not yet adjudicated,l3_action_accuracy
AOBv2-REAL-1177,category,pending,single labeling; random stratum not yet adjudicated,a12_recovery_rung
AOBv2-REAL-1177,image_role,pending,single labeling; random stratum not yet adjudicated,scenario_membership
AOBv2-REAL-1177,gauge_value,pending,single labeling; random stratum not yet adjudicated,l1_mae
AOBv2-REAL-1177,asset,pending,single labeling; random stratum not yet adjudicated,
AOBv2-REAL-1178,gauge_readable,pending,single labeling; random stratum not yet adjudicated,"l1_accuracy_f1,l2_commit_rate"
AOBv2-REAL-1178,recommended_action,pending,single labeling; random stratum not yet adjudicated,l3_action_accuracy
AOBv2-REAL-1178,category,pending,single labeling; random stratum not yet adjudicated,a12_recovery_rung
AOBv2-REAL-1178,image_role,pending,single labeling; random stratum not yet adjudicated,scenario_membership
AOBv2-REAL-1178,gauge_value,pending,single labeling; random stratum not yet adjudicated,l1_mae
AOBv2-REAL-1178,asset,pending,single labeling; random stratum not yet adjudicated,
AOBv2-REAL-1179,gauge_readable,pending,single labeling; random stratum not yet adjudicated,"l1_accuracy_f1,l2_commit_rate"
AOBv2-REAL-1179,recommended_action,pending,single labeling; random stratum not yet adjudicated,l3_action_accuracy
AOBv2-REAL-1179,category,pending,single labeling; random stratum not yet adjudicated,a12_recovery_rung
AOBv2-REAL-1179,image_role,pending,single labeling; random stratum not yet adjudicated,scenario_membership
AOBv2-REAL-1179,gauge_value,pending,single labeling; random stratum not yet adjudicated,l1_mae
AOBv2-REAL-1179,asset,pending,single labeling; random stratum not yet adjudicated,
AOBv2-REAL-118,gauge_readable,pending,single labeling; random stratum not yet adjudicated,"l1_accuracy_f1,l2_commit_rate"
AOBv2-REAL-118,recommended_action,pending,single labeling; random stratum not yet adjudicated,l3_action_accuracy
AOBv2-REAL-118,category,pending,single labeling; random stratum not yet adjudicated,a12_recovery_rung
AOBv2-REAL-118,image_role,pending,single labeling; random stratum not yet adjudicated,scenario_membership
AOBv2-REAL-118,gauge_value,pending,single labeling; random stratum not yet adjudicated,l1_mae
AOBv2-REAL-118,asset,pending,single labeling; random stratum not yet adjudicated,
AOBv2-REAL-1180,gauge_readable,pending,single labeling; random stratum not yet adjudicated,"l1_accuracy_f1,l2_commit_rate"
AOBv2-REAL-1180,recommended_action,pending,single labeling; random stratum not yet adjudicated,l3_action_accuracy
AOBv2-REAL-1180,category,pending,single labeling; random stratum not yet adjudicated,a12_recovery_rung
AOBv2-REAL-1180,image_role,pending,single labeling; random stratum not yet adjudicated,scenario_membership
AOBv2-REAL-1180,gauge_value,pending,single labeling; random stratum not yet adjudicated,l1_mae
AOBv2-REAL-1180,asset,pending,single labeling; random stratum not yet adjudicated,
AOBv2-REAL-1181,gauge_readable,pending,single labeling; random stratum not yet adjudicated,"l1_accuracy_f1,l2_commit_rate"
AOBv2-REAL-1181,recommended_action,pending,single labeling; random stratum not yet adjudicated,l3_action_accuracy
AOBv2-REAL-1181,category,pending,single labeling; random stratum not yet adjudicated,a12_recovery_rung
AOBv2-REAL-1181,image_role,pending,single labeling; random stratum not yet adjudicated,scenario_membership
AOBv2-REAL-1181,gauge_value,pending,single labeling; random stratum not yet adjudicated,l1_mae
AOBv2-REAL-1181,asset,pending,single labeling; random stratum not yet adjudicated,
AOBv2-REAL-1182,gauge_readable,pending,single labeling; random stratum not yet adjudicated,"l1_accuracy_f1,l2_commit_rate"
AOBv2-REAL-1182,recommended_action,pending,single labeling; random stratum not yet adjudicated,l3_action_accuracy
AOBv2-REAL-1182,category,pending,single labeling; random stratum not yet adjudicated,a12_recovery_rung
AOBv2-REAL-1182,image_role,pending,single labeling; random stratum not yet adjudicated,scenario_membership
AOBv2-REAL-1182,gauge_value,pending,single labeling; random stratum not yet adjudicated,l1_mae
AOBv2-REAL-1182,asset,pending,single labeling; random stratum not yet adjudicated,
AOBv2-REAL-1183,gauge_readable,pending,single labeling; random stratum not yet adjudicated,"l1_accuracy_f1,l2_commit_rate"
AOBv2-REAL-1183,recommended_action,pending,single labeling; random stratum not yet adjudicated,l3_action_accuracy
AOBv2-REAL-1183,category,pending,single labeling; random stratum not yet adjudicated,a12_recovery_rung
AOBv2-REAL-1183,image_role,pending,single labeling; random stratum not yet adjudicated,scenario_membership
AOBv2-REAL-1183,gauge_value,pending,single labeling; random stratum not yet adjudicated,l1_mae
AOBv2-REAL-1183,asset,pending,single labeling; random stratum not yet adjudicated,
AOBv2-REAL-1184,gauge_readable,pending,single labeling; random stratum not yet adjudicated,"l1_accuracy_f1,l2_commit_rate"
AOBv2-REAL-1184,recommended_action,pending,single labeling; random stratum not yet adjudicated,l3_action_accuracy
AOBv2-REAL-1184,category,pending,single labeling; random stratum not yet adjudicated,a12_recovery_rung
AOBv2-REAL-1184,image_role,pending,single labeling; random stratum not yet adjudicated,scenario_membership
AOBv2-REAL-1184,gauge_value,pending,single labeling; random stratum not yet adjudicated,l1_mae
AOBv2-REAL-1184,asset,pending,single labeling; random stratum not yet adjudicated,
AOBv2-REAL-1185,gauge_readable,pending,single labeling; random stratum not yet adjudicated,"l1_accuracy_f1,l2_commit_rate"
AOBv2-REAL-1185,recommended_action,pending,single labeling; random stratum not yet adjudicated,l3_action_accuracy
AOBv2-REAL-1185,category,pending,single labeling; random stratum not yet adjudicated,a12_recovery_rung
AOBv2-REAL-1185,image_role,pending,single labeling; random stratum not yet adjudicated,scenario_membership
AOBv2-REAL-1185,gauge_value,pending,single labeling; random stratum not yet adjudicated,l1_mae
AOBv2-REAL-1185,asset,pending,single labeling; random stratum not yet adjudicated,
AOBv2-REAL-1186,gauge_readable,pending,single labeling; random stratum not yet adjudicated,"l1_accuracy_f1,l2_commit_rate"
AOBv2-REAL-1186,recommended_action,pending,single labeling; random stratum not yet adjudicated,l3_action_accuracy
AOBv2-REAL-1186,category,pending,single labeling; random stratum not yet adjudicated,a12_recovery_rung
AOBv2-REAL-1186,image_role,pending,single labeling; random stratum not yet adjudicated,scenario_membership
AOBv2-REAL-1186,gauge_value,pending,single labeling; random stratum not yet adjudicated,l1_mae
AOBv2-REAL-1186,asset,pending,single labeling; random stratum not yet adjudicated,
AOBv2-REAL-1187,gauge_readable,pending,single labeling; random stratum not yet adjudicated,"l1_accuracy_f1,l2_commit_rate"
AOBv2-REAL-1187,recommended_action,pending,single labeling; random stratum not yet adjudicated,l3_action_accuracy
AOBv2-REAL-1187,category,pending,single labeling; random stratum not yet adjudicated,a12_recovery_rung
AOBv2-REAL-1187,image_role,pending,single labeling; random stratum not yet adjudicated,scenario_membership
AOBv2-REAL-1187,gauge_value,pending,single labeling; random stratum not yet adjudicated,l1_mae
AOBv2-REAL-1187,asset,pending,single labeling; random stratum not yet adjudicated,
AOBv2-REAL-1188,gauge_readable,pending,single labeling; random stratum not yet adjudicated,"l1_accuracy_f1,l2_commit_rate"
AOBv2-REAL-1188,recommended_action,pending,single labeling; random stratum not yet adjudicated,l3_action_accuracy
AOBv2-REAL-1188,category,pending,single labeling; random stratum not yet adjudicated,a12_recovery_rung
AOBv2-REAL-1188,image_role,pending,single labeling; random stratum not yet adjudicated,scenario_membership
AOBv2-REAL-1188,gauge_value,pending,single labeling; random stratum not yet adjudicated,l1_mae
AOBv2-REAL-1188,asset,pending,single labeling; random stratum not yet adjudicated,
AOBv2-REAL-1189,gauge_readable,pending,single labeling; random stratum not yet adjudicated,"l1_accuracy_f1,l2_commit_rate"
AOBv2-REAL-1189,recommended_action,pending,single labeling; random stratum not yet adjudicated,l3_action_accuracy
AOBv2-REAL-1189,category,pending,single labeling; random stratum not yet adjudicated,a12_recovery_rung
AOBv2-REAL-1189,image_role,pending,single labeling; random stratum not yet adjudicated,scenario_membership
AOBv2-REAL-1189,gauge_value,pending,single labeling; random stratum not yet adjudicated,l1_mae
AOBv2-REAL-1189,asset,pending,single labeling; random stratum not yet adjudicated,
AOBv2-REAL-119,gauge_readable,pending,single labeling; random stratum not yet adjudicated,"l1_accuracy_f1,l2_commit_rate"
AOBv2-REAL-119,recommended_action,pending,single labeling; random stratum not yet adjudicated,l3_action_accuracy
AOBv2-REAL-119,category,pending,single labeling; random stratum not yet adjudicated,a12_recovery_rung
AOBv2-REAL-119,image_role,pending,single labeling; random stratum not yet adjudicated,scenario_membership
AOBv2-REAL-119,gauge_value,pending,single labeling; random stratum not yet adjudicated,l1_mae
AOBv2-REAL-119,asset,pending,single labeling; random stratum not yet adjudicated,
AOBv2-REAL-1190,gauge_readable,pending,single labeling; random stratum not yet adjudicated,"l1_accuracy_f1,l2_commit_rate"
AOBv2-REAL-1190,recommended_action,pending,single labeling; random stratum not yet adjudicated,l3_action_accuracy
AOBv2-REAL-1190,category,pending,single labeling; random stratum not yet adjudicated,a12_recovery_rung
AOBv2-REAL-1190,image_role,pending,single labeling; random stratum not yet adjudicated,scenario_membership
AOBv2-REAL-1190,gauge_value,pending,single labeling; random stratum not yet adjudicated,l1_mae
AOBv2-REAL-1190,asset,pending,single labeling; random stratum not yet adjudicated,
AOBv2-REAL-1191,gauge_readable,pending,single labeling; random stratum not yet adjudicated,"l1_accuracy_f1,l2_commit_rate"
AOBv2-REAL-1191,recommended_action,pending,single labeling; random stratum not yet adjudicated,l3_action_accuracy
AOBv2-REAL-1191,category,pending,single labeling; random stratum not yet adjudicated,a12_recovery_rung
AOBv2-REAL-1191,image_role,pending,single labeling; random stratum not yet adjudicated,scenario_membership
AOBv2-REAL-1191,gauge_value,pending,single labeling; random stratum not yet adjudicated,l1_mae
AOBv2-REAL-1191,asset,pending,single labeling; random stratum not yet adjudicated,
AOBv2-REAL-1192,gauge_readable,pending,single labeling; random stratum not yet adjudicated,"l1_accuracy_f1,l2_commit_rate"
AOBv2-REAL-1192,recommended_action,pending,single labeling; random stratum not yet adjudicated,l3_action_accuracy
AOBv2-REAL-1192,category,pending,single labeling; random stratum not yet adjudicated,a12_recovery_rung
AOBv2-REAL-1192,image_role,pending,single labeling; random stratum not yet adjudicated,scenario_membership
AOBv2-REAL-1192,gauge_value,pending,single labeling; random stratum not yet adjudicated,l1_mae
AOBv2-REAL-1192,asset,pending,single labeling; random stratum not yet adjudicated,
AOBv2-REAL-1193,gauge_readable,pending,single labeling; random stratum not yet adjudicated,"l1_accuracy_f1,l2_commit_rate"
AOBv2-REAL-1193,recommended_action,pending,single labeling; random stratum not yet adjudicated,l3_action_accuracy
AOBv2-REAL-1193,category,pending,single labeling; random stratum not yet adjudicated,a12_recovery_rung
AOBv2-REAL-1193,image_role,pending,single labeling; random stratum not yet adjudicated,scenario_membership
AOBv2-REAL-1193,gauge_value,pending,single labeling; random stratum not yet adjudicated,l1_mae
AOBv2-REAL-1193,asset,pending,single labeling; random stratum not yet adjudicated,
AOBv2-REAL-1194,gauge_readable,pending,single labeling; random stratum not yet adjudicated,"l1_accuracy_f1,l2_commit_rate"
AOBv2-REAL-1194,recommended_action,pending,single labeling; random stratum not yet adjudicated,l3_action_accuracy
AOBv2-REAL-1194,category,pending,single labeling; random stratum not yet adjudicated,a12_recovery_rung
AOBv2-REAL-1194,image_role,pending,single labeling; random stratum not yet adjudicated,scenario_membership
AOBv2-REAL-1194,gauge_value,pending,single labeling; random stratum not yet adjudicated,l1_mae
AOBv2-REAL-1194,asset,pending,single labeling; random stratum not yet adjudicated,
AOBv2-REAL-1195,gauge_readable,pending,single labeling; random stratum not yet adjudicated,"l1_accuracy_f1,l2_commit_rate"
AOBv2-REAL-1195,recommended_action,pending,single labeling; random stratum not yet adjudicated,l3_action_accuracy
AOBv2-REAL-1195,category,pending,single labeling; random stratum not yet adjudicated,a12_recovery_rung
AOBv2-REAL-1195,image_role,pending,single labeling; random stratum not yet adjudicated,scenario_membership
AOBv2-REAL-1195,gauge_value,pending,single labeling; random stratum not yet adjudicated,l1_mae
AOBv2-REAL-1195,asset,pending,single labeling; random stratum not yet adjudicated,
AOBv2-REAL-1196,gauge_readable,pending,single labeling; random stratum not yet adjudicated,"l1_accuracy_f1,l2_commit_rate"
AOBv2-REAL-1196,recommended_action,pending,single labeling; random stratum not yet adjudicated,l3_action_accuracy
AOBv2-REAL-1196,category,pending,single labeling; random stratum not yet adjudicated,a12_recovery_rung
AOBv2-REAL-1196,image_role,pending,single labeling; random stratum not yet adjudicated,scenario_membership
AOBv2-REAL-1196,gauge_value,pending,single labeling; random stratum not yet adjudicated,l1_mae
AOBv2-REAL-1196,asset,pending,single labeling; random stratum not yet adjudicated,
AOBv2-REAL-1197,gauge_readable,pending,single labeling; random stratum not yet adjudicated,"l1_accuracy_f1,l2_commit_rate"
AOBv2-REAL-1197,recommended_action,pending,single labeling; random stratum not yet adjudicated,l3_action_accuracy
AOBv2-REAL-1197,category,pending,single labeling; random stratum not yet adjudicated,a12_recovery_rung
AOBv2-REAL-1197,image_role,pending,single labeling; random stratum not yet adjudicated,scenario_membership
AOBv2-REAL-1197,gauge_value,pending,single labeling; random stratum not yet adjudicated,l1_mae
AOBv2-REAL-1197,asset,pending,single labeling; random stratum not yet adjudicated,
AOBv2-REAL-1198,gauge_readable,pending,single labeling; random stratum not yet adjudicated,"l1_accuracy_f1,l2_commit_rate"
AOBv2-REAL-1198,recommended_action,pending,single labeling; random stratum not yet adjudicated,l3_action_accuracy
AOBv2-REAL-1198,category,pending,single labeling; random stratum not yet adjudicated,a12_recovery_rung
AOBv2-REAL-1198,image_role,pending,single labeling; random stratum not yet adjudicated,scenario_membership
AOBv2-REAL-1198,gauge_value,pending,single labeling; random stratum not yet adjudicated,l1_mae
AOBv2-REAL-1198,asset,pending,single labeling; random stratum not yet adjudicated,
AOBv2-REAL-1199,gauge_readable,pending,single labeling; random stratum not yet adjudicated,"l1_accuracy_f1,l2_commit_rate"
AOBv2-REAL-1199,recommended_action,pending,single labeling; random stratum not yet adjudicated,l3_action_accuracy
AOBv2-REAL-1199,category,pending,single labeling; random stratum not yet adjudicated,a12_recovery_rung
AOBv2-REAL-1199,image_role,pending,single labeling; random stratum not yet adjudicated,scenario_membership
AOBv2-REAL-1199,gauge_value,pending,single labeling; random stratum not yet adjudicated,l1_mae
AOBv2-REAL-1199,asset,pending,single labeling; random stratum not yet adjudicated,
AOBv2-REAL-120,gauge_readable,pending,single labeling; random stratum not yet adjudicated,"l1_accuracy_f1,l2_commit_rate"
AOBv2-REAL-120,recommended_action,pending,single labeling; random stratum not yet adjudicated,l3_action_accuracy
AOBv2-REAL-120,category,pending,single labeling; random stratum not yet adjudicated,a12_recovery_rung
AOBv2-REAL-120,image_role,pending,single labeling; random stratum not yet adjudicated,scenario_membership
AOBv2-REAL-120,gauge_value,pending,single labeling; random stratum not yet adjudicated,l1_mae
AOBv2-REAL-120,asset,pending,single labeling; random stratum not yet adjudicated,
AOBv2-REAL-1200,gauge_readable,pending,single labeling; random stratum not yet adjudicated,"l1_accuracy_f1,l2_commit_rate"
AOBv2-REAL-1200,recommended_action,pending,single labeling; random stratum not yet adjudicated,l3_action_accuracy
AOBv2-REAL-1200,category,pending,single labeling; random stratum not yet adjudicated,a12_recovery_rung
AOBv2-REAL-1200,image_role,pending,single labeling; random stratum not yet adjudicated,scenario_membership
AOBv2-REAL-1200,gauge_value,pending,single labeling; random stratum not yet adjudicated,l1_mae
AOBv2-REAL-1200,asset,pending,single labeling; random stratum not yet adjudicated,
AOBv2-REAL-1201,gauge_readable,pending,single labeling; random stratum not yet adjudicated,"l1_accuracy_f1,l2_commit_rate"
AOBv2-REAL-1201,recommended_action,pending,single labeling; random stratum not yet adjudicated,l3_action_accuracy
AOBv2-REAL-1201,category,pending,single labeling; random stratum not yet adjudicated,a12_recovery_rung
AOBv2-REAL-1201,image_role,pending,single labeling; random stratum not yet adjudicated,scenario_membership
AOBv2-REAL-1201,gauge_value,pending,single labeling; random stratum not yet adjudicated,l1_mae
AOBv2-REAL-1201,asset,pending,single labeling; random stratum not yet adjudicated,
AOBv2-REAL-1202,gauge_readable,pending,single labeling; random stratum not yet adjudicated,"l1_accuracy_f1,l2_commit_rate"
AOBv2-REAL-1202,recommended_action,pending,single labeling; random stratum not yet adjudicated,l3_action_accuracy
AOBv2-REAL-1202,category,pending,single labeling; random stratum not yet adjudicated,a12_recovery_rung
AOBv2-REAL-1202,image_role,pending,single labeling; random stratum not yet adjudicated,scenario_membership
AOBv2-REAL-1202,gauge_value,pending,single labeling; random stratum not yet adjudicated,l1_mae
AOBv2-REAL-1202,asset,pending,single labeling; random stratum not yet adjudicated,
AOBv2-REAL-1203,gauge_readable,pending,single labeling; random stratum not yet adjudicated,"l1_accuracy_f1,l2_commit_rate"
AOBv2-REAL-1203,recommended_action,pending,single labeling; random stratum not yet adjudicated,l3_action_accuracy
AOBv2-REAL-1203,category,pending,single labeling; random stratum not yet adjudicated,a12_recovery_rung
AOBv2-REAL-1203,image_role,pending,single labeling; random stratum not yet adjudicated,scenario_membership
AOBv2-REAL-1203,gauge_value,pending,single labeling; random stratum not yet adjudicated,l1_mae
AOBv2-REAL-1203,asset,pending,single labeling; random stratum not yet adjudicated,
AOBv2-REAL-1204,gauge_readable,pending,single labeling; random stratum not yet adjudicated,"l1_accuracy_f1,l2_commit_rate"
AOBv2-REAL-1204,recommended_action,pending,single labeling; random stratum not yet adjudicated,l3_action_accuracy
AOBv2-REAL-1204,category,pending,single labeling; random stratum not yet adjudicated,a12_recovery_rung
AOBv2-REAL-1204,image_role,pending,single labeling; random stratum not yet adjudicated,scenario_membership
AOBv2-REAL-1204,gauge_value,pending,single labeling; random stratum not yet adjudicated,l1_mae
AOBv2-REAL-1204,asset,pending,single labeling; random stratum not yet adjudicated,
AOBv2-REAL-1205,gauge_readable,pending,single labeling; random stratum not yet adjudicated,"l1_accuracy_f1,l2_commit_rate"
AOBv2-REAL-1205,recommended_action,pending,single labeling; random stratum not yet adjudicated,l3_action_accuracy
AOBv2-REAL-1205,category,pending,single labeling; random stratum not yet adjudicated,a12_recovery_rung
AOBv2-REAL-1205,image_role,pending,single labeling; random stratum not yet adjudicated,scenario_membership
AOBv2-REAL-1205,gauge_value,pending,single labeling; random stratum not yet adjudicated,l1_mae
AOBv2-REAL-1205,asset,pending,single labeling; random stratum not yet adjudicated,
AOBv2-REAL-1206,gauge_readable,pending,single labeling; random stratum not yet adjudicated,"l1_accuracy_f1,l2_commit_rate"
AOBv2-REAL-1206,recommended_action,pending,single labeling; random stratum not yet adjudicated,l3_action_accuracy
AOBv2-REAL-1206,category,pending,single labeling; random stratum not yet adjudicated,a12_recovery_rung
AOBv2-REAL-1206,image_role,pending,single labeling; random stratum not yet adjudicated,scenario_membership
AOBv2-REAL-1206,gauge_value,pending,single labeling; random stratum not yet adjudicated,l1_mae
AOBv2-REAL-1206,asset,pending,single labeling; random stratum not yet adjudicated,
AOBv2-REAL-1207,gauge_readable,pending,single labeling; random stratum not yet adjudicated,"l1_accuracy_f1,l2_commit_rate"
AOBv2-REAL-1207,recommended_action,pending,single labeling; random stratum not yet adjudicated,l3_action_accuracy
AOBv2-REAL-1207,category,pending,single labeling; random stratum not yet adjudicated,a12_recovery_rung
AOBv2-REAL-1207,image_role,pending,single labeling; random stratum not yet adjudicated,scenario_membership
AOBv2-REAL-1207,gauge_value,pending,single labeling; random stratum not yet adjudicated,l1_mae
AOBv2-REAL-1207,asset,pending,single labeling; random stratum not yet adjudicated,
AOBv2-REAL-1208,gauge_readable,pending,single labeling; random stratum not yet adjudicated,"l1_accuracy_f1,l2_commit_rate"
AOBv2-REAL-1208,recommended_action,pending,single labeling; random stratum not yet adjudicated,l3_action_accuracy
AOBv2-REAL-1208,category,pending,single labeling; random stratum not yet adjudicated,a12_recovery_rung
AOBv2-REAL-1208,image_role,pending,single labeling; random stratum not yet adjudicated,scenario_membership
AOBv2-REAL-1208,gauge_value,pending,single labeling; random stratum not yet adjudicated,l1_mae
AOBv2-REAL-1208,asset,pending,single labeling; random stratum not yet adjudicated,
AOBv2-REAL-1209,gauge_readable,pending,single labeling; random stratum not yet adjudicated,"l1_accuracy_f1,l2_commit_rate"
AOBv2-REAL-1209,recommended_action,pending,single labeling; random stratum not yet adjudicated,l3_action_accuracy
AOBv2-REAL-1209,category,pending,single labeling; random stratum not yet adjudicated,a12_recovery_rung
AOBv2-REAL-1209,image_role,pending,single labeling; random stratum not yet adjudicated,scenario_membership
AOBv2-REAL-1209,gauge_value,pending,single labeling; random stratum not yet adjudicated,l1_mae
AOBv2-REAL-1209,asset,pending,single labeling; random stratum not yet adjudicated,
AOBv2-REAL-121,gauge_readable,pending,single labeling; random stratum not yet adjudicated,"l1_accuracy_f1,l2_commit_rate"
AOBv2-REAL-121,recommended_action,pending,single labeling; random stratum not yet adjudicated,l3_action_accuracy
AOBv2-REAL-121,category,pending,single labeling; random stratum not yet adjudicated,a12_recovery_rung
AOBv2-REAL-121,image_role,pending,single labeling; random stratum not yet adjudicated,scenario_membership
AOBv2-REAL-121,gauge_value,pending,single labeling; random stratum not yet adjudicated,l1_mae
AOBv2-REAL-121,asset,pending,single labeling; random stratum not yet adjudicated,
AOBv2-REAL-1210,gauge_readable,pending,single labeling; random stratum not yet adjudicated,"l1_accuracy_f1,l2_commit_rate"
AOBv2-REAL-1210,recommended_action,pending,single labeling; random stratum not yet adjudicated,l3_action_accuracy
AOBv2-REAL-1210,category,pending,single labeling; random stratum not yet adjudicated,a12_recovery_rung
AOBv2-REAL-1210,image_role,pending,single labeling; random stratum not yet adjudicated,scenario_membership
AOBv2-REAL-1210,gauge_value,pending,single labeling; random stratum not yet adjudicated,l1_mae
AOBv2-REAL-1210,asset,pending,single labeling; random stratum not yet adjudicated,
AOBv2-REAL-1211,gauge_readable,pending,single labeling; random stratum not yet adjudicated,"l1_accuracy_f1,l2_commit_rate"
AOBv2-REAL-1211,recommended_action,pending,single labeling; random stratum not yet adjudicated,l3_action_accuracy
AOBv2-REAL-1211,category,pending,single labeling; random stratum not yet adjudicated,a12_recovery_rung
AOBv2-REAL-1211,image_role,pending,single labeling; random stratum not yet adjudicated,scenario_membership
AOBv2-REAL-1211,gauge_value,pending,single labeling; random stratum not yet adjudicated,l1_mae
AOBv2-REAL-1211,asset,pending,single labeling; random stratum not yet adjudicated,
AOBv2-REAL-1212,gauge_readable,pending,single labeling; random stratum not yet adjudicated,"l1_accuracy_f1,l2_commit_rate"
AOBv2-REAL-1212,recommended_action,pending,single labeling; random stratum not yet adjudicated,l3_action_accuracy
AOBv2-REAL-1212,category,pending,single labeling; random stratum not yet adjudicated,a12_recovery_rung
AOBv2-REAL-1212,image_role,pending,single labeling; random stratum not yet adjudicated,scenario_membership
AOBv2-REAL-1212,gauge_value,pending,single labeling; random stratum not yet adjudicated,l1_mae
AOBv2-REAL-1212,asset,pending,single labeling; random stratum not yet adjudicated,
AOBv2-REAL-1213,gauge_readable,pending,single labeling; random stratum not yet adjudicated,"l1_accuracy_f1,l2_commit_rate"
AOBv2-REAL-1213,recommended_action,pending,single labeling; random stratum not yet adjudicated,l3_action_accuracy
AOBv2-REAL-1213,category,pending,single labeling; random stratum not yet adjudicated,a12_recovery_rung
AOBv2-REAL-1213,image_role,pending,single labeling; random stratum not yet adjudicated,scenario_membership
AOBv2-REAL-1213,gauge_value,pending,single labeling; random stratum not yet adjudicated,l1_mae
AOBv2-REAL-1213,asset,pending,single labeling; random stratum not yet adjudicated,
AOBv2-REAL-1214,gauge_readable,pending,single labeling; random stratum not yet adjudicated,"l1_accuracy_f1,l2_commit_rate"
AOBv2-REAL-1214,recommended_action,pending,single labeling; random stratum not yet adjudicated,l3_action_accuracy
AOBv2-REAL-1214,category,pending,single labeling; random stratum not yet adjudicated,a12_recovery_rung
AOBv2-REAL-1214,image_role,pending,single labeling; random stratum not yet adjudicated,scenario_membership
AOBv2-REAL-1214,gauge_value,pending,single labeling; random stratum not yet adjudicated,l1_mae
AOBv2-REAL-1214,asset,pending,single labeling; random stratum not yet adjudicated,
AOBv2-REAL-1215,gauge_readable,pending,single labeling; random stratum not yet adjudicated,"l1_accuracy_f1,l2_commit_rate"
AOBv2-REAL-1215,recommended_action,pending,single labeling; random stratum not yet adjudicated,l3_action_accuracy
AOBv2-REAL-1215,category,pending,single labeling; random stratum not yet adjudicated,a12_recovery_rung
AOBv2-REAL-1215,image_role,pending,single labeling; random stratum not yet adjudicated,scenario_membership
AOBv2-REAL-1215,gauge_value,pending,single labeling; random stratum not yet adjudicated,l1_mae
AOBv2-REAL-1215,asset,pending,single labeling; random stratum not yet adjudicated,
AOBv2-REAL-1216,gauge_readable,pending,single labeling; random stratum not yet adjudicated,"l1_accuracy_f1,l2_commit_rate"
AOBv2-REAL-1216,recommended_action,pending,single labeling; random stratum not yet adjudicated,l3_action_accuracy
AOBv2-REAL-1216,category,pending,single labeling; random stratum not yet adjudicated,a12_recovery_rung
AOBv2-REAL-1216,image_role,pending,single labeling; random stratum not yet adjudicated,scenario_membership
AOBv2-REAL-1216,gauge_value,pending,single labeling; random stratum not yet adjudicated,l1_mae
AOBv2-REAL-1216,asset,pending,single labeling; random stratum not yet adjudicated,
AOBv2-REAL-1217,gauge_readable,pending,single labeling; random stratum not yet adjudicated,"l1_accuracy_f1,l2_commit_rate"
AOBv2-REAL-1217,recommended_action,pending,single labeling; random stratum not yet adjudicated,l3_action_accuracy
AOBv2-REAL-1217,category,pending,single labeling; random stratum not yet adjudicated,a12_recovery_rung
AOBv2-REAL-1217,image_role,pending,single labeling; random stratum not yet adjudicated,scenario_membership
AOBv2-REAL-1217,gauge_value,pending,single labeling; random stratum not yet adjudicated,l1_mae
AOBv2-REAL-1217,asset,pending,single labeling; random stratum not yet adjudicated,
AOBv2-REAL-1218,gauge_readable,pending,single labeling; random stratum not yet adjudicated,"l1_accuracy_f1,l2_commit_rate"
AOBv2-REAL-1218,recommended_action,pending,single labeling; random stratum not yet adjudicated,l3_action_accuracy
AOBv2-REAL-1218,category,pending,single labeling; random stratum not yet adjudicated,a12_recovery_rung
AOBv2-REAL-1218,image_role,pending,single labeling; random stratum not yet adjudicated,scenario_membership
AOBv2-REAL-1218,gauge_value,pending,single labeling; random stratum not yet adjudicated,l1_mae
AOBv2-REAL-1218,asset,pending,single labeling; random stratum not yet adjudicated,
AOBv2-REAL-1219,gauge_readable,pending,single labeling; random stratum not yet adjudicated,"l1_accuracy_f1,l2_commit_rate"
AOBv2-REAL-1219,recommended_action,pending,single labeling; random stratum not yet adjudicated,l3_action_accuracy
AOBv2-REAL-1219,category,pending,single labeling; random stratum not yet adjudicated,a12_recovery_rung
AOBv2-REAL-1219,image_role,pending,single labeling; random stratum not yet adjudicated,scenario_membership
AOBv2-REAL-1219,gauge_value,pending,single labeling; random stratum not yet adjudicated,l1_mae
AOBv2-REAL-1219,asset,pending,single labeling; random stratum not yet adjudicated,
AOBv2-REAL-122,gauge_readable,pending,single labeling; random stratum not yet adjudicated,"l1_accuracy_f1,l2_commit_rate"
AOBv2-REAL-122,recommended_action,pending,single labeling; random stratum not yet adjudicated,l3_action_accuracy
AOBv2-REAL-122,category,pending,single labeling; random stratum not yet adjudicated,a12_recovery_rung
AOBv2-REAL-122,image_role,pending,single labeling; random stratum not yet adjudicated,scenario_membership
AOBv2-REAL-122,gauge_value,pending,single labeling; random stratum not yet adjudicated,l1_mae
AOBv2-REAL-122,asset,pending,single labeling; random stratum not yet adjudicated,
AOBv2-REAL-1220,gauge_readable,pending,single labeling; random stratum not yet adjudicated,"l1_accuracy_f1,l2_commit_rate"
AOBv2-REAL-1220,recommended_action,pending,single labeling; random stratum not yet adjudicated,l3_action_accuracy
AOBv2-REAL-1220,category,pending,single labeling; random stratum not yet adjudicated,a12_recovery_rung
AOBv2-REAL-1220,image_role,pending,single labeling; random stratum not yet adjudicated,scenario_membership
AOBv2-REAL-1220,gauge_value,pending,single labeling; random stratum not yet adjudicated,l1_mae
AOBv2-REAL-1220,asset,pending,single labeling; random stratum not yet adjudicated,
AOBv2-REAL-1221,gauge_readable,pending,single labeling; random stratum not yet adjudicated,"l1_accuracy_f1,l2_commit_rate"
AOBv2-REAL-1221,recommended_action,pending,single labeling; random stratum not yet adjudicated,l3_action_accuracy
AOBv2-REAL-1221,category,pending,single labeling; random stratum not yet adjudicated,a12_recovery_rung
AOBv2-REAL-1221,image_role,pending,single labeling; random stratum not yet adjudicated,scenario_membership
AOBv2-REAL-1221,gauge_value,pending,single labeling; random stratum not yet adjudicated,l1_mae
AOBv2-REAL-1221,asset,pending,single labeling; random stratum not yet adjudicated,
AOBv2-REAL-1222,gauge_readable,pending,single labeling; random stratum not yet adjudicated,"l1_accuracy_f1,l2_commit_rate"
AOBv2-REAL-1222,recommended_action,pending,single labeling; random stratum not yet adjudicated,l3_action_accuracy
AOBv2-REAL-1222,category,pending,single labeling; random stratum not yet adjudicated,a12_recovery_rung
AOBv2-REAL-1222,image_role,pending,single labeling; random stratum not yet adjudicated,scenario_membership
AOBv2-REAL-1222,gauge_value,pending,single labeling; random stratum not yet adjudicated,l1_mae
AOBv2-REAL-1222,asset,pending,single labeling; random stratum not yet adjudicated,
AOBv2-REAL-1223,gauge_readable,pending,single labeling; random stratum not yet adjudicated,"l1_accuracy_f1,l2_commit_rate"
AOBv2-REAL-1223,recommended_action,pending,single labeling; random stratum not yet adjudicated,l3_action_accuracy
AOBv2-REAL-1223,category,pending,single labeling; random stratum not yet adjudicated,a12_recovery_rung
AOBv2-REAL-1223,image_role,pending,single labeling; random stratum not yet adjudicated,scenario_membership
AOBv2-REAL-1223,gauge_value,pending,single labeling; random stratum not yet adjudicated,l1_mae
AOBv2-REAL-1223,asset,pending,single labeling; random stratum not yet adjudicated,
AOBv2-REAL-1224,gauge_readable,pending,single labeling; random stratum not yet adjudicated,"l1_accuracy_f1,l2_commit_rate"
AOBv2-REAL-1224,recommended_action,pending,single labeling; random stratum not yet adjudicated,l3_action_accuracy
AOBv2-REAL-1224,category,pending,single labeling; random stratum not yet adjudicated,a12_recovery_rung
AOBv2-REAL-1224,image_role,pending,single labeling; random stratum not yet adjudicated,scenario_membership
AOBv2-REAL-1224,gauge_value,pending,single labeling; random stratum not yet adjudicated,l1_mae
AOBv2-REAL-1224,asset,pending,single labeling; random stratum not yet adjudicated,
AOBv2-REAL-1225,gauge_readable,pending,single labeling; random stratum not yet adjudicated,"l1_accuracy_f1,l2_commit_rate"
AOBv2-REAL-1225,recommended_action,pending,single labeling; random stratum not yet adjudicated,l3_action_accuracy
AOBv2-REAL-1225,category,pending,single labeling; random stratum not yet adjudicated,a12_recovery_rung
AOBv2-REAL-1225,image_role,pending,single labeling; random stratum not yet adjudicated,scenario_membership
AOBv2-REAL-1225,gauge_value,pending,single labeling; random stratum not yet adjudicated,l1_mae
AOBv2-REAL-1225,asset,pending,single labeling; random stratum not yet adjudicated,
AOBv2-REAL-1226,gauge_readable,pending,single labeling; random stratum not yet adjudicated,"l1_accuracy_f1,l2_commit_rate"
AOBv2-REAL-1226,recommended_action,pending,single labeling; random stratum not yet adjudicated,l3_action_accuracy
AOBv2-REAL-1226,category,pending,single labeling; random stratum not yet adjudicated,a12_recovery_rung
AOBv2-REAL-1226,image_role,pending,single labeling; random stratum not yet adjudicated,scenario_membership
AOBv2-REAL-1226,gauge_value,pending,single labeling; random stratum not yet adjudicated,l1_mae
AOBv2-REAL-1226,asset,pending,single labeling; random stratum not yet adjudicated,
AOBv2-REAL-1227,gauge_readable,pending,single labeling; random stratum not yet adjudicated,"l1_accuracy_f1,l2_commit_rate"
AOBv2-REAL-1227,recommended_action,pending,single labeling; random stratum not yet adjudicated,l3_action_accuracy
AOBv2-REAL-1227,category,pending,single labeling; random stratum not yet adjudicated,a12_recovery_rung
AOBv2-REAL-1227,image_role,pending,single labeling; random stratum not yet adjudicated,scenario_membership
AOBv2-REAL-1227,gauge_value,pending,single labeling; random stratum not yet adjudicated,l1_mae
AOBv2-REAL-1227,asset,pending,single labeling; random stratum not yet adjudicated,
AOBv2-REAL-1228,gauge_readable,pending,single labeling; random stratum not yet adjudicated,"l1_accuracy_f1,l2_commit_rate"
AOBv2-REAL-1228,recommended_action,pending,single labeling; random stratum not yet adjudicated,l3_action_accuracy
AOBv2-REAL-1228,category,pending,single labeling; random stratum not yet adjudicated,a12_recovery_rung
AOBv2-REAL-1228,image_role,pending,single labeling; random stratum not yet adjudicated,scenario_membership
AOBv2-REAL-1228,gauge_value,pending,single labeling; random stratum not yet adjudicated,l1_mae
AOBv2-REAL-1228,asset,pending,single labeling; random stratum not yet adjudicated,
AOBv2-REAL-1229,gauge_readable,pending,single labeling; random stratum not yet adjudicated,"l1_accuracy_f1,l2_commit_rate"
AOBv2-REAL-1229,recommended_action,pending,single labeling; random stratum not yet adjudicated,l3_action_accuracy
AOBv2-REAL-1229,category,pending,single labeling; random stratum not yet adjudicated,a12_recovery_rung
AOBv2-REAL-1229,image_role,pending,single labeling; random stratum not yet adjudicated,scenario_membership
AOBv2-REAL-1229,gauge_value,pending,single labeling; random stratum not yet adjudicated,l1_mae
AOBv2-REAL-1229,asset,pending,single labeling; random stratum not yet adjudicated,
AOBv2-REAL-123,gauge_readable,pending,single labeling; random stratum not yet adjudicated,"l1_accuracy_f1,l2_commit_rate"
AOBv2-REAL-123,recommended_action,pending,single labeling; random stratum not yet adjudicated,l3_action_accuracy
AOBv2-REAL-123,category,pending,single labeling; random stratum not yet adjudicated,a12_recovery_rung
AOBv2-REAL-123,image_role,pending,single labeling; random stratum not yet adjudicated,scenario_membership
AOBv2-REAL-123,gauge_value,pending,single labeling; random stratum not yet adjudicated,l1_mae
AOBv2-REAL-123,asset,pending,single labeling; random stratum not yet adjudicated,
AOBv2-REAL-1230,gauge_readable,pending,single labeling; random stratum not yet adjudicated,"l1_accuracy_f1,l2_commit_rate"
AOBv2-REAL-1230,recommended_action,pending,single labeling; random stratum not yet adjudicated,l3_action_accuracy
AOBv2-REAL-1230,category,pending,single labeling; random stratum not yet adjudicated,a12_recovery_rung
AOBv2-REAL-1230,image_role,pending,single labeling; random stratum not yet adjudicated,scenario_membership
AOBv2-REAL-1230,gauge_value,pending,single labeling; random stratum not yet adjudicated,l1_mae
AOBv2-REAL-1230,asset,pending,single labeling; random stratum not yet adjudicated,
AOBv2-REAL-1231,gauge_readable,pending,single labeling; random stratum not yet adjudicated,"l1_accuracy_f1,l2_commit_rate"
AOBv2-REAL-1231,recommended_action,pending,single labeling; random stratum not yet adjudicated,l3_action_accuracy
AOBv2-REAL-1231,category,pending,single labeling; random stratum not yet adjudicated,a12_recovery_rung
AOBv2-REAL-1231,image_role,pending,single labeling; random stratum not yet adjudicated,scenario_membership
AOBv2-REAL-1231,gauge_value,pending,single labeling; random stratum not yet adjudicated,l1_mae
AOBv2-REAL-1231,asset,pending,single labeling; random stratum not yet adjudicated,
AOBv2-REAL-1232,gauge_readable,pending,single labeling; random stratum not yet adjudicated,"l1_accuracy_f1,l2_commit_rate"
AOBv2-REAL-1232,recommended_action,pending,single labeling; random stratum not yet adjudicated,l3_action_accuracy
AOBv2-REAL-1232,category,pending,single labeling; random stratum not yet adjudicated,a12_recovery_rung
AOBv2-REAL-1232,image_role,pending,single labeling; random stratum not yet adjudicated,scenario_membership
AOBv2-REAL-1232,gauge_value,pending,single labeling; random stratum not yet adjudicated,l1_mae
AOBv2-REAL-1232,asset,pending,single labeling; random stratum not yet adjudicated,
AOBv2-REAL-1233,gauge_readable,pending,single labeling; random stratum not yet adjudicated,"l1_accuracy_f1,l2_commit_rate"
AOBv2-REAL-1233,recommended_action,pending,single labeling; random stratum not yet adjudicated,l3_action_accuracy
AOBv2-REAL-1233,category,pending,single labeling; random stratum not yet adjudicated,a12_recovery_rung
AOBv2-REAL-1233,image_role,pending,single labeling; random stratum not yet adjudicated,scenario_membership
AOBv2-REAL-1233,gauge_value,pending,single labeling; random stratum not yet adjudicated,l1_mae
AOBv2-REAL-1233,asset,pending,single labeling; random stratum not yet adjudicated,
AOBv2-REAL-1234,gauge_readable,pending,single labeling; random stratum not yet adjudicated,"l1_accuracy_f1,l2_commit_rate"
AOBv2-REAL-1234,recommended_action,pending,single labeling; random stratum not yet adjudicated,l3_action_accuracy
AOBv2-REAL-1234,category,pending,single labeling; random stratum not yet adjudicated,a12_recovery_rung
AOBv2-REAL-1234,image_role,pending,single labeling; random stratum not yet adjudicated,scenario_membership
AOBv2-REAL-1234,gauge_value,pending,single labeling; random stratum not yet adjudicated,l1_mae
AOBv2-REAL-1234,asset,pending,single labeling; random stratum not yet adjudicated,
AOBv2-REAL-1235,gauge_readable,pending,single labeling; random stratum not yet adjudicated,"l1_accuracy_f1,l2_commit_rate"
AOBv2-REAL-1235,recommended_action,pending,single labeling; random stratum not yet adjudicated,l3_action_accuracy
AOBv2-REAL-1235,category,pending,single labeling; random stratum not yet adjudicated,a12_recovery_rung
AOBv2-REAL-1235,image_role,pending,single labeling; random stratum not yet adjudicated,scenario_membership
AOBv2-REAL-1235,gauge_value,pending,single labeling; random stratum not yet adjudicated,l1_mae
AOBv2-REAL-1235,asset,pending,single labeling; random stratum not yet adjudicated,
AOBv2-REAL-1236,gauge_readable,pending,single labeling; random stratum not yet adjudicated,"l1_accuracy_f1,l2_commit_rate"
AOBv2-REAL-1236,recommended_action,pending,single labeling; random stratum not yet adjudicated,l3_action_accuracy
AOBv2-REAL-1236,category,pending,single labeling; random stratum not yet adjudicated,a12_recovery_rung
AOBv2-REAL-1236,image_role,pending,single labeling; random stratum not yet adjudicated,scenario_membership
AOBv2-REAL-1236,gauge_value,pending,single labeling; random stratum not yet adjudicated,l1_mae
AOBv2-REAL-1236,asset,pending,single labeling; random stratum not yet adjudicated,
AOBv2-REAL-1237,gauge_readable,pending,single labeling; random stratum not yet adjudicated,"l1_accuracy_f1,l2_commit_rate"
AOBv2-REAL-1237,recommended_action,pending,single labeling; random stratum not yet adjudicated,l3_action_accuracy
AOBv2-REAL-1237,category,pending,single labeling; random stratum not yet adjudicated,a12_recovery_rung
AOBv2-REAL-1237,image_role,pending,single labeling; random stratum not yet adjudicated,scenario_membership
AOBv2-REAL-1237,gauge_value,pending,single labeling; random stratum not yet adjudicated,l1_mae
AOBv2-REAL-1237,asset,pending,single labeling; random stratum not yet adjudicated,
AOBv2-REAL-1238,gauge_readable,pending,single labeling; random stratum not yet adjudicated,"l1_accuracy_f1,l2_commit_rate"
AOBv2-REAL-1238,recommended_action,pending,single labeling; random stratum not yet adjudicated,l3_action_accuracy
AOBv2-REAL-1238,category,pending,single labeling; random stratum not yet adjudicated,a12_recovery_rung
AOBv2-REAL-1238,image_role,pending,single labeling; random stratum not yet adjudicated,scenario_membership
AOBv2-REAL-1238,gauge_value,pending,single labeling; random stratum not yet adjudicated,l1_mae
AOBv2-REAL-1238,asset,pending,single labeling; random stratum not yet adjudicated,
AOBv2-REAL-1239,gauge_readable,pending,single labeling; random stratum not yet adjudicated,"l1_accuracy_f1,l2_commit_rate"
AOBv2-REAL-1239,recommended_action,pending,single labeling; random stratum not yet adjudicated,l3_action_accuracy
AOBv2-REAL-1239,category,pending,single labeling; random stratum not yet adjudicated,a12_recovery_rung
AOBv2-REAL-1239,image_role,pending,single labeling; random stratum not yet adjudicated,scenario_membership
AOBv2-REAL-1239,gauge_value,pending,single labeling; random stratum not yet adjudicated,l1_mae
AOBv2-REAL-1239,asset,pending,single labeling; random stratum not yet adjudicated,
AOBv2-REAL-124,gauge_readable,pending,single labeling; random stratum not yet adjudicated,"l1_accuracy_f1,l2_commit_rate"
AOBv2-REAL-124,recommended_action,pending,single labeling; random stratum not yet adjudicated,l3_action_accuracy
AOBv2-REAL-124,category,pending,single labeling; random stratum not yet adjudicated,a12_recovery_rung
AOBv2-REAL-124,image_role,pending,single labeling; random stratum not yet adjudicated,scenario_membership
AOBv2-REAL-124,gauge_value,pending,single labeling; random stratum not yet adjudicated,l1_mae
AOBv2-REAL-124,asset,pending,single labeling; random stratum not yet adjudicated,
AOBv2-REAL-1240,gauge_readable,pending,single labeling; random stratum not yet adjudicated,"l1_accuracy_f1,l2_commit_rate"
AOBv2-REAL-1240,recommended_action,pending,single labeling; random stratum not yet adjudicated,l3_action_accuracy
AOBv2-REAL-1240,category,pending,single labeling; random stratum not yet adjudicated,a12_recovery_rung
AOBv2-REAL-1240,image_role,pending,single labeling; random stratum not yet adjudicated,scenario_membership
AOBv2-REAL-1240,gauge_value,pending,single labeling; random stratum not yet adjudicated,l1_mae
AOBv2-REAL-1240,asset,pending,single labeling; random stratum not yet adjudicated,
AOBv2-REAL-1241,gauge_readable,pending,single labeling; random stratum not yet adjudicated,"l1_accuracy_f1,l2_commit_rate"
AOBv2-REAL-1241,recommended_action,pending,single labeling; random stratum not yet adjudicated,l3_action_accuracy
AOBv2-REAL-1241,category,pending,single labeling; random stratum not yet adjudicated,a12_recovery_rung
AOBv2-REAL-1241,image_role,pending,single labeling; random stratum not yet adjudicated,scenario_membership
AOBv2-REAL-1241,gauge_value,pending,single labeling; random stratum not yet adjudicated,l1_mae
AOBv2-REAL-1241,asset,pending,single labeling; random stratum not yet adjudicated,
AOBv2-REAL-1242,gauge_readable,pending,single labeling; random stratum not yet adjudicated,"l1_accuracy_f1,l2_commit_rate"
AOBv2-REAL-1242,recommended_action,pending,single labeling; random stratum not yet adjudicated,l3_action_accuracy
AOBv2-REAL-1242,category,pending,single labeling; random stratum not yet adjudicated,a12_recovery_rung
AOBv2-REAL-1242,image_role,pending,single labeling; random stratum not yet adjudicated,scenario_membership
AOBv2-REAL-1242,gauge_value,pending,single labeling; random stratum not yet adjudicated,l1_mae
AOBv2-REAL-1242,asset,pending,single labeling; random stratum not yet adjudicated,
AOBv2-REAL-1243,gauge_readable,pending,single labeling; random stratum not yet adjudicated,"l1_accuracy_f1,l2_commit_rate"
AOBv2-REAL-1243,recommended_action,pending,single labeling; random stratum not yet adjudicated,l3_action_accuracy
AOBv2-REAL-1243,category,pending,single labeling; random stratum not yet adjudicated,a12_recovery_rung
AOBv2-REAL-1243,image_role,pending,single labeling; random stratum not yet adjudicated,scenario_membership
AOBv2-REAL-1243,gauge_value,pending,single labeling; random stratum not yet adjudicated,l1_mae
AOBv2-REAL-1243,asset,pending,single labeling; random stratum not yet adjudicated,
AOBv2-REAL-1244,gauge_readable,pending,single labeling; random stratum not yet adjudicated,"l1_accuracy_f1,l2_commit_rate"
AOBv2-REAL-1244,recommended_action,pending,single labeling; random stratum not yet adjudicated,l3_action_accuracy
AOBv2-REAL-1244,category,pending,single labeling; random stratum not yet adjudicated,a12_recovery_rung
AOBv2-REAL-1244,image_role,pending,single labeling; random stratum not yet adjudicated,scenario_membership
AOBv2-REAL-1244,gauge_value,pending,single labeling; random stratum not yet adjudicated,l1_mae
AOBv2-REAL-1244,asset,pending,single labeling; random stratum not yet adjudicated,
AOBv2-REAL-1245,gauge_readable,pending,single labeling; random stratum not yet adjudicated,"l1_accuracy_f1,l2_commit_rate"
AOBv2-REAL-1245,recommended_action,pending,single labeling; random stratum not yet adjudicated,l3_action_accuracy
AOBv2-REAL-1245,category,pending,single labeling; random stratum not yet adjudicated,a12_recovery_rung
AOBv2-REAL-1245,image_role,pending,single labeling; random stratum not yet adjudicated,scenario_membership
AOBv2-REAL-1245,gauge_value,pending,single labeling; random stratum not yet adjudicated,l1_mae
AOBv2-REAL-1245,asset,pending,single labeling; random stratum not yet adjudicated,
AOBv2-REAL-1246,gauge_readable,pending,single labeling; random stratum not yet adjudicated,"l1_accuracy_f1,l2_commit_rate"
AOBv2-REAL-1246,recommended_action,pending,single labeling; random stratum not yet adjudicated,l3_action_accuracy
AOBv2-REAL-1246,category,pending,single labeling; random stratum not yet adjudicated,a12_recovery_rung
AOBv2-REAL-1246,image_role,pending,single labeling; random stratum not yet adjudicated,scenario_membership
AOBv2-REAL-1246,gauge_value,pending,single labeling; random stratum not yet adjudicated,l1_mae
AOBv2-REAL-1246,asset,pending,single labeling; random stratum not yet adjudicated,
AOBv2-REAL-1247,gauge_readable,pending,single labeling; random stratum not yet adjudicated,"l1_accuracy_f1,l2_commit_rate"
AOBv2-REAL-1247,recommended_action,pending,single labeling; random stratum not yet adjudicated,l3_action_accuracy
AOBv2-REAL-1247,category,pending,single labeling; random stratum not yet adjudicated,a12_recovery_rung
AOBv2-REAL-1247,image_role,pending,single labeling; random stratum not yet adjudicated,scenario_membership
AOBv2-REAL-1247,gauge_value,pending,single labeling; random stratum not yet adjudicated,l1_mae
AOBv2-REAL-1247,asset,pending,single labeling; random stratum not yet adjudicated,
AOBv2-REAL-1248,gauge_readable,pending,single labeling; random stratum not yet adjudicated,"l1_accuracy_f1,l2_commit_rate"
AOBv2-REAL-1248,recommended_action,pending,single labeling; random stratum not yet adjudicated,l3_action_accuracy
AOBv2-REAL-1248,category,pending,single labeling; random stratum not yet adjudicated,a12_recovery_rung
AOBv2-REAL-1248,image_role,pending,single labeling; random stratum not yet adjudicated,scenario_membership
AOBv2-REAL-1248,gauge_value,pending,single labeling; random stratum not yet adjudicated,l1_mae
AOBv2-REAL-1248,asset,pending,single labeling; random stratum not yet adjudicated,
AOBv2-REAL-1249,gauge_readable,pending,single labeling; random stratum not yet adjudicated,"l1_accuracy_f1,l2_commit_rate"
AOBv2-REAL-1249,recommended_action,pending,single labeling; random stratum not yet adjudicated,l3_action_accuracy
AOBv2-REAL-1249,category,pending,single labeling; random stratum not yet adjudicated,a12_recovery_rung
AOBv2-REAL-1249,image_role,pending,single labeling; random stratum not yet adjudicated,scenario_membership
AOBv2-REAL-1249,gauge_value,pending,single labeling; random stratum not yet adjudicated,l1_mae
AOBv2-REAL-1249,asset,pending,single labeling; random stratum not yet adjudicated,
AOBv2-REAL-125,gauge_readable,pending,single labeling; random stratum not yet adjudicated,"l1_accuracy_f1,l2_commit_rate"
AOBv2-REAL-125,recommended_action,pending,single labeling; random stratum not yet adjudicated,l3_action_accuracy
AOBv2-REAL-125,category,pending,single labeling; random stratum not yet adjudicated,a12_recovery_rung
AOBv2-REAL-125,image_role,pending,single labeling; random stratum not yet adjudicated,scenario_membership
AOBv2-REAL-125,gauge_value,pending,single labeling; random stratum not yet adjudicated,l1_mae
AOBv2-REAL-125,asset,pending,single labeling; random stratum not yet adjudicated,
AOBv2-REAL-1250,gauge_readable,pending,single labeling; random stratum not yet adjudicated,"l1_accuracy_f1,l2_commit_rate"
AOBv2-REAL-1250,recommended_action,pending,single labeling; random stratum not yet adjudicated,l3_action_accuracy
AOBv2-REAL-1250,category,pending,single labeling; random stratum not yet adjudicated,a12_recovery_rung
AOBv2-REAL-1250,image_role,pending,single labeling; random stratum not yet adjudicated,scenario_membership
AOBv2-REAL-1250,gauge_value,pending,single labeling; random stratum not yet adjudicated,l1_mae
AOBv2-REAL-1250,asset,pending,single labeling; random stratum not yet adjudicated,
AOBv2-REAL-1251,gauge_readable,pending,single labeling; random stratum not yet adjudicated,"l1_accuracy_f1,l2_commit_rate"
AOBv2-REAL-1251,recommended_action,pending,single labeling; random stratum not yet adjudicated,l3_action_accuracy
AOBv2-REAL-1251,category,pending,single labeling; random stratum not yet adjudicated,a12_recovery_rung
AOBv2-REAL-1251,image_role,pending,single labeling; random stratum not yet adjudicated,scenario_membership
AOBv2-REAL-1251,gauge_value,pending,single labeling; random stratum not yet adjudicated,l1_mae
AOBv2-REAL-1251,asset,pending,single labeling; random stratum not yet adjudicated,
AOBv2-REAL-1252,gauge_readable,pending,single labeling; random stratum not yet adjudicated,"l1_accuracy_f1,l2_commit_rate"
AOBv2-REAL-1252,recommended_action,pending,single labeling; random stratum not yet adjudicated,l3_action_accuracy
AOBv2-REAL-1252,category,pending,single labeling; random stratum not yet adjudicated,a12_recovery_rung
AOBv2-REAL-1252,image_role,pending,single labeling; random stratum not yet adjudicated,scenario_membership
AOBv2-REAL-1252,gauge_value,pending,single labeling; random stratum not yet adjudicated,l1_mae
AOBv2-REAL-1252,asset,pending,single labeling; random stratum not yet adjudicated,
AOBv2-REAL-1253,gauge_readable,pending,single labeling; random stratum not yet adjudicated,"l1_accuracy_f1,l2_commit_rate"
AOBv2-REAL-1253,recommended_action,pending,single labeling; random stratum not yet adjudicated,l3_action_accuracy
AOBv2-REAL-1253,category,pending,single labeling; random stratum not yet adjudicated,a12_recovery_rung
AOBv2-REAL-1253,image_role,pending,single labeling; random stratum not yet adjudicated,scenario_membership
AOBv2-REAL-1253,gauge_value,pending,single labeling; random stratum not yet adjudicated,l1_mae
AOBv2-REAL-1253,asset,pending,single labeling; random stratum not yet adjudicated,
AOBv2-REAL-1254,gauge_readable,pending,single labeling; random stratum not yet adjudicated,"l1_accuracy_f1,l2_commit_rate"
AOBv2-REAL-1254,recommended_action,pending,single labeling; random stratum not yet adjudicated,l3_action_accuracy
AOBv2-REAL-1254,category,pending,single labeling; random stratum not yet adjudicated,a12_recovery_rung
AOBv2-REAL-1254,image_role,pending,single labeling; random stratum not yet adjudicated,scenario_membership
AOBv2-REAL-1254,gauge_value,pending,single labeling; random stratum not yet adjudicated,l1_mae
AOBv2-REAL-1254,asset,pending,single labeling; random stratum not yet adjudicated,
AOBv2-REAL-1255,gauge_readable,pending,single labeling; random stratum not yet adjudicated,"l1_accuracy_f1,l2_commit_rate"
AOBv2-REAL-1255,recommended_action,pending,single labeling; random stratum not yet adjudicated,l3_action_accuracy
AOBv2-REAL-1255,category,pending,single labeling; random stratum not yet adjudicated,a12_recovery_rung
AOBv2-REAL-1255,image_role,pending,single labeling; random stratum not yet adjudicated,scenario_membership
AOBv2-REAL-1255,gauge_value,pending,single labeling; random stratum not yet adjudicated,l1_mae
AOBv2-REAL-1255,asset,pending,single labeling; random stratum not yet adjudicated,
AOBv2-REAL-1256,gauge_readable,pending,single labeling; random stratum not yet adjudicated,"l1_accuracy_f1,l2_commit_rate"
AOBv2-REAL-1256,recommended_action,pending,single labeling; random stratum not yet adjudicated,l3_action_accuracy
AOBv2-REAL-1256,category,pending,single labeling; random stratum not yet adjudicated,a12_recovery_rung
AOBv2-REAL-1256,image_role,pending,single labeling; random stratum not yet adjudicated,scenario_membership
AOBv2-REAL-1256,gauge_value,pending,single labeling; random stratum not yet adjudicated,l1_mae
AOBv2-REAL-1256,asset,pending,single labeling; random stratum not yet adjudicated,
AOBv2-REAL-1257,gauge_readable,pending,single labeling; random stratum not yet adjudicated,"l1_accuracy_f1,l2_commit_rate"
AOBv2-REAL-1257,recommended_action,pending,single labeling; random stratum not yet adjudicated,l3_action_accuracy
AOBv2-REAL-1257,category,pending,single labeling; random stratum not yet adjudicated,a12_recovery_rung
AOBv2-REAL-1257,image_role,pending,single labeling; random stratum not yet adjudicated,scenario_membership
AOBv2-REAL-1257,gauge_value,pending,single labeling; random stratum not yet adjudicated,l1_mae
AOBv2-REAL-1257,asset,pending,single labeling; random stratum not yet adjudicated,
AOBv2-REAL-1258,gauge_readable,pending,single labeling; random stratum not yet adjudicated,"l1_accuracy_f1,l2_commit_rate"
AOBv2-REAL-1258,recommended_action,pending,single labeling; random stratum not yet adjudicated,l3_action_accuracy
AOBv2-REAL-1258,category,pending,single labeling; random stratum not yet adjudicated,a12_recovery_rung
AOBv2-REAL-1258,image_role,pending,single labeling; random stratum not yet adjudicated,scenario_membership
AOBv2-REAL-1258,gauge_value,pending,single labeling; random stratum not yet adjudicated,l1_mae
AOBv2-REAL-1258,asset,pending,single labeling; random stratum not yet adjudicated,
AOBv2-REAL-1259,gauge_readable,pending,single labeling; random stratum not yet adjudicated,"l1_accuracy_f1,l2_commit_rate"
AOBv2-REAL-1259,recommended_action,pending,single labeling; random stratum not yet adjudicated,l3_action_accuracy
AOBv2-REAL-1259,category,pending,single labeling; random stratum not yet adjudicated,a12_recovery_rung
AOBv2-REAL-1259,image_role,pending,single labeling; random stratum not yet adjudicated,scenario_membership
AOBv2-REAL-1259,gauge_value,pending,single labeling; random stratum not yet adjudicated,l1_mae
AOBv2-REAL-1259,asset,pending,single labeling; random stratum not yet adjudicated,
AOBv2-REAL-126,gauge_readable,pending,single labeling; random stratum not yet adjudicated,"l1_accuracy_f1,l2_commit_rate"
AOBv2-REAL-126,recommended_action,pending,single labeling; random stratum not yet adjudicated,l3_action_accuracy
AOBv2-REAL-126,category,pending,single labeling; random stratum not yet adjudicated,a12_recovery_rung
AOBv2-REAL-126,image_role,pending,single labeling; random stratum not yet adjudicated,scenario_membership
AOBv2-REAL-126,gauge_value,pending,single labeling; random stratum not yet adjudicated,l1_mae
AOBv2-REAL-126,asset,pending,single labeling; random stratum not yet adjudicated,
AOBv2-REAL-1260,gauge_readable,pending,single labeling; random stratum not yet adjudicated,"l1_accuracy_f1,l2_commit_rate"
AOBv2-REAL-1260,recommended_action,pending,single labeling; random stratum not yet adjudicated,l3_action_accuracy
AOBv2-REAL-1260,category,pending,single labeling; random stratum not yet adjudicated,a12_recovery_rung
AOBv2-REAL-1260,image_role,pending,single labeling; random stratum not yet adjudicated,scenario_membership
AOBv2-REAL-1260,gauge_value,pending,single labeling; random stratum not yet adjudicated,l1_mae
AOBv2-REAL-1260,asset,pending,single labeling; random stratum not yet adjudicated,
AOBv2-REAL-1261,gauge_readable,pending,single labeling; random stratum not yet adjudicated,"l1_accuracy_f1,l2_commit_rate"
AOBv2-REAL-1261,recommended_action,pending,single labeling; random stratum not yet adjudicated,l3_action_accuracy
AOBv2-REAL-1261,category,pending,single labeling; random stratum not yet adjudicated,a12_recovery_rung
AOBv2-REAL-1261,image_role,pending,single labeling; random stratum not yet adjudicated,scenario_membership
AOBv2-REAL-1261,gauge_value,pending,single labeling; random stratum not yet adjudicated,l1_mae
AOBv2-REAL-1261,asset,pending,single labeling; random stratum not yet adjudicated,
AOBv2-REAL-1262,gauge_readable,pending,single labeling; random stratum not yet adjudicated,"l1_accuracy_f1,l2_commit_rate"
AOBv2-REAL-1262,recommended_action,pending,single labeling; random stratum not yet adjudicated,l3_action_accuracy
AOBv2-REAL-1262,category,pending,single labeling; random stratum not yet adjudicated,a12_recovery_rung
AOBv2-REAL-1262,image_role,pending,single labeling; random stratum not yet adjudicated,scenario_membership
AOBv2-REAL-1262,gauge_value,pending,single labeling; random stratum not yet adjudicated,l1_mae
AOBv2-REAL-1262,asset,pending,single labeling; random stratum not yet adjudicated,
AOBv2-REAL-1263,gauge_readable,pending,single labeling; random stratum not yet adjudicated,"l1_accuracy_f1,l2_commit_rate"
AOBv2-REAL-1263,recommended_action,pending,single labeling; random stratum not yet adjudicated,l3_action_accuracy
AOBv2-REAL-1263,category,pending,single labeling; random stratum not yet adjudicated,a12_recovery_rung
AOBv2-REAL-1263,image_role,pending,single labeling; random stratum not yet adjudicated,scenario_membership
AOBv2-REAL-1263,gauge_value,pending,single labeling; random stratum not yet adjudicated,l1_mae
AOBv2-REAL-1263,asset,pending,single labeling; random stratum not yet adjudicated,
AOBv2-REAL-1264,gauge_readable,pending,single labeling; random stratum not yet adjudicated,"l1_accuracy_f1,l2_commit_rate"
AOBv2-REAL-1264,recommended_action,pending,single labeling; random stratum not yet adjudicated,l3_action_accuracy
AOBv2-REAL-1264,category,pending,single labeling; random stratum not yet adjudicated,a12_recovery_rung
AOBv2-REAL-1264,image_role,pending,single labeling; random stratum not yet adjudicated,scenario_membership
AOBv2-REAL-1264,gauge_value,pending,single labeling; random stratum not yet adjudicated,l1_mae
AOBv2-REAL-1264,asset,pending,single labeling; random stratum not yet adjudicated,
AOBv2-REAL-1265,gauge_readable,pending,single labeling; random stratum not yet adjudicated,"l1_accuracy_f1,l2_commit_rate"
AOBv2-REAL-1265,recommended_action,pending,single labeling; random stratum not yet adjudicated,l3_action_accuracy
AOBv2-REAL-1265,category,pending,single labeling; random stratum not yet adjudicated,a12_recovery_rung
AOBv2-REAL-1265,image_role,pending,single labeling; random stratum not yet adjudicated,scenario_membership
AOBv2-REAL-1265,gauge_value,pending,single labeling; random stratum not yet adjudicated,l1_mae
AOBv2-REAL-1265,asset,pending,single labeling; random stratum not yet adjudicated,
AOBv2-REAL-1266,gauge_readable,pending,single labeling; random stratum not yet adjudicated,"l1_accuracy_f1,l2_commit_rate"
AOBv2-REAL-1266,recommended_action,pending,single labeling; random stratum not yet adjudicated,l3_action_accuracy
AOBv2-REAL-1266,category,pending,single labeling; random stratum not yet adjudicated,a12_recovery_rung
AOBv2-REAL-1266,image_role,pending,single labeling; random stratum not yet adjudicated,scenario_membership
AOBv2-REAL-1266,gauge_value,pending,single labeling; random stratum not yet adjudicated,l1_mae
AOBv2-REAL-1266,asset,pending,single labeling; random stratum not yet adjudicated,
AOBv2-REAL-1267,gauge_readable,pending,single labeling; random stratum not yet adjudicated,"l1_accuracy_f1,l2_commit_rate"
AOBv2-REAL-1267,recommended_action,pending,single labeling; random stratum not yet adjudicated,l3_action_accuracy
AOBv2-REAL-1267,category,pending,single labeling; random stratum not yet adjudicated,a12_recovery_rung
AOBv2-REAL-1267,image_role,pending,single labeling; random stratum not yet adjudicated,scenario_membership
AOBv2-REAL-1267,gauge_value,pending,single labeling; random stratum not yet adjudicated,l1_mae
AOBv2-REAL-1267,asset,pending,single labeling; random stratum not yet adjudicated,
AOBv2-REAL-1268,gauge_readable,pending,single labeling; random stratum not yet adjudicated,"l1_accuracy_f1,l2_commit_rate"
AOBv2-REAL-1268,recommended_action,pending,single labeling; random stratum not yet adjudicated,l3_action_accuracy
AOBv2-REAL-1268,category,pending,single labeling; random stratum not yet adjudicated,a12_recovery_rung
AOBv2-REAL-1268,image_role,pending,single labeling; random stratum not yet adjudicated,scenario_membership
AOBv2-REAL-1268,gauge_value,pending,single labeling; random stratum not yet adjudicated,l1_mae
AOBv2-REAL-1268,asset,pending,single labeling; random stratum not yet adjudicated,
AOBv2-REAL-1269,gauge_readable,pending,single labeling; random stratum not yet adjudicated,"l1_accuracy_f1,l2_commit_rate"
AOBv2-REAL-1269,recommended_action,pending,single labeling; random stratum not yet adjudicated,l3_action_accuracy
AOBv2-REAL-1269,category,pending,single labeling; random stratum not yet adjudicated,a12_recovery_rung
AOBv2-REAL-1269,image_role,pending,single labeling; random stratum not yet adjudicated,scenario_membership
AOBv2-REAL-1269,gauge_value,pending,single labeling; random stratum not yet adjudicated,l1_mae
AOBv2-REAL-1269,asset,pending,single labeling; random stratum not yet adjudicated,
AOBv2-REAL-127,gauge_readable,pending,single labeling; random stratum not yet adjudicated,"l1_accuracy_f1,l2_commit_rate"
AOBv2-REAL-127,recommended_action,pending,single labeling; random stratum not yet adjudicated,l3_action_accuracy
AOBv2-REAL-127,category,pending,single labeling; random stratum not yet adjudicated,a12_recovery_rung
AOBv2-REAL-127,image_role,pending,single labeling; random stratum not yet adjudicated,scenario_membership
AOBv2-REAL-127,gauge_value,pending,single labeling; random stratum not yet adjudicated,l1_mae
AOBv2-REAL-127,asset,pending,single labeling; random stratum not yet adjudicated,
AOBv2-REAL-1270,gauge_readable,pending,single labeling; random stratum not yet adjudicated,"l1_accuracy_f1,l2_commit_rate"
AOBv2-REAL-1270,recommended_action,pending,single labeling; random stratum not yet adjudicated,l3_action_accuracy
AOBv2-REAL-1270,category,pending,single labeling; random stratum not yet adjudicated,a12_recovery_rung
AOBv2-REAL-1270,image_role,pending,single labeling; random stratum not yet adjudicated,scenario_membership
AOBv2-REAL-1270,gauge_value,pending,single labeling; random stratum not yet adjudicated,l1_mae
AOBv2-REAL-1270,asset,pending,single labeling; random stratum not yet adjudicated,
AOBv2-REAL-1271,gauge_readable,pending,single labeling; random stratum not yet adjudicated,"l1_accuracy_f1,l2_commit_rate"
AOBv2-REAL-1271,recommended_action,pending,single labeling; random stratum not yet adjudicated,l3_action_accuracy
AOBv2-REAL-1271,category,pending,single labeling; random stratum not yet adjudicated,a12_recovery_rung
AOBv2-REAL-1271,image_role,pending,single labeling; random stratum not yet adjudicated,scenario_membership
AOBv2-REAL-1271,gauge_value,pending,single labeling; random stratum not yet adjudicated,l1_mae
AOBv2-REAL-1271,asset,pending,single labeling; random stratum not yet adjudicated,
AOBv2-REAL-1272,gauge_readable,pending,single labeling; random stratum not yet adjudicated,"l1_accuracy_f1,l2_commit_rate"
AOBv2-REAL-1272,recommended_action,pending,single labeling; random stratum not yet adjudicated,l3_action_accuracy
AOBv2-REAL-1272,category,pending,single labeling; random stratum not yet adjudicated,a12_recovery_rung
AOBv2-REAL-1272,image_role,pending,single labeling; random stratum not yet adjudicated,scenario_membership
AOBv2-REAL-1272,gauge_value,pending,single labeling; random stratum not yet adjudicated,l1_mae
AOBv2-REAL-1272,asset,pending,single labeling; random stratum not yet adjudicated,
AOBv2-REAL-1273,gauge_readable,pending,single labeling; random stratum not yet adjudicated,"l1_accuracy_f1,l2_commit_rate"
AOBv2-REAL-1273,recommended_action,pending,single labeling; random stratum not yet adjudicated,l3_action_accuracy
AOBv2-REAL-1273,category,pending,single labeling; random stratum not yet adjudicated,a12_recovery_rung
AOBv2-REAL-1273,image_role,pending,single labeling; random stratum not yet adjudicated,scenario_membership
AOBv2-REAL-1273,gauge_value,pending,single labeling; random stratum not yet adjudicated,l1_mae
AOBv2-REAL-1273,asset,pending,single labeling; random stratum not yet adjudicated,
AOBv2-REAL-1274,gauge_readable,pending,single labeling; random stratum not yet adjudicated,"l1_accuracy_f1,l2_commit_rate"
AOBv2-REAL-1274,recommended_action,pending,single labeling; random stratum not yet adjudicated,l3_action_accuracy
AOBv2-REAL-1274,category,pending,single labeling; random stratum not yet adjudicated,a12_recovery_rung
AOBv2-REAL-1274,image_role,pending,single labeling; random stratum not yet adjudicated,scenario_membership
AOBv2-REAL-1274,gauge_value,pending,single labeling; random stratum not yet adjudicated,l1_mae
AOBv2-REAL-1274,asset,pending,single labeling; random stratum not yet adjudicated,
AOBv2-REAL-1275,gauge_readable,pending,single labeling; random stratum not yet adjudicated,"l1_accuracy_f1,l2_commit_rate"
AOBv2-REAL-1275,recommended_action,pending,single labeling; random stratum not yet adjudicated,l3_action_accuracy
AOBv2-REAL-1275,category,pending,single labeling; random stratum not yet adjudicated,a12_recovery_rung
AOBv2-REAL-1275,image_role,pending,single labeling; random stratum not yet adjudicated,scenario_membership
AOBv2-REAL-1275,gauge_value,pending,single labeling; random stratum not yet adjudicated,l1_mae
AOBv2-REAL-1275,asset,pending,single labeling; random stratum not yet adjudicated,
AOBv2-REAL-1276,gauge_readable,pending,single labeling; random stratum not yet adjudicated,"l1_accuracy_f1,l2_commit_rate"
AOBv2-REAL-1276,recommended_action,pending,single labeling; random stratum not yet adjudicated,l3_action_accuracy
AOBv2-REAL-1276,category,pending,single labeling; random stratum not yet adjudicated,a12_recovery_rung
AOBv2-REAL-1276,image_role,pending,single labeling; random stratum not yet adjudicated,scenario_membership
AOBv2-REAL-1276,gauge_value,pending,single labeling; random stratum not yet adjudicated,l1_mae
AOBv2-REAL-1276,asset,pending,single labeling; random stratum not yet adjudicated,
AOBv2-REAL-1277,gauge_readable,pending,single labeling; random stratum not yet adjudicated,"l1_accuracy_f1,l2_commit_rate"
AOBv2-REAL-1277,recommended_action,pending,single labeling; random stratum not yet adjudicated,l3_action_accuracy
AOBv2-REAL-1277,category,pending,single labeling; random stratum not yet adjudicated,a12_recovery_rung
AOBv2-REAL-1277,image_role,pending,single labeling; random stratum not yet adjudicated,scenario_membership
AOBv2-REAL-1277,gauge_value,pending,single labeling; random stratum not yet adjudicated,l1_mae
AOBv2-REAL-1277,asset,pending,single labeling; random stratum not yet adjudicated,
AOBv2-REAL-1278,gauge_readable,pending,single labeling; random stratum not yet adjudicated,"l1_accuracy_f1,l2_commit_rate"
AOBv2-REAL-1278,recommended_action,pending,single labeling; random stratum not yet adjudicated,l3_action_accuracy
AOBv2-REAL-1278,category,pending,single labeling; random stratum not yet adjudicated,a12_recovery_rung
AOBv2-REAL-1278,image_role,pending,single labeling; random stratum not yet adjudicated,scenario_membership
AOBv2-REAL-1278,gauge_value,pending,single labeling; random stratum not yet adjudicated,l1_mae
AOBv2-REAL-1278,asset,pending,single labeling; random stratum not yet adjudicated,
AOBv2-REAL-1279,gauge_readable,pending,single labeling; random stratum not yet adjudicated,"l1_accuracy_f1,l2_commit_rate"
AOBv2-REAL-1279,recommended_action,pending,single labeling; random stratum not yet adjudicated,l3_action_accuracy
AOBv2-REAL-1279,category,pending,single labeling; random stratum not yet adjudicated,a12_recovery_rung
AOBv2-REAL-1279,image_role,pending,single labeling; random stratum not yet adjudicated,scenario_membership
AOBv2-REAL-1279,gauge_value,pending,single labeling; random stratum not yet adjudicated,l1_mae
AOBv2-REAL-1279,asset,pending,single labeling; random stratum not yet adjudicated,
AOBv2-REAL-128,gauge_readable,pending,single labeling; random stratum not yet adjudicated,"l1_accuracy_f1,l2_commit_rate"
AOBv2-REAL-128,recommended_action,pending,single labeling; random stratum not yet adjudicated,l3_action_accuracy
AOBv2-REAL-128,category,pending,single labeling; random stratum not yet adjudicated,a12_recovery_rung
AOBv2-REAL-128,image_role,pending,single labeling; random stratum not yet adjudicated,scenario_membership
AOBv2-REAL-128,gauge_value,pending,single labeling; random stratum not yet adjudicated,l1_mae
AOBv2-REAL-128,asset,pending,single labeling; random stratum not yet adjudicated,
AOBv2-REAL-1280,gauge_readable,pending,single labeling; random stratum not yet adjudicated,"l1_accuracy_f1,l2_commit_rate"
AOBv2-REAL-1280,recommended_action,pending,single labeling; random stratum not yet adjudicated,l3_action_accuracy
AOBv2-REAL-1280,category,pending,single labeling; random stratum not yet adjudicated,a12_recovery_rung
AOBv2-REAL-1280,image_role,pending,single labeling; random stratum not yet adjudicated,scenario_membership
AOBv2-REAL-1280,gauge_value,pending,single labeling; random stratum not yet adjudicated,l1_mae
AOBv2-REAL-1280,asset,pending,single labeling; random stratum not yet adjudicated,
AOBv2-REAL-1281,gauge_readable,pending,single labeling; random stratum not yet adjudicated,"l1_accuracy_f1,l2_commit_rate"
AOBv2-REAL-1281,recommended_action,pending,single labeling; random stratum not yet adjudicated,l3_action_accuracy
AOBv2-REAL-1281,category,pending,single labeling; random stratum not yet adjudicated,a12_recovery_rung
AOBv2-REAL-1281,image_role,pending,single labeling; random stratum not yet adjudicated,scenario_membership
AOBv2-REAL-1281,gauge_value,pending,single labeling; random stratum not yet adjudicated,l1_mae
AOBv2-REAL-1281,asset,pending,single labeling; random stratum not yet adjudicated,
AOBv2-REAL-1282,gauge_readable,pending,single labeling; random stratum not yet adjudicated,"l1_accuracy_f1,l2_commit_rate"
AOBv2-REAL-1282,recommended_action,pending,single labeling; random stratum not yet adjudicated,l3_action_accuracy
AOBv2-REAL-1282,category,pending,single labeling; random stratum not yet adjudicated,a12_recovery_rung
AOBv2-REAL-1282,image_role,pending,single labeling; random stratum not yet adjudicated,scenario_membership
AOBv2-REAL-1282,gauge_value,pending,single labeling; random stratum not yet adjudicated,l1_mae
AOBv2-REAL-1282,asset,pending,single labeling; random stratum not yet adjudicated,
AOBv2-REAL-1283,gauge_readable,pending,single labeling; random stratum not yet adjudicated,"l1_accuracy_f1,l2_commit_rate"
AOBv2-REAL-1283,recommended_action,pending,single labeling; random stratum not yet adjudicated,l3_action_accuracy
AOBv2-REAL-1283,category,pending,single labeling; random stratum not yet adjudicated,a12_recovery_rung
AOBv2-REAL-1283,image_role,pending,single labeling; random stratum not yet adjudicated,scenario_membership
AOBv2-REAL-1283,gauge_value,pending,single labeling; random stratum not yet adjudicated,l1_mae
AOBv2-REAL-1283,asset,pending,single labeling; random stratum not yet adjudicated,
AOBv2-REAL-1284,gauge_readable,pending,single labeling; random stratum not yet adjudicated,"l1_accuracy_f1,l2_commit_rate"
AOBv2-REAL-1284,recommended_action,pending,single labeling; random stratum not yet adjudicated,l3_action_accuracy
AOBv2-REAL-1284,category,pending,single labeling; random stratum not yet adjudicated,a12_recovery_rung
AOBv2-REAL-1284,image_role,pending,single labeling; random stratum not yet adjudicated,scenario_membership
AOBv2-REAL-1284,gauge_value,pending,single labeling; random stratum not yet adjudicated,l1_mae
AOBv2-REAL-1284,asset,pending,single labeling; random stratum not yet adjudicated,
AOBv2-REAL-1285,gauge_readable,pending,single labeling; random stratum not yet adjudicated,"l1_accuracy_f1,l2_commit_rate"
AOBv2-REAL-1285,recommended_action,pending,single labeling; random stratum not yet adjudicated,l3_action_accuracy
AOBv2-REAL-1285,category,pending,single labeling; random stratum not yet adjudicated,a12_recovery_rung
AOBv2-REAL-1285,image_role,pending,single labeling; random stratum not yet adjudicated,scenario_membership
AOBv2-REAL-1285,gauge_value,pending,single labeling; random stratum not yet adjudicated,l1_mae
AOBv2-REAL-1285,asset,pending,single labeling; random stratum not yet adjudicated,
AOBv2-REAL-1286,gauge_readable,pending,single labeling; random stratum not yet adjudicated,"l1_accuracy_f1,l2_commit_rate"
AOBv2-REAL-1286,recommended_action,pending,single labeling; random stratum not yet adjudicated,l3_action_accuracy
AOBv2-REAL-1286,category,pending,single labeling; random stratum not yet adjudicated,a12_recovery_rung
AOBv2-REAL-1286,image_role,pending,single labeling; random stratum not yet adjudicated,scenario_membership
AOBv2-REAL-1286,gauge_value,pending,single labeling; random stratum not yet adjudicated,l1_mae
AOBv2-REAL-1286,asset,pending,single labeling; random stratum not yet adjudicated,
AOBv2-REAL-1287,gauge_readable,pending,single labeling; random stratum not yet adjudicated,"l1_accuracy_f1,l2_commit_rate"
AOBv2-REAL-1287,recommended_action,pending,single labeling; random stratum not yet adjudicated,l3_action_accuracy
AOBv2-REAL-1287,category,pending,single labeling; random stratum not yet adjudicated,a12_recovery_rung
AOBv2-REAL-1287,image_role,pending,single labeling; random stratum not yet adjudicated,scenario_membership
AOBv2-REAL-1287,gauge_value,pending,single labeling; random stratum not yet adjudicated,l1_mae
AOBv2-REAL-1287,asset,pending,single labeling; random stratum not yet adjudicated,
AOBv2-REAL-1288,gauge_readable,pending,single labeling; random stratum not yet adjudicated,"l1_accuracy_f1,l2_commit_rate"
AOBv2-REAL-1288,recommended_action,pending,single labeling; random stratum not yet adjudicated,l3_action_accuracy
AOBv2-REAL-1288,category,pending,single labeling; random stratum not yet adjudicated,a12_recovery_rung
AOBv2-REAL-1288,image_role,pending,single labeling; random stratum not yet adjudicated,scenario_membership
AOBv2-REAL-1288,gauge_value,pending,single labeling; random stratum not yet adjudicated,l1_mae
AOBv2-REAL-1288,asset,pending,single labeling; random stratum not yet adjudicated,
AOBv2-REAL-1289,gauge_readable,pending,single labeling; random stratum not yet adjudicated,"l1_accuracy_f1,l2_commit_rate"
AOBv2-REAL-1289,recommended_action,pending,single labeling; random stratum not yet adjudicated,l3_action_accuracy
AOBv2-REAL-1289,category,pending,single labeling; random stratum not yet adjudicated,a12_recovery_rung
AOBv2-REAL-1289,image_role,pending,single labeling; random stratum not yet adjudicated,scenario_membership
AOBv2-REAL-1289,gauge_value,pending,single labeling; random stratum not yet adjudicated,l1_mae
AOBv2-REAL-1289,asset,pending,single labeling; random stratum not yet adjudicated,
AOBv2-REAL-129,gauge_readable,pending,single labeling; random stratum not yet adjudicated,"l1_accuracy_f1,l2_commit_rate"
AOBv2-REAL-129,recommended_action,pending,single labeling; random stratum not yet adjudicated,l3_action_accuracy
AOBv2-REAL-129,category,pending,single labeling; random stratum not yet adjudicated,a12_recovery_rung
AOBv2-REAL-129,image_role,pending,single labeling; random stratum not yet adjudicated,scenario_membership
AOBv2-REAL-129,gauge_value,pending,single labeling; random stratum not yet adjudicated,l1_mae
AOBv2-REAL-129,asset,pending,single labeling; random stratum not yet adjudicated,
AOBv2-REAL-1290,gauge_readable,pending,single labeling; random stratum not yet adjudicated,"l1_accuracy_f1,l2_commit_rate"
AOBv2-REAL-1290,recommended_action,pending,single labeling; random stratum not yet adjudicated,l3_action_accuracy
AOBv2-REAL-1290,category,pending,single labeling; random stratum not yet adjudicated,a12_recovery_rung
AOBv2-REAL-1290,image_role,pending,single labeling; random stratum not yet adjudicated,scenario_membership
AOBv2-REAL-1290,gauge_value,pending,single labeling; random stratum not yet adjudicated,l1_mae
AOBv2-REAL-1290,asset,pending,single labeling; random stratum not yet adjudicated,
AOBv2-REAL-1291,gauge_readable,pending,single labeling; random stratum not yet adjudicated,"l1_accuracy_f1,l2_commit_rate"
AOBv2-REAL-1291,recommended_action,pending,single labeling; random stratum not yet adjudicated,l3_action_accuracy
AOBv2-REAL-1291,category,pending,single labeling; random stratum not yet adjudicated,a12_recovery_rung
AOBv2-REAL-1291,image_role,pending,single labeling; random stratum not yet adjudicated,scenario_membership
AOBv2-REAL-1291,gauge_value,pending,single labeling; random stratum not yet adjudicated,l1_mae
AOBv2-REAL-1291,asset,pending,single labeling; random stratum not yet adjudicated,
AOBv2-REAL-1292,gauge_readable,pending,single labeling; random stratum not yet adjudicated,"l1_accuracy_f1,l2_commit_rate"
AOBv2-REAL-1292,recommended_action,pending,single labeling; random stratum not yet adjudicated,l3_action_accuracy
AOBv2-REAL-1292,category,pending,single labeling; random stratum not yet adjudicated,a12_recovery_rung
AOBv2-REAL-1292,image_role,pending,single labeling; random stratum not yet adjudicated,scenario_membership
AOBv2-REAL-1292,gauge_value,pending,single labeling; random stratum not yet adjudicated,l1_mae
AOBv2-REAL-1292,asset,pending,single labeling; random stratum not yet adjudicated,
AOBv2-REAL-1293,gauge_readable,pending,single labeling; random stratum not yet adjudicated,"l1_accuracy_f1,l2_commit_rate"
AOBv2-REAL-1293,recommended_action,pending,single labeling; random stratum not yet adjudicated,l3_action_accuracy
AOBv2-REAL-1293,category,pending,single labeling; random stratum not yet adjudicated,a12_recovery_rung
AOBv2-REAL-1293,image_role,pending,single labeling; random stratum not yet adjudicated,scenario_membership
AOBv2-REAL-1293,gauge_value,pending,single labeling; random stratum not yet adjudicated,l1_mae
AOBv2-REAL-1293,asset,pending,single labeling; random stratum not yet adjudicated,
AOBv2-REAL-1294,gauge_readable,pending,single labeling; random stratum not yet adjudicated,"l1_accuracy_f1,l2_commit_rate"
AOBv2-REAL-1294,recommended_action,pending,single labeling; random stratum not yet adjudicated,l3_action_accuracy
AOBv2-REAL-1294,category,pending,single labeling; random stratum not yet adjudicated,a12_recovery_rung
AOBv2-REAL-1294,image_role,pending,single labeling; random stratum not yet adjudicated,scenario_membership
AOBv2-REAL-1294,gauge_value,pending,single labeling; random stratum not yet adjudicated,l1_mae
AOBv2-REAL-1294,asset,pending,single labeling; random stratum not yet adjudicated,
AOBv2-REAL-1295,gauge_readable,pending,single labeling; random stratum not yet adjudicated,"l1_accuracy_f1,l2_commit_rate"
AOBv2-REAL-1295,recommended_action,pending,single labeling; random stratum not yet adjudicated,l3_action_accuracy
AOBv2-REAL-1295,category,pending,single labeling; random stratum not yet adjudicated,a12_recovery_rung
AOBv2-REAL-1295,image_role,pending,single labeling; random stratum not yet adjudicated,scenario_membership
AOBv2-REAL-1295,gauge_value,pending,single labeling; random stratum not yet adjudicated,l1_mae
AOBv2-REAL-1295,asset,pending,single labeling; random stratum not yet adjudicated,
AOBv2-REAL-1296,gauge_readable,pending,single labeling; random stratum not yet adjudicated,"l1_accuracy_f1,l2_commit_rate"
AOBv2-REAL-1296,recommended_action,pending,single labeling; random stratum not yet adjudicated,l3_action_accuracy
AOBv2-REAL-1296,category,pending,single labeling; random stratum not yet adjudicated,a12_recovery_rung
AOBv2-REAL-1296,image_role,pending,single labeling; random stratum not yet adjudicated,scenario_membership
AOBv2-REAL-1296,gauge_value,pending,single labeling; random stratum not yet adjudicated,l1_mae
AOBv2-REAL-1296,asset,pending,single labeling; random stratum not yet adjudicated,
AOBv2-REAL-130,gauge_readable,pending,single labeling; random stratum not yet adjudicated,"l1_accuracy_f1,l2_commit_rate"
AOBv2-REAL-130,recommended_action,pending,single labeling; random stratum not yet adjudicated,l3_action_accuracy
AOBv2-REAL-130,category,pending,single labeling; random stratum not yet adjudicated,a12_recovery_rung
AOBv2-REAL-130,image_role,pending,single labeling; random stratum not yet adjudicated,scenario_membership
AOBv2-REAL-130,gauge_value,pending,single labeling; random stratum not yet adjudicated,l1_mae
AOBv2-REAL-130,asset,pending,single labeling; random stratum not yet adjudicated,
AOBv2-REAL-131,gauge_readable,pending,single labeling; random stratum not yet adjudicated,"l1_accuracy_f1,l2_commit_rate"
AOBv2-REAL-131,recommended_action,pending,single labeling; random stratum not yet adjudicated,l3_action_accuracy
AOBv2-REAL-131,category,pending,single labeling; random stratum not yet adjudicated,a12_recovery_rung
AOBv2-REAL-131,image_role,pending,single labeling; random stratum not yet adjudicated,scenario_membership
AOBv2-REAL-131,gauge_value,pending,single labeling; random stratum not yet adjudicated,l1_mae
AOBv2-REAL-131,asset,pending,single labeling; random stratum not yet adjudicated,
AOBv2-REAL-132,gauge_readable,pending,single labeling; random stratum not yet adjudicated,"l1_accuracy_f1,l2_commit_rate"
AOBv2-REAL-132,recommended_action,pending,single labeling; random stratum not yet adjudicated,l3_action_accuracy
AOBv2-REAL-132,category,pending,single labeling; random stratum not yet adjudicated,a12_recovery_rung
AOBv2-REAL-132,image_role,pending,single labeling; random stratum not yet adjudicated,scenario_membership
AOBv2-REAL-132,gauge_value,pending,single labeling; random stratum not yet adjudicated,l1_mae
AOBv2-REAL-132,asset,pending,single labeling; random stratum not yet adjudicated,
AOBv2-REAL-133,gauge_readable,pending,single labeling; random stratum not yet adjudicated,"l1_accuracy_f1,l2_commit_rate"
AOBv2-REAL-133,recommended_action,pending,single labeling; random stratum not yet adjudicated,l3_action_accuracy
AOBv2-REAL-133,category,pending,single labeling; random stratum not yet adjudicated,a12_recovery_rung
AOBv2-REAL-133,image_role,pending,single labeling; random stratum not yet adjudicated,scenario_membership
AOBv2-REAL-133,gauge_value,pending,single labeling; random stratum not yet adjudicated,l1_mae
AOBv2-REAL-133,asset,pending,single labeling; random stratum not yet adjudicated,
AOBv2-REAL-134,gauge_readable,pending,single labeling; random stratum not yet adjudicated,"l1_accuracy_f1,l2_commit_rate"
AOBv2-REAL-134,recommended_action,pending,single labeling; random stratum not yet adjudicated,l3_action_accuracy
AOBv2-REAL-134,category,pending,single labeling; random stratum not yet adjudicated,a12_recovery_rung
AOBv2-REAL-134,image_role,pending,single labeling; random stratum not yet adjudicated,scenario_membership
AOBv2-REAL-134,gauge_value,pending,single labeling; random stratum not yet adjudicated,l1_mae
AOBv2-REAL-134,asset,pending,single labeling; random stratum not yet adjudicated,
AOBv2-REAL-135,gauge_readable,pending,single labeling; random stratum not yet adjudicated,"l1_accuracy_f1,l2_commit_rate"
AOBv2-REAL-135,recommended_action,pending,single labeling; random stratum not yet adjudicated,l3_action_accuracy
AOBv2-REAL-135,category,pending,single labeling; random stratum not yet adjudicated,a12_recovery_rung
AOBv2-REAL-135,image_role,pending,single labeling; random stratum not yet adjudicated,scenario_membership
AOBv2-REAL-135,gauge_value,pending,single labeling; random stratum not yet adjudicated,l1_mae
AOBv2-REAL-135,asset,pending,single labeling; random stratum not yet adjudicated,
AOBv2-REAL-136,gauge_readable,pending,single labeling; random stratum not yet adjudicated,"l1_accuracy_f1,l2_commit_rate"
AOBv2-REAL-136,recommended_action,pending,single labeling; random stratum not yet adjudicated,l3_action_accuracy
AOBv2-REAL-136,category,pending,single labeling; random stratum not yet adjudicated,a12_recovery_rung
AOBv2-REAL-136,image_role,pending,single labeling; random stratum not yet adjudicated,scenario_membership
AOBv2-REAL-136,gauge_value,pending,single labeling; random stratum not yet adjudicated,l1_mae
AOBv2-REAL-136,asset,pending,single labeling; random stratum not yet adjudicated,
AOBv2-REAL-137,gauge_readable,pending,single labeling; random stratum not yet adjudicated,"l1_accuracy_f1,l2_commit_rate"
AOBv2-REAL-137,recommended_action,pending,single labeling; random stratum not yet adjudicated,l3_action_accuracy
AOBv2-REAL-137,category,pending,single labeling; random stratum not yet adjudicated,a12_recovery_rung
AOBv2-REAL-137,image_role,pending,single labeling; random stratum not yet adjudicated,scenario_membership
AOBv2-REAL-137,gauge_value,pending,single labeling; random stratum not yet adjudicated,l1_mae
AOBv2-REAL-137,asset,pending,single labeling; random stratum not yet adjudicated,
AOBv2-REAL-138,gauge_readable,pending,single labeling; random stratum not yet adjudicated,"l1_accuracy_f1,l2_commit_rate"
AOBv2-REAL-138,recommended_action,pending,single labeling; random stratum not yet adjudicated,l3_action_accuracy
AOBv2-REAL-138,category,pending,single labeling; random stratum not yet adjudicated,a12_recovery_rung
AOBv2-REAL-138,image_role,pending,single labeling; random stratum not yet adjudicated,scenario_membership
AOBv2-REAL-138,gauge_value,pending,single labeling; random stratum not yet adjudicated,l1_mae
AOBv2-REAL-138,asset,pending,single labeling; random stratum not yet adjudicated,
AOBv2-REAL-139,gauge_readable,pending,single labeling; random stratum not yet adjudicated,"l1_accuracy_f1,l2_commit_rate"
AOBv2-REAL-139,recommended_action,pending,single labeling; random stratum not yet adjudicated,l3_action_accuracy
AOBv2-REAL-139,category,pending,single labeling; random stratum not yet adjudicated,a12_recovery_rung
AOBv2-REAL-139,image_role,pending,single labeling; random stratum not yet adjudicated,scenario_membership
AOBv2-REAL-139,gauge_value,pending,single labeling; random stratum not yet adjudicated,l1_mae
AOBv2-REAL-139,asset,pending,single labeling; random stratum not yet adjudicated,
AOBv2-REAL-140,gauge_readable,pending,single labeling; random stratum not yet adjudicated,"l1_accuracy_f1,l2_commit_rate"
AOBv2-REAL-140,recommended_action,pending,single labeling; random stratum not yet adjudicated,l3_action_accuracy
AOBv2-REAL-140,category,pending,single labeling; random stratum not yet adjudicated,a12_recovery_rung
AOBv2-REAL-140,image_role,pending,single labeling; random stratum not yet adjudicated,scenario_membership
AOBv2-REAL-140,gauge_value,pending,single labeling; random stratum not yet adjudicated,l1_mae
AOBv2-REAL-140,asset,pending,single labeling; random stratum not yet adjudicated,
AOBv2-REAL-141,gauge_readable,pending,single labeling; random stratum not yet adjudicated,"l1_accuracy_f1,l2_commit_rate"
AOBv2-REAL-141,recommended_action,pending,single labeling; random stratum not yet adjudicated,l3_action_accuracy
AOBv2-REAL-141,category,pending,single labeling; random stratum not yet adjudicated,a12_recovery_rung
AOBv2-REAL-141,image_role,pending,single labeling; random stratum not yet adjudicated,scenario_membership
AOBv2-REAL-141,gauge_value,pending,single labeling; random stratum not yet adjudicated,l1_mae
AOBv2-REAL-141,asset,pending,single labeling; random stratum not yet adjudicated,
AOBv2-REAL-142,gauge_readable,pending,single labeling; random stratum not yet adjudicated,"l1_accuracy_f1,l2_commit_rate"
AOBv2-REAL-142,recommended_action,pending,single labeling; random stratum not yet adjudicated,l3_action_accuracy
AOBv2-REAL-142,category,pending,single labeling; random stratum not yet adjudicated,a12_recovery_rung
AOBv2-REAL-142,image_role,pending,single labeling; random stratum not yet adjudicated,scenario_membership
AOBv2-REAL-142,gauge_value,pending,single labeling; random stratum not yet adjudicated,l1_mae
AOBv2-REAL-142,asset,pending,single labeling; random stratum not yet adjudicated,
AOBv2-REAL-143,gauge_readable,pending,single labeling; random stratum not yet adjudicated,"l1_accuracy_f1,l2_commit_rate"
AOBv2-REAL-143,recommended_action,pending,single labeling; random stratum not yet adjudicated,l3_action_accuracy
AOBv2-REAL-143,category,pending,single labeling; random stratum not yet adjudicated,a12_recovery_rung
AOBv2-REAL-143,image_role,pending,single labeling; random stratum not yet adjudicated,scenario_membership
AOBv2-REAL-143,gauge_value,pending,single labeling; random stratum not yet adjudicated,l1_mae
AOBv2-REAL-143,asset,pending,single labeling; random stratum not yet adjudicated,
AOBv2-REAL-144,gauge_readable,pending,single labeling; random stratum not yet adjudicated,"l1_accuracy_f1,l2_commit_rate"
AOBv2-REAL-144,recommended_action,pending,single labeling; random stratum not yet adjudicated,l3_action_accuracy
AOBv2-REAL-144,category,pending,single labeling; random stratum not yet adjudicated,a12_recovery_rung
AOBv2-REAL-144,image_role,pending,single labeling; random stratum not yet adjudicated,scenario_membership
AOBv2-REAL-144,gauge_value,pending,single labeling; random stratum not yet adjudicated,l1_mae
AOBv2-REAL-144,asset,pending,single labeling; random stratum not yet adjudicated,
AOBv2-REAL-145,gauge_readable,pending,single labeling; random stratum not yet adjudicated,"l1_accuracy_f1,l2_commit_rate"
AOBv2-REAL-145,recommended_action,pending,single labeling; random stratum not yet adjudicated,l3_action_accuracy
AOBv2-REAL-145,category,pending,single labeling; random stratum not yet adjudicated,a12_recovery_rung
AOBv2-REAL-145,image_role,pending,single labeling; random stratum not yet adjudicated,scenario_membership
AOBv2-REAL-145,gauge_value,pending,single labeling; random stratum not yet adjudicated,l1_mae
AOBv2-REAL-145,asset,pending,single labeling; random stratum not yet adjudicated,
AOBv2-REAL-146,gauge_readable,pending,single labeling; random stratum not yet adjudicated,"l1_accuracy_f1,l2_commit_rate"
AOBv2-REAL-146,recommended_action,pending,single labeling; random stratum not yet adjudicated,l3_action_accuracy
AOBv2-REAL-146,category,pending,single labeling; random stratum not yet adjudicated,a12_recovery_rung
AOBv2-REAL-146,image_role,pending,single labeling; random stratum not yet adjudicated,scenario_membership
AOBv2-REAL-146,gauge_value,pending,single labeling; random stratum not yet adjudicated,l1_mae
AOBv2-REAL-146,asset,pending,single labeling; random stratum not yet adjudicated,
AOBv2-REAL-147,gauge_readable,pending,single labeling; random stratum not yet adjudicated,"l1_accuracy_f1,l2_commit_rate"
AOBv2-REAL-147,recommended_action,pending,single labeling; random stratum not yet adjudicated,l3_action_accuracy
AOBv2-REAL-147,category,pending,single labeling; random stratum not yet adjudicated,a12_recovery_rung
AOBv2-REAL-147,image_role,pending,single labeling; random stratum not yet adjudicated,scenario_membership
AOBv2-REAL-147,gauge_value,pending,single labeling; random stratum not yet adjudicated,l1_mae
AOBv2-REAL-147,asset,pending,single labeling; random stratum not yet adjudicated,
AOBv2-REAL-148,gauge_readable,pending,single labeling; random stratum not yet adjudicated,"l1_accuracy_f1,l2_commit_rate"
AOBv2-REAL-148,recommended_action,pending,single labeling; random stratum not yet adjudicated,l3_action_accuracy
AOBv2-REAL-148,category,pending,single labeling; random stratum not yet adjudicated,a12_recovery_rung
AOBv2-REAL-148,image_role,pending,single labeling; random stratum not yet adjudicated,scenario_membership
AOBv2-REAL-148,gauge_value,pending,single labeling; random stratum not yet adjudicated,l1_mae
AOBv2-REAL-148,asset,pending,single labeling; random stratum not yet adjudicated,
AOBv2-REAL-149,gauge_readable,pending,single labeling; random stratum not yet adjudicated,"l1_accuracy_f1,l2_commit_rate"
AOBv2-REAL-149,recommended_action,pending,single labeling; random stratum not yet adjudicated,l3_action_accuracy
AOBv2-REAL-149,category,pending,single labeling; random stratum not yet adjudicated,a12_recovery_rung
AOBv2-REAL-149,image_role,pending,single labeling; random stratum not yet adjudicated,scenario_membership
AOBv2-REAL-149,gauge_value,pending,single labeling; random stratum not yet adjudicated,l1_mae
AOBv2-REAL-149,asset,pending,single labeling; random stratum not yet adjudicated,
AOBv2-REAL-150,gauge_readable,pending,single labeling; random stratum not yet adjudicated,"l1_accuracy_f1,l2_commit_rate"
AOBv2-REAL-150,recommended_action,pending,single labeling; random stratum not yet adjudicated,l3_action_accuracy
AOBv2-REAL-150,category,pending,single labeling; random stratum not yet adjudicated,a12_recovery_rung
AOBv2-REAL-150,image_role,pending,single labeling; random stratum not yet adjudicated,scenario_membership
AOBv2-REAL-150,gauge_value,pending,single labeling; random stratum not yet adjudicated,l1_mae
AOBv2-REAL-150,asset,pending,single labeling; random stratum not yet adjudicated,
AOBv2-REAL-151,gauge_readable,pending,single labeling; random stratum not yet adjudicated,"l1_accuracy_f1,l2_commit_rate"
AOBv2-REAL-151,recommended_action,pending,single labeling; random stratum not yet adjudicated,l3_action_accuracy
AOBv2-REAL-151,category,pending,single labeling; random stratum not yet adjudicated,a12_recovery_rung
AOBv2-REAL-151,image_role,pending,single labeling; random stratum not yet adjudicated,scenario_membership
AOBv2-REAL-151,gauge_value,pending,single labeling; random stratum not yet adjudicated,l1_mae
AOBv2-REAL-151,asset,pending,single labeling; random stratum not yet adjudicated,
AOBv2-REAL-152,gauge_readable,pending,single labeling; random stratum not yet adjudicated,"l1_accuracy_f1,l2_commit_rate"
AOBv2-REAL-152,recommended_action,pending,single labeling; random stratum not yet adjudicated,l3_action_accuracy
AOBv2-REAL-152,category,pending,single labeling; random stratum not yet adjudicated,a12_recovery_rung
AOBv2-REAL-152,image_role,pending,single labeling; random stratum not yet adjudicated,scenario_membership
AOBv2-REAL-152,gauge_value,pending,single labeling; random stratum not yet adjudicated,l1_mae
AOBv2-REAL-152,asset,pending,single labeling; random stratum not yet adjudicated,
AOBv2-REAL-153,gauge_readable,pending,single labeling; random stratum not yet adjudicated,"l1_accuracy_f1,l2_commit_rate"
AOBv2-REAL-153,recommended_action,pending,single labeling; random stratum not yet adjudicated,l3_action_accuracy
AOBv2-REAL-153,category,pending,single labeling; random stratum not yet adjudicated,a12_recovery_rung
AOBv2-REAL-153,image_role,pending,single labeling; random stratum not yet adjudicated,scenario_membership
AOBv2-REAL-153,gauge_value,pending,single labeling; random stratum not yet adjudicated,l1_mae
AOBv2-REAL-153,asset,pending,single labeling; random stratum not yet adjudicated,
AOBv2-REAL-154,gauge_readable,pending,single labeling; random stratum not yet adjudicated,"l1_accuracy_f1,l2_commit_rate"
AOBv2-REAL-154,recommended_action,pending,single labeling; random stratum not yet adjudicated,l3_action_accuracy
AOBv2-REAL-154,category,pending,single labeling; random stratum not yet adjudicated,a12_recovery_rung
AOBv2-REAL-154,image_role,pending,single labeling; random stratum not yet adjudicated,scenario_membership
AOBv2-REAL-154,gauge_value,pending,single labeling; random stratum not yet adjudicated,l1_mae
AOBv2-REAL-154,asset,pending,single labeling; random stratum not yet adjudicated,
AOBv2-REAL-155,gauge_readable,pending,single labeling; random stratum not yet adjudicated,"l1_accuracy_f1,l2_commit_rate"
AOBv2-REAL-155,recommended_action,pending,single labeling; random stratum not yet adjudicated,l3_action_accuracy
AOBv2-REAL-155,category,pending,single labeling; random stratum not yet adjudicated,a12_recovery_rung
AOBv2-REAL-155,image_role,pending,single labeling; random stratum not yet adjudicated,scenario_membership
AOBv2-REAL-155,gauge_value,pending,single labeling; random stratum not yet adjudicated,l1_mae
AOBv2-REAL-155,asset,pending,single labeling; random stratum not yet adjudicated,
AOBv2-REAL-156,gauge_readable,pending,single labeling; random stratum not yet adjudicated,"l1_accuracy_f1,l2_commit_rate"
AOBv2-REAL-156,recommended_action,pending,single labeling; random stratum not yet adjudicated,l3_action_accuracy
AOBv2-REAL-156,category,pending,single labeling; random stratum not yet adjudicated,a12_recovery_rung
AOBv2-REAL-156,image_role,pending,single labeling; random stratum not yet adjudicated,scenario_membership
AOBv2-REAL-156,gauge_value,pending,single labeling; random stratum not yet adjudicated,l1_mae
AOBv2-REAL-156,asset,pending,single labeling; random stratum not yet adjudicated,
AOBv2-REAL-157,gauge_readable,pending,single labeling; random stratum not yet adjudicated,"l1_accuracy_f1,l2_commit_rate"
AOBv2-REAL-157,recommended_action,pending,single labeling; random stratum not yet adjudicated,l3_action_accuracy
AOBv2-REAL-157,category,pending,single labeling; random stratum not yet adjudicated,a12_recovery_rung
AOBv2-REAL-157,image_role,pending,single labeling; random stratum not yet adjudicated,scenario_membership
AOBv2-REAL-157,gauge_value,pending,single labeling; random stratum not yet adjudicated,l1_mae
AOBv2-REAL-157,asset,pending,single labeling; random stratum not yet adjudicated,
AOBv2-REAL-158,gauge_readable,pending,single labeling; random stratum not yet adjudicated,"l1_accuracy_f1,l2_commit_rate"
AOBv2-REAL-158,recommended_action,pending,single labeling; random stratum not yet adjudicated,l3_action_accuracy
AOBv2-REAL-158,category,pending,single labeling; random stratum not yet adjudicated,a12_recovery_rung
AOBv2-REAL-158,image_role,pending,single labeling; random stratum not yet adjudicated,scenario_membership
AOBv2-REAL-158,gauge_value,pending,single labeling; random stratum not yet adjudicated,l1_mae
AOBv2-REAL-158,asset,pending,single labeling; random stratum not yet adjudicated,
AOBv2-REAL-159,gauge_readable,pending,single labeling; random stratum not yet adjudicated,"l1_accuracy_f1,l2_commit_rate"
AOBv2-REAL-159,recommended_action,pending,single labeling; random stratum not yet adjudicated,l3_action_accuracy
AOBv2-REAL-159,category,pending,single labeling; random stratum not yet adjudicated,a12_recovery_rung
AOBv2-REAL-159,image_role,pending,single labeling; random stratum not yet adjudicated,scenario_membership
AOBv2-REAL-159,gauge_value,pending,single labeling; random stratum not yet adjudicated,l1_mae
AOBv2-REAL-159,asset,pending,single labeling; random stratum not yet adjudicated,
AOBv2-REAL-160,gauge_readable,pending,single labeling; random stratum not yet adjudicated,"l1_accuracy_f1,l2_commit_rate"
AOBv2-REAL-160,recommended_action,pending,single labeling; random stratum not yet adjudicated,l3_action_accuracy
AOBv2-REAL-160,category,pending,single labeling; random stratum not yet adjudicated,a12_recovery_rung
AOBv2-REAL-160,image_role,pending,single labeling; random stratum not yet adjudicated,scenario_membership
AOBv2-REAL-160,gauge_value,pending,single labeling; random stratum not yet adjudicated,l1_mae
AOBv2-REAL-160,asset,pending,single labeling; random stratum not yet adjudicated,
AOBv2-REAL-161,gauge_readable,pending,single labeling; random stratum not yet adjudicated,"l1_accuracy_f1,l2_commit_rate"
AOBv2-REAL-161,recommended_action,pending,single labeling; random stratum not yet adjudicated,l3_action_accuracy
AOBv2-REAL-161,category,pending,single labeling; random stratum not yet adjudicated,a12_recovery_rung
AOBv2-REAL-161,image_role,pending,single labeling; random stratum not yet adjudicated,scenario_membership
AOBv2-REAL-161,gauge_value,pending,single labeling; random stratum not yet adjudicated,l1_mae
AOBv2-REAL-161,asset,pending,single labeling; random stratum not yet adjudicated,
AOBv2-REAL-162,gauge_readable,pending,single labeling; random stratum not yet adjudicated,"l1_accuracy_f1,l2_commit_rate"
AOBv2-REAL-162,recommended_action,pending,single labeling; random stratum not yet adjudicated,l3_action_accuracy
AOBv2-REAL-162,category,pending,single labeling; random stratum not yet adjudicated,a12_recovery_rung
AOBv2-REAL-162,image_role,pending,single labeling; random stratum not yet adjudicated,scenario_membership
AOBv2-REAL-162,gauge_value,pending,single labeling; random stratum not yet adjudicated,l1_mae
AOBv2-REAL-162,asset,pending,single labeling; random stratum not yet adjudicated,
AOBv2-REAL-163,gauge_readable,pending,single labeling; random stratum not yet adjudicated,"l1_accuracy_f1,l2_commit_rate"
AOBv2-REAL-163,recommended_action,pending,single labeling; random stratum not yet adjudicated,l3_action_accuracy
AOBv2-REAL-163,category,pending,single labeling; random stratum not yet adjudicated,a12_recovery_rung
AOBv2-REAL-163,image_role,pending,single labeling; random stratum not yet adjudicated,scenario_membership
AOBv2-REAL-163,gauge_value,pending,single labeling; random stratum not yet adjudicated,l1_mae
AOBv2-REAL-163,asset,pending,single labeling; random stratum not yet adjudicated,
AOBv2-REAL-164,gauge_readable,pending,single labeling; random stratum not yet adjudicated,"l1_accuracy_f1,l2_commit_rate"
AOBv2-REAL-164,recommended_action,pending,single labeling; random stratum not yet adjudicated,l3_action_accuracy
AOBv2-REAL-164,category,pending,single labeling; random stratum not yet adjudicated,a12_recovery_rung
AOBv2-REAL-164,image_role,pending,single labeling; random stratum not yet adjudicated,scenario_membership
AOBv2-REAL-164,gauge_value,pending,single labeling; random stratum not yet adjudicated,l1_mae
AOBv2-REAL-164,asset,pending,single labeling; random stratum not yet adjudicated,
AOBv2-REAL-165,gauge_readable,pending,single labeling; random stratum not yet adjudicated,"l1_accuracy_f1,l2_commit_rate"
AOBv2-REAL-165,recommended_action,pending,single labeling; random stratum not yet adjudicated,l3_action_accuracy
AOBv2-REAL-165,category,pending,single labeling; random stratum not yet adjudicated,a12_recovery_rung
AOBv2-REAL-165,image_role,pending,single labeling; random stratum not yet adjudicated,scenario_membership
AOBv2-REAL-165,gauge_value,pending,single labeling; random stratum not yet adjudicated,l1_mae
AOBv2-REAL-165,asset,pending,single labeling; random stratum not yet adjudicated,
AOBv2-REAL-166,gauge_readable,pending,single labeling; random stratum not yet adjudicated,"l1_accuracy_f1,l2_commit_rate"
AOBv2-REAL-166,recommended_action,pending,single labeling; random stratum not yet adjudicated,l3_action_accuracy
AOBv2-REAL-166,category,pending,single labeling; random stratum not yet adjudicated,a12_recovery_rung
AOBv2-REAL-166,image_role,pending,single labeling; random stratum not yet adjudicated,scenario_membership
AOBv2-REAL-166,gauge_value,pending,single labeling; random stratum not yet adjudicated,l1_mae
AOBv2-REAL-166,asset,pending,single labeling; random stratum not yet adjudicated,
AOBv2-REAL-167,gauge_readable,pending,single labeling; random stratum not yet adjudicated,"l1_accuracy_f1,l2_commit_rate"
AOBv2-REAL-167,recommended_action,pending,single labeling; random stratum not yet adjudicated,l3_action_accuracy
AOBv2-REAL-167,category,pending,single labeling; random stratum not yet adjudicated,a12_recovery_rung
AOBv2-REAL-167,image_role,pending,single labeling; random stratum not yet adjudicated,scenario_membership
AOBv2-REAL-167,gauge_value,pending,single labeling; random stratum not yet adjudicated,l1_mae
AOBv2-REAL-167,asset,pending,single labeling; random stratum not yet adjudicated,
AOBv2-REAL-168,gauge_readable,pending,single labeling; random stratum not yet adjudicated,"l1_accuracy_f1,l2_commit_rate"
AOBv2-REAL-168,recommended_action,pending,single labeling; random stratum not yet adjudicated,l3_action_accuracy
AOBv2-REAL-168,category,pending,single labeling; random stratum not yet adjudicated,a12_recovery_rung
AOBv2-REAL-168,image_role,pending,single labeling; random stratum not yet adjudicated,scenario_membership
AOBv2-REAL-168,gauge_value,pending,single labeling; random stratum not yet adjudicated,l1_mae
AOBv2-REAL-168,asset,pending,single labeling; random stratum not yet adjudicated,
AOBv2-REAL-169,gauge_readable,pending,single labeling; random stratum not yet adjudicated,"l1_accuracy_f1,l2_commit_rate"
AOBv2-REAL-169,recommended_action,pending,single labeling; random stratum not yet adjudicated,l3_action_accuracy
AOBv2-REAL-169,category,pending,single labeling; random stratum not yet adjudicated,a12_recovery_rung
AOBv2-REAL-169,image_role,pending,single labeling; random stratum not yet adjudicated,scenario_membership
AOBv2-REAL-169,gauge_value,pending,single labeling; random stratum not yet adjudicated,l1_mae
AOBv2-REAL-169,asset,pending,single labeling; random stratum not yet adjudicated,
AOBv2-REAL-170,gauge_readable,pending,single labeling; random stratum not yet adjudicated,"l1_accuracy_f1,l2_commit_rate"
AOBv2-REAL-170,recommended_action,pending,single labeling; random stratum not yet adjudicated,l3_action_accuracy
AOBv2-REAL-170,category,pending,single labeling; random stratum not yet adjudicated,a12_recovery_rung
AOBv2-REAL-170,image_role,pending,single labeling; random stratum not yet adjudicated,scenario_membership
AOBv2-REAL-170,gauge_value,pending,single labeling; random stratum not yet adjudicated,l1_mae
AOBv2-REAL-170,asset,pending,single labeling; random stratum not yet adjudicated,
AOBv2-REAL-171,gauge_readable,pending,single labeling; random stratum not yet adjudicated,"l1_accuracy_f1,l2_commit_rate"
AOBv2-REAL-171,recommended_action,pending,single labeling; random stratum not yet adjudicated,l3_action_accuracy
AOBv2-REAL-171,category,pending,single labeling; random stratum not yet adjudicated,a12_recovery_rung
AOBv2-REAL-171,image_role,pending,single labeling; random stratum not yet adjudicated,scenario_membership
AOBv2-REAL-171,gauge_value,pending,single labeling; random stratum not yet adjudicated,l1_mae
AOBv2-REAL-171,asset,pending,single labeling; random stratum not yet adjudicated,
AOBv2-REAL-172,gauge_readable,pending,single labeling; random stratum not yet adjudicated,"l1_accuracy_f1,l2_commit_rate"
AOBv2-REAL-172,recommended_action,pending,single labeling; random stratum not yet adjudicated,l3_action_accuracy
AOBv2-REAL-172,category,pending,single labeling; random stratum not yet adjudicated,a12_recovery_rung
AOBv2-REAL-172,image_role,pending,single labeling; random stratum not yet adjudicated,scenario_membership
AOBv2-REAL-172,gauge_value,pending,single labeling; random stratum not yet adjudicated,l1_mae
AOBv2-REAL-172,asset,pending,single labeling; random stratum not yet adjudicated,
AOBv2-REAL-173,gauge_readable,pending,single labeling; random stratum not yet adjudicated,"l1_accuracy_f1,l2_commit_rate"
AOBv2-REAL-173,recommended_action,pending,single labeling; random stratum not yet adjudicated,l3_action_accuracy
AOBv2-REAL-173,category,pending,single labeling; random stratum not yet adjudicated,a12_recovery_rung
AOBv2-REAL-173,image_role,pending,single labeling; random stratum not yet adjudicated,scenario_membership
AOBv2-REAL-173,gauge_value,pending,single labeling; random stratum not yet adjudicated,l1_mae
AOBv2-REAL-173,asset,pending,single labeling; random stratum not yet adjudicated,
AOBv2-REAL-174,gauge_readable,pending,single labeling; random stratum not yet adjudicated,"l1_accuracy_f1,l2_commit_rate"
AOBv2-REAL-174,recommended_action,pending,single labeling; random stratum not yet adjudicated,l3_action_accuracy
AOBv2-REAL-174,category,pending,single labeling; random stratum not yet adjudicated,a12_recovery_rung
AOBv2-REAL-174,image_role,pending,single labeling; random stratum not yet adjudicated,scenario_membership
AOBv2-REAL-174,gauge_value,pending,single labeling; random stratum not yet adjudicated,l1_mae
AOBv2-REAL-174,asset,pending,single labeling; random stratum not yet adjudicated,
AOBv2-REAL-175,gauge_readable,pending,single labeling; random stratum not yet adjudicated,"l1_accuracy_f1,l2_commit_rate"
AOBv2-REAL-175,recommended_action,pending,single labeling; random stratum not yet adjudicated,l3_action_accuracy
AOBv2-REAL-175,category,pending,single labeling; random stratum not yet adjudicated,a12_recovery_rung
AOBv2-REAL-175,image_role,pending,single labeling; random stratum not yet adjudicated,scenario_membership
AOBv2-REAL-175,gauge_value,pending,single labeling; random stratum not yet adjudicated,l1_mae
AOBv2-REAL-175,asset,pending,single labeling; random stratum not yet adjudicated,
AOBv2-REAL-176,gauge_readable,pending,single labeling; random stratum not yet adjudicated,"l1_accuracy_f1,l2_commit_rate"
AOBv2-REAL-176,recommended_action,pending,single labeling; random stratum not yet adjudicated,l3_action_accuracy
AOBv2-REAL-176,category,pending,single labeling; random stratum not yet adjudicated,a12_recovery_rung
AOBv2-REAL-176,image_role,pending,single labeling; random stratum not yet adjudicated,scenario_membership
AOBv2-REAL-176,gauge_value,pending,single labeling; random stratum not yet adjudicated,l1_mae
AOBv2-REAL-176,asset,pending,single labeling; random stratum not yet adjudicated,
AOBv2-REAL-177,gauge_readable,pending,single labeling; random stratum not yet adjudicated,"l1_accuracy_f1,l2_commit_rate"
AOBv2-REAL-177,recommended_action,pending,single labeling; random stratum not yet adjudicated,l3_action_accuracy
AOBv2-REAL-177,category,pending,single labeling; random stratum not yet adjudicated,a12_recovery_rung
AOBv2-REAL-177,image_role,pending,single labeling; random stratum not yet adjudicated,scenario_membership
AOBv2-REAL-177,gauge_value,pending,single labeling; random stratum not yet adjudicated,l1_mae
AOBv2-REAL-177,asset,pending,single labeling; random stratum not yet adjudicated,
AOBv2-REAL-178,gauge_readable,pending,single labeling; random stratum not yet adjudicated,"l1_accuracy_f1,l2_commit_rate"
AOBv2-REAL-178,recommended_action,pending,single labeling; random stratum not yet adjudicated,l3_action_accuracy
AOBv2-REAL-178,category,pending,single labeling; random stratum not yet adjudicated,a12_recovery_rung
AOBv2-REAL-178,image_role,pending,single labeling; random stratum not yet adjudicated,scenario_membership
AOBv2-REAL-178,gauge_value,pending,single labeling; random stratum not yet adjudicated,l1_mae
AOBv2-REAL-178,asset,pending,single labeling; random stratum not yet adjudicated,
AOBv2-REAL-179,gauge_readable,pending,single labeling; random stratum not yet adjudicated,"l1_accuracy_f1,l2_commit_rate"
AOBv2-REAL-179,recommended_action,pending,single labeling; random stratum not yet adjudicated,l3_action_accuracy
AOBv2-REAL-179,category,pending,single labeling; random stratum not yet adjudicated,a12_recovery_rung
AOBv2-REAL-179,image_role,pending,single labeling; random stratum not yet adjudicated,scenario_membership
AOBv2-REAL-179,gauge_value,pending,single labeling; random stratum not yet adjudicated,l1_mae
AOBv2-REAL-179,asset,pending,single labeling; random stratum not yet adjudicated,
AOBv2-REAL-180,gauge_readable,pending,single labeling; random stratum not yet adjudicated,"l1_accuracy_f1,l2_commit_rate"
AOBv2-REAL-180,recommended_action,pending,single labeling; random stratum not yet adjudicated,l3_action_accuracy
AOBv2-REAL-180,category,pending,single labeling; random stratum not yet adjudicated,a12_recovery_rung
AOBv2-REAL-180,image_role,pending,single labeling; random stratum not yet adjudicated,scenario_membership
AOBv2-REAL-180,gauge_value,pending,single labeling; random stratum not yet adjudicated,l1_mae
AOBv2-REAL-180,asset,pending,single labeling; random stratum not yet adjudicated,
AOBv2-REAL-181,gauge_readable,pending,single labeling; random stratum not yet adjudicated,"l1_accuracy_f1,l2_commit_rate"
AOBv2-REAL-181,recommended_action,pending,single labeling; random stratum not yet adjudicated,l3_action_accuracy
AOBv2-REAL-181,category,pending,single labeling; random stratum not yet adjudicated,a12_recovery_rung
AOBv2-REAL-181,image_role,pending,single labeling; random stratum not yet adjudicated,scenario_membership
AOBv2-REAL-181,gauge_value,pending,single labeling; random stratum not yet adjudicated,l1_mae
AOBv2-REAL-181,asset,pending,single labeling; random stratum not yet adjudicated,
AOBv2-REAL-182,gauge_readable,pending,single labeling; random stratum not yet adjudicated,"l1_accuracy_f1,l2_commit_rate"
AOBv2-REAL-182,recommended_action,pending,single labeling; random stratum not yet adjudicated,l3_action_accuracy
AOBv2-REAL-182,category,pending,single labeling; random stratum not yet adjudicated,a12_recovery_rung
AOBv2-REAL-182,image_role,pending,single labeling; random stratum not yet adjudicated,scenario_membership
AOBv2-REAL-182,gauge_value,pending,single labeling; random stratum not yet adjudicated,l1_mae
AOBv2-REAL-182,asset,pending,single labeling; random stratum not yet adjudicated,
AOBv2-REAL-183,gauge_readable,pending,single labeling; random stratum not yet adjudicated,"l1_accuracy_f1,l2_commit_rate"
AOBv2-REAL-183,recommended_action,pending,single labeling; random stratum not yet adjudicated,l3_action_accuracy
AOBv2-REAL-183,category,pending,single labeling; random stratum not yet adjudicated,a12_recovery_rung
AOBv2-REAL-183,image_role,pending,single labeling; random stratum not yet adjudicated,scenario_membership
AOBv2-REAL-183,gauge_value,pending,single labeling; random stratum not yet adjudicated,l1_mae
AOBv2-REAL-183,asset,pending,single labeling; random stratum not yet adjudicated,
AOBv2-REAL-184,gauge_readable,pending,single labeling; random stratum not yet adjudicated,"l1_accuracy_f1,l2_commit_rate"
AOBv2-REAL-184,recommended_action,pending,single labeling; random stratum not yet adjudicated,l3_action_accuracy
AOBv2-REAL-184,category,pending,single labeling; random stratum not yet adjudicated,a12_recovery_rung
AOBv2-REAL-184,image_role,pending,single labeling; random stratum not yet adjudicated,scenario_membership
AOBv2-REAL-184,gauge_value,pending,single labeling; random stratum not yet adjudicated,l1_mae
AOBv2-REAL-184,asset,pending,single labeling; random stratum not yet adjudicated,
AOBv2-REAL-185,gauge_readable,pending,single labeling; random stratum not yet adjudicated,"l1_accuracy_f1,l2_commit_rate"
AOBv2-REAL-185,recommended_action,pending,single labeling; random stratum not yet adjudicated,l3_action_accuracy
AOBv2-REAL-185,category,pending,single labeling; random stratum not yet adjudicated,a12_recovery_rung
AOBv2-REAL-185,image_role,pending,single labeling; random stratum not yet adjudicated,scenario_membership
AOBv2-REAL-185,gauge_value,pending,single labeling; random stratum not yet adjudicated,l1_mae
AOBv2-REAL-185,asset,pending,single labeling; random stratum not yet adjudicated,
AOBv2-REAL-186,gauge_readable,pending,single labeling; random stratum not yet adjudicated,"l1_accuracy_f1,l2_commit_rate"
AOBv2-REAL-186,recommended_action,pending,single labeling; random stratum not yet adjudicated,l3_action_accuracy
AOBv2-REAL-186,category,pending,single labeling; random stratum not yet adjudicated,a12_recovery_rung
AOBv2-REAL-186,image_role,pending,single labeling; random stratum not yet adjudicated,scenario_membership
AOBv2-REAL-186,gauge_value,pending,single labeling; random stratum not yet adjudicated,l1_mae
AOBv2-REAL-186,asset,pending,single labeling; random stratum not yet adjudicated,
AOBv2-REAL-187,gauge_readable,pending,single labeling; random stratum not yet adjudicated,"l1_accuracy_f1,l2_commit_rate"
AOBv2-REAL-187,recommended_action,pending,single labeling; random stratum not yet adjudicated,l3_action_accuracy
AOBv2-REAL-187,category,pending,single labeling; random stratum not yet adjudicated,a12_recovery_rung
AOBv2-REAL-187,image_role,pending,single labeling; random stratum not yet adjudicated,scenario_membership
AOBv2-REAL-187,gauge_value,pending,single labeling; random stratum not yet adjudicated,l1_mae
AOBv2-REAL-187,asset,pending,single labeling; random stratum not yet adjudicated,
AOBv2-REAL-188,gauge_readable,pending,single labeling; random stratum not yet adjudicated,"l1_accuracy_f1,l2_commit_rate"
AOBv2-REAL-188,recommended_action,pending,single labeling; random stratum not yet adjudicated,l3_action_accuracy
AOBv2-REAL-188,category,pending,single labeling; random stratum not yet adjudicated,a12_recovery_rung
AOBv2-REAL-188,image_role,pending,single labeling; random stratum not yet adjudicated,scenario_membership
AOBv2-REAL-188,gauge_value,pending,single labeling; random stratum not yet adjudicated,l1_mae
AOBv2-REAL-188,asset,pending,single labeling; random stratum not yet adjudicated,
AOBv2-REAL-189,gauge_readable,pending,single labeling; random stratum not yet adjudicated,"l1_accuracy_f1,l2_commit_rate"
AOBv2-REAL-189,recommended_action,pending,single labeling; random stratum not yet adjudicated,l3_action_accuracy
AOBv2-REAL-189,category,pending,single labeling; random stratum not yet adjudicated,a12_recovery_rung
AOBv2-REAL-189,image_role,pending,single labeling; random stratum not yet adjudicated,scenario_membership
AOBv2-REAL-189,gauge_value,pending,single labeling; random stratum not yet adjudicated,l1_mae
AOBv2-REAL-189,asset,pending,single labeling; random stratum not yet adjudicated,
AOBv2-REAL-190,gauge_readable,pending,single labeling; random stratum not yet adjudicated,"l1_accuracy_f1,l2_commit_rate"
AOBv2-REAL-190,recommended_action,pending,single labeling; random stratum not yet adjudicated,l3_action_accuracy
AOBv2-REAL-190,category,pending,single labeling; random stratum not yet adjudicated,a12_recovery_rung
AOBv2-REAL-190,image_role,pending,single labeling; random stratum not yet adjudicated,scenario_membership
AOBv2-REAL-190,gauge_value,pending,single labeling; random stratum not yet adjudicated,l1_mae
AOBv2-REAL-190,asset,pending,single labeling; random stratum not yet adjudicated,
AOBv2-REAL-191,gauge_readable,pending,single labeling; random stratum not yet adjudicated,"l1_accuracy_f1,l2_commit_rate"
AOBv2-REAL-191,recommended_action,pending,single labeling; random stratum not yet adjudicated,l3_action_accuracy
AOBv2-REAL-191,category,pending,single labeling; random stratum not yet adjudicated,a12_recovery_rung
AOBv2-REAL-191,image_role,pending,single labeling; random stratum not yet adjudicated,scenario_membership
AOBv2-REAL-191,gauge_value,pending,single labeling; random stratum not yet adjudicated,l1_mae
AOBv2-REAL-191,asset,pending,single labeling; random stratum not yet adjudicated,
AOBv2-REAL-192,gauge_readable,pending,single labeling; random stratum not yet adjudicated,"l1_accuracy_f1,l2_commit_rate"
AOBv2-REAL-192,recommended_action,pending,single labeling; random stratum not yet adjudicated,l3_action_accuracy
AOBv2-REAL-192,category,pending,single labeling; random stratum not yet adjudicated,a12_recovery_rung
AOBv2-REAL-192,image_role,pending,single labeling; random stratum not yet adjudicated,scenario_membership
AOBv2-REAL-192,gauge_value,pending,single labeling; random stratum not yet adjudicated,l1_mae
AOBv2-REAL-192,asset,pending,single labeling; random stratum not yet adjudicated,
AOBv2-REAL-193,gauge_readable,pending,single labeling; random stratum not yet adjudicated,"l1_accuracy_f1,l2_commit_rate"
AOBv2-REAL-193,recommended_action,pending,single labeling; random stratum not yet adjudicated,l3_action_accuracy
AOBv2-REAL-193,category,pending,single labeling; random stratum not yet adjudicated,a12_recovery_rung
AOBv2-REAL-193,image_role,pending,single labeling; random stratum not yet adjudicated,scenario_membership
AOBv2-REAL-193,gauge_value,pending,single labeling; random stratum not yet adjudicated,l1_mae
AOBv2-REAL-193,asset,pending,single labeling; random stratum not yet adjudicated,
AOBv2-REAL-194,gauge_readable,pending,single labeling; random stratum not yet adjudicated,"l1_accuracy_f1,l2_commit_rate"
AOBv2-REAL-194,recommended_action,pending,single labeling; random stratum not yet adjudicated,l3_action_accuracy
AOBv2-REAL-194,category,pending,single labeling; random stratum not yet adjudicated,a12_recovery_rung
AOBv2-REAL-194,image_role,pending,single labeling; random stratum not yet adjudicated,scenario_membership
AOBv2-REAL-194,gauge_value,pending,single labeling; random stratum not yet adjudicated,l1_mae
AOBv2-REAL-194,asset,pending,single labeling; random stratum not yet adjudicated,
AOBv2-REAL-195,gauge_readable,pending,single labeling; random stratum not yet adjudicated,"l1_accuracy_f1,l2_commit_rate"
AOBv2-REAL-195,recommended_action,pending,single labeling; random stratum not yet adjudicated,l3_action_accuracy
AOBv2-REAL-195,category,pending,single labeling; random stratum not yet adjudicated,a12_recovery_rung
AOBv2-REAL-195,image_role,pending,single labeling; random stratum not yet adjudicated,scenario_membership
AOBv2-REAL-195,gauge_value,pending,single labeling; random stratum not yet adjudicated,l1_mae
AOBv2-REAL-195,asset,pending,single labeling; random stratum not yet adjudicated,
AOBv2-REAL-196,gauge_readable,pending,single labeling; random stratum not yet adjudicated,"l1_accuracy_f1,l2_commit_rate"
AOBv2-REAL-196,recommended_action,pending,single labeling; random stratum not yet adjudicated,l3_action_accuracy
AOBv2-REAL-196,category,pending,single labeling; random stratum not yet adjudicated,a12_recovery_rung
AOBv2-REAL-196,image_role,pending,single labeling; random stratum not yet adjudicated,scenario_membership
AOBv2-REAL-196,gauge_value,pending,single labeling; random stratum not yet adjudicated,l1_mae
AOBv2-REAL-196,asset,pending,single labeling; random stratum not yet adjudicated,
AOBv2-REAL-197,gauge_readable,pending,single labeling; random stratum not yet adjudicated,"l1_accuracy_f1,l2_commit_rate"
AOBv2-REAL-197,recommended_action,pending,single labeling; random stratum not yet adjudicated,l3_action_accuracy
AOBv2-REAL-197,category,pending,single labeling; random stratum not yet adjudicated,a12_recovery_rung
AOBv2-REAL-197,image_role,pending,single labeling; random stratum not yet adjudicated,scenario_membership
AOBv2-REAL-197,gauge_value,pending,single labeling; random stratum not yet adjudicated,l1_mae
AOBv2-REAL-197,asset,pending,single labeling; random stratum not yet adjudicated,
AOBv2-REAL-198,gauge_readable,pending,single labeling; random stratum not yet adjudicated,"l1_accuracy_f1,l2_commit_rate"
AOBv2-REAL-198,recommended_action,pending,single labeling; random stratum not yet adjudicated,l3_action_accuracy
AOBv2-REAL-198,category,pending,single labeling; random stratum not yet adjudicated,a12_recovery_rung
AOBv2-REAL-198,image_role,pending,single labeling; random stratum not yet adjudicated,scenario_membership
AOBv2-REAL-198,gauge_value,pending,single labeling; random stratum not yet adjudicated,l1_mae
AOBv2-REAL-198,asset,pending,single labeling; random stratum not yet adjudicated,
AOBv2-REAL-199,gauge_readable,pending,single labeling; random stratum not yet adjudicated,"l1_accuracy_f1,l2_commit_rate"
AOBv2-REAL-199,recommended_action,pending,single labeling; random stratum not yet adjudicated,l3_action_accuracy
AOBv2-REAL-199,category,pending,single labeling; random stratum not yet adjudicated,a12_recovery_rung
AOBv2-REAL-199,image_role,pending,single labeling; random stratum not yet adjudicated,scenario_membership
AOBv2-REAL-199,gauge_value,pending,single labeling; random stratum not yet adjudicated,l1_mae
AOBv2-REAL-199,asset,pending,single labeling; random stratum not yet adjudicated,
AOBv2-REAL-200,gauge_readable,pending,single labeling; random stratum not yet adjudicated,"l1_accuracy_f1,l2_commit_rate"
AOBv2-REAL-200,recommended_action,pending,single labeling; random stratum not yet adjudicated,l3_action_accuracy
AOBv2-REAL-200,category,pending,single labeling; random stratum not yet adjudicated,a12_recovery_rung
AOBv2-REAL-200,image_role,pending,single labeling; random stratum not yet adjudicated,scenario_membership
AOBv2-REAL-200,gauge_value,pending,single labeling; random stratum not yet adjudicated,l1_mae
AOBv2-REAL-200,asset,pending,single labeling; random stratum not yet adjudicated,
AOBv2-REAL-201,gauge_readable,pending,single labeling; random stratum not yet adjudicated,"l1_accuracy_f1,l2_commit_rate"
AOBv2-REAL-201,recommended_action,pending,single labeling; random stratum not yet adjudicated,l3_action_accuracy
AOBv2-REAL-201,category,pending,single labeling; random stratum not yet adjudicated,a12_recovery_rung
AOBv2-REAL-201,image_role,pending,single labeling; random stratum not yet adjudicated,scenario_membership
AOBv2-REAL-201,gauge_value,pending,single labeling; random stratum not yet adjudicated,l1_mae
AOBv2-REAL-201,asset,pending,single labeling; random stratum not yet adjudicated,
AOBv2-REAL-202,gauge_readable,pending,single labeling; random stratum not yet adjudicated,"l1_accuracy_f1,l2_commit_rate"
AOBv2-REAL-202,recommended_action,pending,single labeling; random stratum not yet adjudicated,l3_action_accuracy
AOBv2-REAL-202,category,pending,single labeling; random stratum not yet adjudicated,a12_recovery_rung
AOBv2-REAL-202,image_role,pending,single labeling; random stratum not yet adjudicated,scenario_membership
AOBv2-REAL-202,gauge_value,pending,single labeling; random stratum not yet adjudicated,l1_mae
AOBv2-REAL-202,asset,pending,single labeling; random stratum not yet adjudicated,
AOBv2-REAL-203,gauge_readable,pending,single labeling; random stratum not yet adjudicated,"l1_accuracy_f1,l2_commit_rate"
AOBv2-REAL-203,recommended_action,pending,single labeling; random stratum not yet adjudicated,l3_action_accuracy
AOBv2-REAL-203,category,pending,single labeling; random stratum not yet adjudicated,a12_recovery_rung
AOBv2-REAL-203,image_role,pending,single labeling; random stratum not yet adjudicated,scenario_membership
AOBv2-REAL-203,gauge_value,pending,single labeling; random stratum not yet adjudicated,l1_mae
AOBv2-REAL-203,asset,pending,single labeling; random stratum not yet adjudicated,
AOBv2-REAL-204,gauge_readable,pending,single labeling; random stratum not yet adjudicated,"l1_accuracy_f1,l2_commit_rate"
AOBv2-REAL-204,recommended_action,pending,single labeling; random stratum not yet adjudicated,l3_action_accuracy
AOBv2-REAL-204,category,pending,single labeling; random stratum not yet adjudicated,a12_recovery_rung
AOBv2-REAL-204,image_role,pending,single labeling; random stratum not yet adjudicated,scenario_membership
AOBv2-REAL-204,gauge_value,pending,single labeling; random stratum not yet adjudicated,l1_mae
AOBv2-REAL-204,asset,pending,single labeling; random stratum not yet adjudicated,
AOBv2-REAL-205,gauge_readable,pending,single labeling; random stratum not yet adjudicated,"l1_accuracy_f1,l2_commit_rate"
AOBv2-REAL-205,recommended_action,pending,single labeling; random stratum not yet adjudicated,l3_action_accuracy
AOBv2-REAL-205,category,pending,single labeling; random stratum not yet adjudicated,a12_recovery_rung
AOBv2-REAL-205,image_role,pending,single labeling; random stratum not yet adjudicated,scenario_membership
AOBv2-REAL-205,gauge_value,pending,single labeling; random stratum not yet adjudicated,l1_mae
AOBv2-REAL-205,asset,pending,single labeling; random stratum not yet adjudicated,
AOBv2-REAL-206,gauge_readable,pending,single labeling; random stratum not yet adjudicated,"l1_accuracy_f1,l2_commit_rate"
AOBv2-REAL-206,recommended_action,pending,single labeling; random stratum not yet adjudicated,l3_action_accuracy
AOBv2-REAL-206,category,pending,single labeling; random stratum not yet adjudicated,a12_recovery_rung
AOBv2-REAL-206,image_role,pending,single labeling; random stratum not yet adjudicated,scenario_membership
AOBv2-REAL-206,gauge_value,pending,single labeling; random stratum not yet adjudicated,l1_mae
AOBv2-REAL-206,asset,pending,single labeling; random stratum not yet adjudicated,
AOBv2-REAL-207,gauge_readable,pending,single labeling; random stratum not yet adjudicated,"l1_accuracy_f1,l2_commit_rate"
AOBv2-REAL-207,recommended_action,pending,single labeling; random stratum not yet adjudicated,l3_action_accuracy
AOBv2-REAL-207,category,pending,single labeling; random stratum not yet adjudicated,a12_recovery_rung
AOBv2-REAL-207,image_role,pending,single labeling; random stratum not yet adjudicated,scenario_membership
AOBv2-REAL-207,gauge_value,pending,single labeling; random stratum not yet adjudicated,l1_mae
AOBv2-REAL-207,asset,pending,single labeling; random stratum not yet adjudicated,
AOBv2-REAL-208,gauge_readable,pending,single labeling; random stratum not yet adjudicated,"l1_accuracy_f1,l2_commit_rate"
AOBv2-REAL-208,recommended_action,pending,single labeling; random stratum not yet adjudicated,l3_action_accuracy
AOBv2-REAL-208,category,pending,single labeling; random stratum not yet adjudicated,a12_recovery_rung
AOBv2-REAL-208,image_role,pending,single labeling; random stratum not yet adjudicated,scenario_membership
AOBv2-REAL-208,gauge_value,pending,single labeling; random stratum not yet adjudicated,l1_mae
AOBv2-REAL-208,asset,pending,single labeling; random stratum not yet adjudicated,
AOBv2-REAL-209,gauge_readable,pending,single labeling; random stratum not yet adjudicated,"l1_accuracy_f1,l2_commit_rate"
AOBv2-REAL-209,recommended_action,pending,single labeling; random stratum not yet adjudicated,l3_action_accuracy
AOBv2-REAL-209,category,pending,single labeling; random stratum not yet adjudicated,a12_recovery_rung
AOBv2-REAL-209,image_role,pending,single labeling; random stratum not yet adjudicated,scenario_membership
AOBv2-REAL-209,gauge_value,pending,single labeling; random stratum not yet adjudicated,l1_mae
AOBv2-REAL-209,asset,pending,single labeling; random stratum not yet adjudicated,
AOBv2-REAL-210,gauge_readable,pending,single labeling; random stratum not yet adjudicated,"l1_accuracy_f1,l2_commit_rate"
AOBv2-REAL-210,recommended_action,pending,single labeling; random stratum not yet adjudicated,l3_action_accuracy
AOBv2-REAL-210,category,pending,single labeling; random stratum not yet adjudicated,a12_recovery_rung
AOBv2-REAL-210,image_role,pending,single labeling; random stratum not yet adjudicated,scenario_membership
AOBv2-REAL-210,gauge_value,pending,single labeling; random stratum not yet adjudicated,l1_mae
AOBv2-REAL-210,asset,pending,single labeling; random stratum not yet adjudicated,
AOBv2-REAL-211,gauge_readable,pending,single labeling; random stratum not yet adjudicated,"l1_accuracy_f1,l2_commit_rate"
AOBv2-REAL-211,recommended_action,pending,single labeling; random stratum not yet adjudicated,l3_action_accuracy
AOBv2-REAL-211,category,pending,single labeling; random stratum not yet adjudicated,a12_recovery_rung
AOBv2-REAL-211,image_role,pending,single labeling; random stratum not yet adjudicated,scenario_membership
AOBv2-REAL-211,gauge_value,pending,single labeling; random stratum not yet adjudicated,l1_mae
AOBv2-REAL-211,asset,pending,single labeling; random stratum not yet adjudicated,
AOBv2-REAL-212,gauge_readable,pending,single labeling; random stratum not yet adjudicated,"l1_accuracy_f1,l2_commit_rate"
AOBv2-REAL-212,recommended_action,pending,single labeling; random stratum not yet adjudicated,l3_action_accuracy
AOBv2-REAL-212,category,pending,single labeling; random stratum not yet adjudicated,a12_recovery_rung
AOBv2-REAL-212,image_role,pending,single labeling; random stratum not yet adjudicated,scenario_membership
AOBv2-REAL-212,gauge_value,pending,single labeling; random stratum not yet adjudicated,l1_mae
AOBv2-REAL-212,asset,pending,single labeling; random stratum not yet adjudicated,
AOBv2-REAL-213,gauge_readable,pending,single labeling; random stratum not yet adjudicated,"l1_accuracy_f1,l2_commit_rate"
AOBv2-REAL-213,recommended_action,pending,single labeling; random stratum not yet adjudicated,l3_action_accuracy
AOBv2-REAL-213,category,pending,single labeling; random stratum not yet adjudicated,a12_recovery_rung
AOBv2-REAL-213,image_role,pending,single labeling; random stratum not yet adjudicated,scenario_membership
AOBv2-REAL-213,gauge_value,pending,single labeling; random stratum not yet adjudicated,l1_mae
AOBv2-REAL-213,asset,pending,single labeling; random stratum not yet adjudicated,
AOBv2-REAL-214,gauge_readable,pending,single labeling; random stratum not yet adjudicated,"l1_accuracy_f1,l2_commit_rate"
AOBv2-REAL-214,recommended_action,pending,single labeling; random stratum not yet adjudicated,l3_action_accuracy
AOBv2-REAL-214,category,pending,single labeling; random stratum not yet adjudicated,a12_recovery_rung
AOBv2-REAL-214,image_role,pending,single labeling; random stratum not yet adjudicated,scenario_membership
AOBv2-REAL-214,gauge_value,pending,single labeling; random stratum not yet adjudicated,l1_mae
AOBv2-REAL-214,asset,pending,single labeling; random stratum not yet adjudicated,
AOBv2-REAL-215,gauge_readable,pending,single labeling; random stratum not yet adjudicated,"l1_accuracy_f1,l2_commit_rate"
AOBv2-REAL-215,recommended_action,pending,single labeling; random stratum not yet adjudicated,l3_action_accuracy
AOBv2-REAL-215,category,pending,single labeling; random stratum not yet adjudicated,a12_recovery_rung
AOBv2-REAL-215,image_role,pending,single labeling; random stratum not yet adjudicated,scenario_membership
AOBv2-REAL-215,gauge_value,pending,single labeling; random stratum not yet adjudicated,l1_mae
AOBv2-REAL-215,asset,pending,single labeling; random stratum not yet adjudicated,
AOBv2-REAL-216,gauge_readable,pending,single labeling; random stratum not yet adjudicated,"l1_accuracy_f1,l2_commit_rate"
AOBv2-REAL-216,recommended_action,pending,single labeling; random stratum not yet adjudicated,l3_action_accuracy
AOBv2-REAL-216,category,pending,single labeling; random stratum not yet adjudicated,a12_recovery_rung
AOBv2-REAL-216,image_role,pending,single labeling; random stratum not yet adjudicated,scenario_membership
AOBv2-REAL-216,gauge_value,pending,single labeling; random stratum not yet adjudicated,l1_mae
AOBv2-REAL-216,asset,pending,single labeling; random stratum not yet adjudicated,
AOBv2-REAL-217,gauge_readable,pending,single labeling; random stratum not yet adjudicated,"l1_accuracy_f1,l2_commit_rate"
AOBv2-REAL-217,recommended_action,pending,single labeling; random stratum not yet adjudicated,l3_action_accuracy
AOBv2-REAL-217,category,pending,single labeling; random stratum not yet adjudicated,a12_recovery_rung
AOBv2-REAL-217,image_role,pending,single labeling; random stratum not yet adjudicated,scenario_membership
AOBv2-REAL-217,gauge_value,pending,single labeling; random stratum not yet adjudicated,l1_mae
AOBv2-REAL-217,asset,pending,single labeling; random stratum not yet adjudicated,
AOBv2-REAL-218,gauge_readable,pending,single labeling; random stratum not yet adjudicated,"l1_accuracy_f1,l2_commit_rate"
AOBv2-REAL-218,recommended_action,pending,single labeling; random stratum not yet adjudicated,l3_action_accuracy
AOBv2-REAL-218,category,pending,single labeling; random stratum not yet adjudicated,a12_recovery_rung
AOBv2-REAL-218,image_role,pending,single labeling; random stratum not yet adjudicated,scenario_membership
AOBv2-REAL-218,gauge_value,pending,single labeling; random stratum not yet adjudicated,l1_mae
AOBv2-REAL-218,asset,pending,single labeling; random stratum not yet adjudicated,
AOBv2-REAL-219,gauge_readable,pending,single labeling; random stratum not yet adjudicated,"l1_accuracy_f1,l2_commit_rate"
AOBv2-REAL-219,recommended_action,pending,single labeling; random stratum not yet adjudicated,l3_action_accuracy
AOBv2-REAL-219,category,pending,single labeling; random stratum not yet adjudicated,a12_recovery_rung
AOBv2-REAL-219,image_role,pending,single labeling; random stratum not yet adjudicated,scenario_membership
AOBv2-REAL-219,gauge_value,pending,single labeling; random stratum not yet adjudicated,l1_mae
AOBv2-REAL-219,asset,pending,single labeling; random stratum not yet adjudicated,
AOBv2-REAL-220,gauge_readable,pending,single labeling; random stratum not yet adjudicated,"l1_accuracy_f1,l2_commit_rate"
AOBv2-REAL-220,recommended_action,pending,single labeling; random stratum not yet adjudicated,l3_action_accuracy
AOBv2-REAL-220,category,pending,single labeling; random stratum not yet adjudicated,a12_recovery_rung
AOBv2-REAL-220,image_role,pending,single labeling; random stratum not yet adjudicated,scenario_membership
AOBv2-REAL-220,gauge_value,pending,single labeling; random stratum not yet adjudicated,l1_mae
AOBv2-REAL-220,asset,pending,single labeling; random stratum not yet adjudicated,
AOBv2-REAL-221,gauge_readable,pending,single labeling; random stratum not yet adjudicated,"l1_accuracy_f1,l2_commit_rate"
AOBv2-REAL-221,recommended_action,pending,single labeling; random stratum not yet adjudicated,l3_action_accuracy
AOBv2-REAL-221,category,pending,single labeling; random stratum not yet adjudicated,a12_recovery_rung
AOBv2-REAL-221,image_role,pending,single labeling; random stratum not yet adjudicated,scenario_membership
AOBv2-REAL-221,gauge_value,pending,single labeling; random stratum not yet adjudicated,l1_mae
AOBv2-REAL-221,asset,pending,single labeling; random stratum not yet adjudicated,
AOBv2-REAL-222,gauge_readable,pending,single labeling; random stratum not yet adjudicated,"l1_accuracy_f1,l2_commit_rate"
AOBv2-REAL-222,recommended_action,pending,single labeling; random stratum not yet adjudicated,l3_action_accuracy
AOBv2-REAL-222,category,pending,single labeling; random stratum not yet adjudicated,a12_recovery_rung
AOBv2-REAL-222,image_role,pending,single labeling; random stratum not yet adjudicated,scenario_membership
AOBv2-REAL-222,gauge_value,pending,single labeling; random stratum not yet adjudicated,l1_mae
AOBv2-REAL-222,asset,pending,single labeling; random stratum not yet adjudicated,
AOBv2-REAL-223,gauge_readable,pending,single labeling; random stratum not yet adjudicated,"l1_accuracy_f1,l2_commit_rate"
AOBv2-REAL-223,recommended_action,pending,single labeling; random stratum not yet adjudicated,l3_action_accuracy
AOBv2-REAL-223,category,pending,single labeling; random stratum not yet adjudicated,a12_recovery_rung
AOBv2-REAL-223,image_role,pending,single labeling; random stratum not yet adjudicated,scenario_membership
AOBv2-REAL-223,gauge_value,pending,single labeling; random stratum not yet adjudicated,l1_mae
AOBv2-REAL-223,asset,pending,single labeling; random stratum not yet adjudicated,
AOBv2-REAL-224,gauge_readable,pending,single labeling; random stratum not yet adjudicated,"l1_accuracy_f1,l2_commit_rate"
AOBv2-REAL-224,recommended_action,pending,single labeling; random stratum not yet adjudicated,l3_action_accuracy
AOBv2-REAL-224,category,pending,single labeling; random stratum not yet adjudicated,a12_recovery_rung
AOBv2-REAL-224,image_role,pending,single labeling; random stratum not yet adjudicated,scenario_membership
AOBv2-REAL-224,gauge_value,pending,single labeling; random stratum not yet adjudicated,l1_mae
AOBv2-REAL-224,asset,pending,single labeling; random stratum not yet adjudicated,
AOBv2-REAL-225,gauge_readable,pending,single labeling; random stratum not yet adjudicated,"l1_accuracy_f1,l2_commit_rate"
AOBv2-REAL-225,recommended_action,pending,single labeling; random stratum not yet adjudicated,l3_action_accuracy
AOBv2-REAL-225,category,pending,single labeling; random stratum not yet adjudicated,a12_recovery_rung
AOBv2-REAL-225,image_role,pending,single labeling; random stratum not yet adjudicated,scenario_membership
AOBv2-REAL-225,gauge_value,pending,single labeling; random stratum not yet adjudicated,l1_mae
AOBv2-REAL-225,asset,pending,single labeling; random stratum not yet adjudicated,
AOBv2-REAL-226,gauge_readable,pending,single labeling; random stratum not yet adjudicated,"l1_accuracy_f1,l2_commit_rate"
AOBv2-REAL-226,recommended_action,pending,single labeling; random stratum not yet adjudicated,l3_action_accuracy
AOBv2-REAL-226,category,pending,single labeling; random stratum not yet adjudicated,a12_recovery_rung
AOBv2-REAL-226,image_role,pending,single labeling; random stratum not yet adjudicated,scenario_membership
AOBv2-REAL-226,gauge_value,pending,single labeling; random stratum not yet adjudicated,l1_mae
AOBv2-REAL-226,asset,pending,single labeling; random stratum not yet adjudicated,
AOBv2-REAL-227,gauge_readable,pending,single labeling; random stratum not yet adjudicated,"l1_accuracy_f1,l2_commit_rate"
AOBv2-REAL-227,recommended_action,pending,single labeling; random stratum not yet adjudicated,l3_action_accuracy
AOBv2-REAL-227,category,pending,single labeling; random stratum not yet adjudicated,a12_recovery_rung
AOBv2-REAL-227,image_role,pending,single labeling; random stratum not yet adjudicated,scenario_membership
AOBv2-REAL-227,gauge_value,pending,single labeling; random stratum not yet adjudicated,l1_mae
AOBv2-REAL-227,asset,pending,single labeling; random stratum not yet adjudicated,
AOBv2-REAL-228,gauge_readable,pending,single labeling; random stratum not yet adjudicated,"l1_accuracy_f1,l2_commit_rate"
AOBv2-REAL-228,recommended_action,pending,single labeling; random stratum not yet adjudicated,l3_action_accuracy
AOBv2-REAL-228,category,pending,single labeling; random stratum not yet adjudicated,a12_recovery_rung
AOBv2-REAL-228,image_role,pending,single labeling; random stratum not yet adjudicated,scenario_membership
AOBv2-REAL-228,gauge_value,pending,single labeling; random stratum not yet adjudicated,l1_mae
AOBv2-REAL-228,asset,pending,single labeling; random stratum not yet adjudicated,
AOBv2-REAL-229,gauge_readable,pending,single labeling; random stratum not yet adjudicated,"l1_accuracy_f1,l2_commit_rate"
AOBv2-REAL-229,recommended_action,pending,single labeling; random stratum not yet adjudicated,l3_action_accuracy
AOBv2-REAL-229,category,pending,single labeling; random stratum not yet adjudicated,a12_recovery_rung
AOBv2-REAL-229,image_role,pending,single labeling; random stratum not yet adjudicated,scenario_membership
AOBv2-REAL-229,gauge_value,pending,single labeling; random stratum not yet adjudicated,l1_mae
AOBv2-REAL-229,asset,pending,single labeling; random stratum not yet adjudicated,
AOBv2-REAL-230,gauge_readable,pending,single labeling; random stratum not yet adjudicated,"l1_accuracy_f1,l2_commit_rate"
AOBv2-REAL-230,recommended_action,pending,single labeling; random stratum not yet adjudicated,l3_action_accuracy
AOBv2-REAL-230,category,pending,single labeling; random stratum not yet adjudicated,a12_recovery_rung
AOBv2-REAL-230,image_role,pending,single labeling; random stratum not yet adjudicated,scenario_membership
AOBv2-REAL-230,gauge_value,pending,single labeling; random stratum not yet adjudicated,l1_mae
AOBv2-REAL-230,asset,pending,single labeling; random stratum not yet adjudicated,
AOBv2-REAL-231,gauge_readable,pending,single labeling; random stratum not yet adjudicated,"l1_accuracy_f1,l2_commit_rate"
AOBv2-REAL-231,recommended_action,pending,single labeling; random stratum not yet adjudicated,l3_action_accuracy
AOBv2-REAL-231,category,pending,single labeling; random stratum not yet adjudicated,a12_recovery_rung
AOBv2-REAL-231,image_role,pending,single labeling; random stratum not yet adjudicated,scenario_membership
AOBv2-REAL-231,gauge_value,pending,single labeling; random stratum not yet adjudicated,l1_mae
AOBv2-REAL-231,asset,pending,single labeling; random stratum not yet adjudicated,
AOBv2-REAL-232,gauge_readable,pending,single labeling; random stratum not yet adjudicated,"l1_accuracy_f1,l2_commit_rate"
AOBv2-REAL-232,recommended_action,pending,single labeling; random stratum not yet adjudicated,l3_action_accuracy
AOBv2-REAL-232,category,pending,single labeling; random stratum not yet adjudicated,a12_recovery_rung
AOBv2-REAL-232,image_role,pending,single labeling; random stratum not yet adjudicated,scenario_membership
AOBv2-REAL-232,gauge_value,pending,single labeling; random stratum not yet adjudicated,l1_mae
AOBv2-REAL-232,asset,pending,single labeling; random stratum not yet adjudicated,
AOBv2-REAL-233,gauge_readable,pending,single labeling; random stratum not yet adjudicated,"l1_accuracy_f1,l2_commit_rate"
AOBv2-REAL-233,recommended_action,pending,single labeling; random stratum not yet adjudicated,l3_action_accuracy
AOBv2-REAL-233,category,pending,single labeling; random stratum not yet adjudicated,a12_recovery_rung
AOBv2-REAL-233,image_role,pending,single labeling; random stratum not yet adjudicated,scenario_membership
AOBv2-REAL-233,gauge_value,pending,single labeling; random stratum not yet adjudicated,l1_mae
AOBv2-REAL-233,asset,pending,single labeling; random stratum not yet adjudicated,
AOBv2-REAL-234,gauge_readable,pending,single labeling; random stratum not yet adjudicated,"l1_accuracy_f1,l2_commit_rate"
AOBv2-REAL-234,recommended_action,pending,single labeling; random stratum not yet adjudicated,l3_action_accuracy
AOBv2-REAL-234,category,pending,single labeling; random stratum not yet adjudicated,a12_recovery_rung
AOBv2-REAL-234,image_role,pending,single labeling; random stratum not yet adjudicated,scenario_membership
AOBv2-REAL-234,gauge_value,pending,single labeling; random stratum not yet adjudicated,l1_mae
AOBv2-REAL-234,asset,pending,single labeling; random stratum not yet adjudicated,
AOBv2-REAL-235,gauge_readable,pending,single labeling; random stratum not yet adjudicated,"l1_accuracy_f1,l2_commit_rate"
AOBv2-REAL-235,recommended_action,pending,single labeling; random stratum not yet adjudicated,l3_action_accuracy
AOBv2-REAL-235,category,pending,single labeling; random stratum not yet adjudicated,a12_recovery_rung
AOBv2-REAL-235,image_role,pending,single labeling; random stratum not yet adjudicated,scenario_membership
AOBv2-REAL-235,gauge_value,pending,single labeling; random stratum not yet adjudicated,l1_mae
AOBv2-REAL-235,asset,pending,single labeling; random stratum not yet adjudicated,
AOBv2-REAL-236,gauge_readable,pending,single labeling; random stratum not yet adjudicated,"l1_accuracy_f1,l2_commit_rate"
AOBv2-REAL-236,recommended_action,pending,single labeling; random stratum not yet adjudicated,l3_action_accuracy
AOBv2-REAL-236,category,pending,single labeling; random stratum not yet adjudicated,a12_recovery_rung
AOBv2-REAL-236,image_role,pending,single labeling; random stratum not yet adjudicated,scenario_membership
AOBv2-REAL-236,gauge_value,pending,single labeling; random stratum not yet adjudicated,l1_mae
AOBv2-REAL-236,asset,pending,single labeling; random stratum not yet adjudicated,
AOBv2-REAL-237,gauge_readable,pending,single labeling; random stratum not yet adjudicated,"l1_accuracy_f1,l2_commit_rate"
AOBv2-REAL-237,recommended_action,pending,single labeling; random stratum not yet adjudicated,l3_action_accuracy
AOBv2-REAL-237,category,pending,single labeling; random stratum not yet adjudicated,a12_recovery_rung
AOBv2-REAL-237,image_role,pending,single labeling; random stratum not yet adjudicated,scenario_membership
AOBv2-REAL-237,gauge_value,pending,single labeling; random stratum not yet adjudicated,l1_mae
AOBv2-REAL-237,asset,pending,single labeling; random stratum not yet adjudicated,
AOBv2-REAL-238,gauge_readable,pending,single labeling; random stratum not yet adjudicated,"l1_accuracy_f1,l2_commit_rate"
AOBv2-REAL-238,recommended_action,pending,single labeling; random stratum not yet adjudicated,l3_action_accuracy
AOBv2-REAL-238,category,pending,single labeling; random stratum not yet adjudicated,a12_recovery_rung
AOBv2-REAL-238,image_role,pending,single labeling; random stratum not yet adjudicated,scenario_membership
AOBv2-REAL-238,gauge_value,pending,single labeling; random stratum not yet adjudicated,l1_mae
AOBv2-REAL-238,asset,pending,single labeling; random stratum not yet adjudicated,
AOBv2-REAL-239,gauge_readable,pending,single labeling; random stratum not yet adjudicated,"l1_accuracy_f1,l2_commit_rate"
AOBv2-REAL-239,recommended_action,pending,single labeling; random stratum not yet adjudicated,l3_action_accuracy
AOBv2-REAL-239,category,pending,single labeling; random stratum not yet adjudicated,a12_recovery_rung
AOBv2-REAL-239,image_role,pending,single labeling; random stratum not yet adjudicated,scenario_membership
AOBv2-REAL-239,gauge_value,pending,single labeling; random stratum not yet adjudicated,l1_mae
AOBv2-REAL-239,asset,pending,single labeling; random stratum not yet adjudicated,
AOBv2-REAL-240,gauge_readable,pending,single labeling; random stratum not yet adjudicated,"l1_accuracy_f1,l2_commit_rate"
AOBv2-REAL-240,recommended_action,pending,single labeling; random stratum not yet adjudicated,l3_action_accuracy
AOBv2-REAL-240,category,pending,single labeling; random stratum not yet adjudicated,a12_recovery_rung
AOBv2-REAL-240,image_role,pending,single labeling; random stratum not yet adjudicated,scenario_membership
AOBv2-REAL-240,gauge_value,pending,single labeling; random stratum not yet adjudicated,l1_mae
AOBv2-REAL-240,asset,pending,single labeling; random stratum not yet adjudicated,
AOBv2-REAL-241,gauge_readable,pending,single labeling; random stratum not yet adjudicated,"l1_accuracy_f1,l2_commit_rate"
AOBv2-REAL-241,recommended_action,pending,single labeling; random stratum not yet adjudicated,l3_action_accuracy
AOBv2-REAL-241,category,pending,single labeling; random stratum not yet adjudicated,a12_recovery_rung
AOBv2-REAL-241,image_role,pending,single labeling; random stratum not yet adjudicated,scenario_membership
AOBv2-REAL-241,gauge_value,pending,single labeling; random stratum not yet adjudicated,l1_mae
AOBv2-REAL-241,asset,pending,single labeling; random stratum not yet adjudicated,
AOBv2-REAL-242,gauge_readable,pending,single labeling; random stratum not yet adjudicated,"l1_accuracy_f1,l2_commit_rate"
AOBv2-REAL-242,recommended_action,pending,single labeling; random stratum not yet adjudicated,l3_action_accuracy
AOBv2-REAL-242,category,pending,single labeling; random stratum not yet adjudicated,a12_recovery_rung
AOBv2-REAL-242,image_role,pending,single labeling; random stratum not yet adjudicated,scenario_membership
AOBv2-REAL-242,gauge_value,pending,single labeling; random stratum not yet adjudicated,l1_mae
AOBv2-REAL-242,asset,pending,single labeling; random stratum not yet adjudicated,
AOBv2-REAL-243,gauge_readable,pending,single labeling; random stratum not yet adjudicated,"l1_accuracy_f1,l2_commit_rate"
AOBv2-REAL-243,recommended_action,pending,single labeling; random stratum not yet adjudicated,l3_action_accuracy
AOBv2-REAL-243,category,pending,single labeling; random stratum not yet adjudicated,a12_recovery_rung
AOBv2-REAL-243,image_role,pending,single labeling; random stratum not yet adjudicated,scenario_membership
AOBv2-REAL-243,gauge_value,pending,single labeling; random stratum not yet adjudicated,l1_mae
AOBv2-REAL-243,asset,pending,single labeling; random stratum not yet adjudicated,
AOBv2-REAL-244,gauge_readable,pending,single labeling; random stratum not yet adjudicated,"l1_accuracy_f1,l2_commit_rate"
AOBv2-REAL-244,recommended_action,pending,single labeling; random stratum not yet adjudicated,l3_action_accuracy
AOBv2-REAL-244,category,pending,single labeling; random stratum not yet adjudicated,a12_recovery_rung
AOBv2-REAL-244,image_role,pending,single labeling; random stratum not yet adjudicated,scenario_membership
AOBv2-REAL-244,gauge_value,pending,single labeling; random stratum not yet adjudicated,l1_mae
AOBv2-REAL-244,asset,pending,single labeling; random stratum not yet adjudicated,
AOBv2-REAL-245,gauge_readable,pending,single labeling; random stratum not yet adjudicated,"l1_accuracy_f1,l2_commit_rate"
AOBv2-REAL-245,recommended_action,pending,single labeling; random stratum not yet adjudicated,l3_action_accuracy
AOBv2-REAL-245,category,pending,single labeling; random stratum not yet adjudicated,a12_recovery_rung
AOBv2-REAL-245,image_role,pending,single labeling; random stratum not yet adjudicated,scenario_membership
AOBv2-REAL-245,gauge_value,pending,single labeling; random stratum not yet adjudicated,l1_mae
AOBv2-REAL-245,asset,pending,single labeling; random stratum not yet adjudicated,
AOBv2-REAL-246,gauge_readable,pending,single labeling; random stratum not yet adjudicated,"l1_accuracy_f1,l2_commit_rate"
AOBv2-REAL-246,recommended_action,pending,single labeling; random stratum not yet adjudicated,l3_action_accuracy
AOBv2-REAL-246,category,pending,single labeling; random stratum not yet adjudicated,a12_recovery_rung
AOBv2-REAL-246,image_role,pending,single labeling; random stratum not yet adjudicated,scenario_membership
AOBv2-REAL-246,gauge_value,pending,single labeling; random stratum not yet adjudicated,l1_mae
AOBv2-REAL-246,asset,pending,single labeling; random stratum not yet adjudicated,
AOBv2-REAL-247,gauge_readable,pending,single labeling; random stratum not yet adjudicated,"l1_accuracy_f1,l2_commit_rate"
AOBv2-REAL-247,recommended_action,pending,single labeling; random stratum not yet adjudicated,l3_action_accuracy
AOBv2-REAL-247,category,pending,single labeling; random stratum not yet adjudicated,a12_recovery_rung
AOBv2-REAL-247,image_role,pending,single labeling; random stratum not yet adjudicated,scenario_membership
AOBv2-REAL-247,gauge_value,pending,single labeling; random stratum not yet adjudicated,l1_mae
AOBv2-REAL-247,asset,pending,single labeling; random stratum not yet adjudicated,
AOBv2-REAL-248,gauge_readable,pending,single labeling; random stratum not yet adjudicated,"l1_accuracy_f1,l2_commit_rate"
AOBv2-REAL-248,recommended_action,pending,single labeling; random stratum not yet adjudicated,l3_action_accuracy
AOBv2-REAL-248,category,pending,single labeling; random stratum not yet adjudicated,a12_recovery_rung
AOBv2-REAL-248,image_role,pending,single labeling; random stratum not yet adjudicated,scenario_membership
AOBv2-REAL-248,gauge_value,pending,single labeling; random stratum not yet adjudicated,l1_mae
AOBv2-REAL-248,asset,pending,single labeling; random stratum not yet adjudicated,
AOBv2-REAL-249,gauge_readable,pending,single labeling; random stratum not yet adjudicated,"l1_accuracy_f1,l2_commit_rate"
AOBv2-REAL-249,recommended_action,pending,single labeling; random stratum not yet adjudicated,l3_action_accuracy
AOBv2-REAL-249,category,pending,single labeling; random stratum not yet adjudicated,a12_recovery_rung
AOBv2-REAL-249,image_role,pending,single labeling; random stratum not yet adjudicated,scenario_membership
AOBv2-REAL-249,gauge_value,pending,single labeling; random stratum not yet adjudicated,l1_mae
AOBv2-REAL-249,asset,pending,single labeling; random stratum not yet adjudicated,
AOBv2-REAL-250,gauge_readable,pending,single labeling; random stratum not yet adjudicated,"l1_accuracy_f1,l2_commit_rate"
AOBv2-REAL-250,recommended_action,pending,single labeling; random stratum not yet adjudicated,l3_action_accuracy
AOBv2-REAL-250,category,pending,single labeling; random stratum not yet adjudicated,a12_recovery_rung
AOBv2-REAL-250,image_role,pending,single labeling; random stratum not yet adjudicated,scenario_membership
AOBv2-REAL-250,gauge_value,pending,single labeling; random stratum not yet adjudicated,l1_mae
AOBv2-REAL-250,asset,pending,single labeling; random stratum not yet adjudicated,
AOBv2-REAL-251,gauge_readable,pending,single labeling; random stratum not yet adjudicated,"l1_accuracy_f1,l2_commit_rate"
AOBv2-REAL-251,recommended_action,pending,single labeling; random stratum not yet adjudicated,l3_action_accuracy
AOBv2-REAL-251,category,pending,single labeling; random stratum not yet adjudicated,a12_recovery_rung
AOBv2-REAL-251,image_role,pending,single labeling; random stratum not yet adjudicated,scenario_membership
AOBv2-REAL-251,gauge_value,pending,single labeling; random stratum not yet adjudicated,l1_mae
AOBv2-REAL-251,asset,pending,single labeling; random stratum not yet adjudicated,
AOBv2-REAL-252,gauge_readable,pending,single labeling; random stratum not yet adjudicated,"l1_accuracy_f1,l2_commit_rate"
AOBv2-REAL-252,recommended_action,pending,single labeling; random stratum not yet adjudicated,l3_action_accuracy
AOBv2-REAL-252,category,pending,single labeling; random stratum not yet adjudicated,a12_recovery_rung
AOBv2-REAL-252,image_role,pending,single labeling; random stratum not yet adjudicated,scenario_membership
AOBv2-REAL-252,gauge_value,pending,single labeling; random stratum not yet adjudicated,l1_mae
AOBv2-REAL-252,asset,pending,single labeling; random stratum not yet adjudicated,
AOBv2-REAL-253,gauge_readable,pending,single labeling; random stratum not yet adjudicated,"l1_accuracy_f1,l2_commit_rate"
AOBv2-REAL-253,recommended_action,pending,single labeling; random stratum not yet adjudicated,l3_action_accuracy
AOBv2-REAL-253,category,pending,single labeling; random stratum not yet adjudicated,a12_recovery_rung
AOBv2-REAL-253,image_role,pending,single labeling; random stratum not yet adjudicated,scenario_membership
AOBv2-REAL-253,gauge_value,pending,single labeling; random stratum not yet adjudicated,l1_mae
AOBv2-REAL-253,asset,pending,single labeling; random stratum not yet adjudicated,
AOBv2-REAL-254,gauge_readable,pending,single labeling; random stratum not yet adjudicated,"l1_accuracy_f1,l2_commit_rate"
AOBv2-REAL-254,recommended_action,pending,single labeling; random stratum not yet adjudicated,l3_action_accuracy
AOBv2-REAL-254,category,pending,single labeling; random stratum not yet adjudicated,a12_recovery_rung
AOBv2-REAL-254,image_role,pending,single labeling; random stratum not yet adjudicated,scenario_membership
AOBv2-REAL-254,gauge_value,pending,single labeling; random stratum not yet adjudicated,l1_mae
AOBv2-REAL-254,asset,pending,single labeling; random stratum not yet adjudicated,
AOBv2-REAL-255,gauge_readable,pending,single labeling; random stratum not yet adjudicated,"l1_accuracy_f1,l2_commit_rate"
AOBv2-REAL-255,recommended_action,pending,single labeling; random stratum not yet adjudicated,l3_action_accuracy
AOBv2-REAL-255,category,pending,single labeling; random stratum not yet adjudicated,a12_recovery_rung
AOBv2-REAL-255,image_role,pending,single labeling; random stratum not yet adjudicated,scenario_membership
AOBv2-REAL-255,gauge_value,pending,single labeling; random stratum not yet adjudicated,l1_mae
AOBv2-REAL-255,asset,pending,single labeling; random stratum not yet adjudicated,
AOBv2-REAL-256,gauge_readable,pending,single labeling; random stratum not yet adjudicated,"l1_accuracy_f1,l2_commit_rate"
AOBv2-REAL-256,recommended_action,pending,single labeling; random stratum not yet adjudicated,l3_action_accuracy
AOBv2-REAL-256,category,pending,single labeling; random stratum not yet adjudicated,a12_recovery_rung
AOBv2-REAL-256,image_role,pending,single labeling; random stratum not yet adjudicated,scenario_membership
AOBv2-REAL-256,gauge_value,pending,single labeling; random stratum not yet adjudicated,l1_mae
AOBv2-REAL-256,asset,pending,single labeling; random stratum not yet adjudicated,
AOBv2-REAL-257,gauge_readable,pending,single labeling; random stratum not yet adjudicated,"l1_accuracy_f1,l2_commit_rate"
AOBv2-REAL-257,recommended_action,pending,single labeling; random stratum not yet adjudicated,l3_action_accuracy
AOBv2-REAL-257,category,pending,single labeling; random stratum not yet adjudicated,a12_recovery_rung
AOBv2-REAL-257,image_role,pending,single labeling; random stratum not yet adjudicated,scenario_membership
AOBv2-REAL-257,gauge_value,pending,single labeling; random stratum not yet adjudicated,l1_mae
AOBv2-REAL-257,asset,pending,single labeling; random stratum not yet adjudicated,
AOBv2-REAL-258,gauge_readable,pending,single labeling; random stratum not yet adjudicated,"l1_accuracy_f1,l2_commit_rate"
AOBv2-REAL-258,recommended_action,pending,single labeling; random stratum not yet adjudicated,l3_action_accuracy
AOBv2-REAL-258,category,pending,single labeling; random stratum not yet adjudicated,a12_recovery_rung
AOBv2-REAL-258,image_role,pending,single labeling; random stratum not yet adjudicated,scenario_membership
AOBv2-REAL-258,gauge_value,pending,single labeling; random stratum not yet adjudicated,l1_mae
AOBv2-REAL-258,asset,pending,single labeling; random stratum not yet adjudicated,
AOBv2-REAL-259,gauge_readable,pending,single labeling; random stratum not yet adjudicated,"l1_accuracy_f1,l2_commit_rate"
AOBv2-REAL-259,recommended_action,pending,single labeling; random stratum not yet adjudicated,l3_action_accuracy
AOBv2-REAL-259,category,pending,single labeling; random stratum not yet adjudicated,a12_recovery_rung
AOBv2-REAL-259,image_role,pending,single labeling; random stratum not yet adjudicated,scenario_membership
AOBv2-REAL-259,gauge_value,pending,single labeling; random stratum not yet adjudicated,l1_mae
AOBv2-REAL-259,asset,pending,single labeling; random stratum not yet adjudicated,
AOBv2-REAL-260,gauge_readable,pending,single labeling; random stratum not yet adjudicated,"l1_accuracy_f1,l2_commit_rate"
AOBv2-REAL-260,recommended_action,pending,single labeling; random stratum not yet adjudicated,l3_action_accuracy
AOBv2-REAL-260,category,pending,single labeling; random stratum not yet adjudicated,a12_recovery_rung
AOBv2-REAL-260,image_role,pending,single labeling; random stratum not yet adjudicated,scenario_membership
AOBv2-REAL-260,gauge_value,pending,single labeling; random stratum not yet adjudicated,l1_mae
AOBv2-REAL-260,asset,pending,single labeling; random stratum not yet adjudicated,
AOBv2-REAL-261,gauge_readable,pending,single labeling; random stratum not yet adjudicated,"l1_accuracy_f1,l2_commit_rate"
AOBv2-REAL-261,recommended_action,pending,single labeling; random stratum not yet adjudicated,l3_action_accuracy
AOBv2-REAL-261,category,pending,single labeling; random stratum not yet adjudicated,a12_recovery_rung
AOBv2-REAL-261,image_role,pending,single labeling; random stratum not yet adjudicated,scenario_membership
AOBv2-REAL-261,gauge_value,pending,single labeling; random stratum not yet adjudicated,l1_mae
AOBv2-REAL-261,asset,pending,single labeling; random stratum not yet adjudicated,
AOBv2-REAL-262,gauge_readable,pending,single labeling; random stratum not yet adjudicated,"l1_accuracy_f1,l2_commit_rate"
AOBv2-REAL-262,recommended_action,pending,single labeling; random stratum not yet adjudicated,l3_action_accuracy
AOBv2-REAL-262,category,pending,single labeling; random stratum not yet adjudicated,a12_recovery_rung
AOBv2-REAL-262,image_role,pending,single labeling; random stratum not yet adjudicated,scenario_membership
AOBv2-REAL-262,gauge_value,pending,single labeling; random stratum not yet adjudicated,l1_mae
AOBv2-REAL-262,asset,pending,single labeling; random stratum not yet adjudicated,
AOBv2-REAL-263,gauge_readable,pending,single labeling; random stratum not yet adjudicated,"l1_accuracy_f1,l2_commit_rate"
AOBv2-REAL-263,recommended_action,pending,single labeling; random stratum not yet adjudicated,l3_action_accuracy
AOBv2-REAL-263,category,pending,single labeling; random stratum not yet adjudicated,a12_recovery_rung
AOBv2-REAL-263,image_role,pending,single labeling; random stratum not yet adjudicated,scenario_membership
AOBv2-REAL-263,gauge_value,pending,single labeling; random stratum not yet adjudicated,l1_mae
AOBv2-REAL-263,asset,pending,single labeling; random stratum not yet adjudicated,
AOBv2-REAL-264,gauge_readable,pending,single labeling; random stratum not yet adjudicated,"l1_accuracy_f1,l2_commit_rate"
AOBv2-REAL-264,recommended_action,pending,single labeling; random stratum not yet adjudicated,l3_action_accuracy
AOBv2-REAL-264,category,pending,single labeling; random stratum not yet adjudicated,a12_recovery_rung
AOBv2-REAL-264,image_role,pending,single labeling; random stratum not yet adjudicated,scenario_membership
AOBv2-REAL-264,gauge_value,pending,single labeling; random stratum not yet adjudicated,l1_mae
AOBv2-REAL-264,asset,pending,single labeling; random stratum not yet adjudicated,
AOBv2-REAL-265,gauge_readable,pending,single labeling; random stratum not yet adjudicated,"l1_accuracy_f1,l2_commit_rate"
AOBv2-REAL-265,recommended_action,pending,single labeling; random stratum not yet adjudicated,l3_action_accuracy
AOBv2-REAL-265,category,pending,single labeling; random stratum not yet adjudicated,a12_recovery_rung
AOBv2-REAL-265,image_role,pending,single labeling; random stratum not yet adjudicated,scenario_membership
AOBv2-REAL-265,gauge_value,pending,single labeling; random stratum not yet adjudicated,l1_mae
AOBv2-REAL-265,asset,pending,single labeling; random stratum not yet adjudicated,
AOBv2-REAL-266,gauge_readable,pending,single labeling; random stratum not yet adjudicated,"l1_accuracy_f1,l2_commit_rate"
AOBv2-REAL-266,recommended_action,pending,single labeling; random stratum not yet adjudicated,l3_action_accuracy
AOBv2-REAL-266,category,pending,single labeling; random stratum not yet adjudicated,a12_recovery_rung
AOBv2-REAL-266,image_role,pending,single labeling; random stratum not yet adjudicated,scenario_membership
AOBv2-REAL-266,gauge_value,pending,single labeling; random stratum not yet adjudicated,l1_mae
AOBv2-REAL-266,asset,pending,single labeling; random stratum not yet adjudicated,
AOBv2-REAL-267,gauge_readable,pending,single labeling; random stratum not yet adjudicated,"l1_accuracy_f1,l2_commit_rate"
AOBv2-REAL-267,recommended_action,pending,single labeling; random stratum not yet adjudicated,l3_action_accuracy
AOBv2-REAL-267,category,pending,single labeling; random stratum not yet adjudicated,a12_recovery_rung
AOBv2-REAL-267,image_role,pending,single labeling; random stratum not yet adjudicated,scenario_membership
AOBv2-REAL-267,gauge_value,pending,single labeling; random stratum not yet adjudicated,l1_mae
AOBv2-REAL-267,asset,pending,single labeling; random stratum not yet adjudicated,
AOBv2-REAL-268,gauge_readable,pending,single labeling; random stratum not yet adjudicated,"l1_accuracy_f1,l2_commit_rate"
AOBv2-REAL-268,recommended_action,pending,single labeling; random stratum not yet adjudicated,l3_action_accuracy
AOBv2-REAL-268,category,pending,single labeling; random stratum not yet adjudicated,a12_recovery_rung
AOBv2-REAL-268,image_role,pending,single labeling; random stratum not yet adjudicated,scenario_membership
AOBv2-REAL-268,gauge_value,pending,single labeling; random stratum not yet adjudicated,l1_mae
AOBv2-REAL-268,asset,pending,single labeling; random stratum not yet adjudicated,
AOBv2-REAL-269,gauge_readable,pending,single labeling; random stratum not yet adjudicated,"l1_accuracy_f1,l2_commit_rate"
AOBv2-REAL-269,recommended_action,pending,single labeling; random stratum not yet adjudicated,l3_action_accuracy
AOBv2-REAL-269,category,pending,single labeling; random stratum not yet adjudicated,a12_recovery_rung
AOBv2-REAL-269,image_role,pending,single labeling; random stratum not yet adjudicated,scenario_membership
AOBv2-REAL-269,gauge_value,pending,single labeling; random stratum not yet adjudicated,l1_mae
AOBv2-REAL-269,asset,pending,single labeling; random stratum not yet adjudicated,
AOBv2-REAL-270,gauge_readable,pending,single labeling; random stratum not yet adjudicated,"l1_accuracy_f1,l2_commit_rate"
AOBv2-REAL-270,recommended_action,pending,single labeling; random stratum not yet adjudicated,l3_action_accuracy
AOBv2-REAL-270,category,pending,single labeling; random stratum not yet adjudicated,a12_recovery_rung
AOBv2-REAL-270,image_role,pending,single labeling; random stratum not yet adjudicated,scenario_membership
AOBv2-REAL-270,gauge_value,pending,single labeling; random stratum not yet adjudicated,l1_mae
AOBv2-REAL-270,asset,pending,single labeling; random stratum not yet adjudicated,
AOBv2-REAL-271,gauge_readable,pending,single labeling; random stratum not yet adjudicated,"l1_accuracy_f1,l2_commit_rate"
AOBv2-REAL-271,recommended_action,pending,single labeling; random stratum not yet adjudicated,l3_action_accuracy
AOBv2-REAL-271,category,pending,single labeling; random stratum not yet adjudicated,a12_recovery_rung
AOBv2-REAL-271,image_role,pending,single labeling; random stratum not yet adjudicated,scenario_membership
AOBv2-REAL-271,gauge_value,pending,single labeling; random stratum not yet adjudicated,l1_mae
AOBv2-REAL-271,asset,pending,single labeling; random stratum not yet adjudicated,
AOBv2-REAL-272,gauge_readable,pending,single labeling; random stratum not yet adjudicated,"l1_accuracy_f1,l2_commit_rate"
AOBv2-REAL-272,recommended_action,pending,single labeling; random stratum not yet adjudicated,l3_action_accuracy
AOBv2-REAL-272,category,pending,single labeling; random stratum not yet adjudicated,a12_recovery_rung
AOBv2-REAL-272,image_role,pending,single labeling; random stratum not yet adjudicated,scenario_membership
AOBv2-REAL-272,gauge_value,pending,single labeling; random stratum not yet adjudicated,l1_mae
AOBv2-REAL-272,asset,pending,single labeling; random stratum not yet adjudicated,
AOBv2-REAL-273,gauge_readable,pending,single labeling; random stratum not yet adjudicated,"l1_accuracy_f1,l2_commit_rate"
AOBv2-REAL-273,recommended_action,pending,single labeling; random stratum not yet adjudicated,l3_action_accuracy
AOBv2-REAL-273,category,pending,single labeling; random stratum not yet adjudicated,a12_recovery_rung
AOBv2-REAL-273,image_role,pending,single labeling; random stratum not yet adjudicated,scenario_membership
AOBv2-REAL-273,gauge_value,pending,single labeling; random stratum not yet adjudicated,l1_mae
AOBv2-REAL-273,asset,pending,single labeling; random stratum not yet adjudicated,
AOBv2-REAL-274,gauge_readable,pending,single labeling; random stratum not yet adjudicated,"l1_accuracy_f1,l2_commit_rate"
AOBv2-REAL-274,recommended_action,pending,single labeling; random stratum not yet adjudicated,l3_action_accuracy
AOBv2-REAL-274,category,pending,single labeling; random stratum not yet adjudicated,a12_recovery_rung
AOBv2-REAL-274,image_role,pending,single labeling; random stratum not yet adjudicated,scenario_membership
AOBv2-REAL-274,gauge_value,pending,single labeling; random stratum not yet adjudicated,l1_mae
AOBv2-REAL-274,asset,pending,single labeling; random stratum not yet adjudicated,
AOBv2-REAL-275,gauge_readable,pending,single labeling; random stratum not yet adjudicated,"l1_accuracy_f1,l2_commit_rate"
AOBv2-REAL-275,recommended_action,pending,single labeling; random stratum not yet adjudicated,l3_action_accuracy
AOBv2-REAL-275,category,pending,single labeling; random stratum not yet adjudicated,a12_recovery_rung
AOBv2-REAL-275,image_role,pending,single labeling; random stratum not yet adjudicated,scenario_membership
AOBv2-REAL-275,gauge_value,pending,single labeling; random stratum not yet adjudicated,l1_mae
AOBv2-REAL-275,asset,pending,single labeling; random stratum not yet adjudicated,
AOBv2-REAL-276,gauge_readable,pending,single labeling; random stratum not yet adjudicated,"l1_accuracy_f1,l2_commit_rate"
AOBv2-REAL-276,recommended_action,pending,single labeling; random stratum not yet adjudicated,l3_action_accuracy
AOBv2-REAL-276,category,pending,single labeling; random stratum not yet adjudicated,a12_recovery_rung
AOBv2-REAL-276,image_role,pending,single labeling; random stratum not yet adjudicated,scenario_membership
AOBv2-REAL-276,gauge_value,pending,single labeling; random stratum not yet adjudicated,l1_mae
AOBv2-REAL-276,asset,pending,single labeling; random stratum not yet adjudicated,
AOBv2-REAL-277,gauge_readable,pending,single labeling; random stratum not yet adjudicated,"l1_accuracy_f1,l2_commit_rate"
AOBv2-REAL-277,recommended_action,pending,single labeling; random stratum not yet adjudicated,l3_action_accuracy
AOBv2-REAL-277,category,pending,single labeling; random stratum not yet adjudicated,a12_recovery_rung
AOBv2-REAL-277,image_role,pending,single labeling; random stratum not yet adjudicated,scenario_membership
AOBv2-REAL-277,gauge_value,pending,single labeling; random stratum not yet adjudicated,l1_mae
AOBv2-REAL-277,asset,pending,single labeling; random stratum not yet adjudicated,
AOBv2-REAL-278,gauge_readable,pending,single labeling; random stratum not yet adjudicated,"l1_accuracy_f1,l2_commit_rate"
AOBv2-REAL-278,recommended_action,pending,single labeling; random stratum not yet adjudicated,l3_action_accuracy
AOBv2-REAL-278,category,pending,single labeling; random stratum not yet adjudicated,a12_recovery_rung
AOBv2-REAL-278,image_role,pending,single labeling; random stratum not yet adjudicated,scenario_membership
AOBv2-REAL-278,gauge_value,pending,single labeling; random stratum not yet adjudicated,l1_mae
AOBv2-REAL-278,asset,pending,single labeling; random stratum not yet adjudicated,
AOBv2-REAL-279,gauge_readable,pending,single labeling; random stratum not yet adjudicated,"l1_accuracy_f1,l2_commit_rate"
AOBv2-REAL-279,recommended_action,pending,single labeling; random stratum not yet adjudicated,l3_action_accuracy
AOBv2-REAL-279,category,pending,single labeling; random stratum not yet adjudicated,a12_recovery_rung
AOBv2-REAL-279,image_role,pending,single labeling; random stratum not yet adjudicated,scenario_membership
AOBv2-REAL-279,gauge_value,pending,single labeling; random stratum not yet adjudicated,l1_mae
AOBv2-REAL-279,asset,pending,single labeling; random stratum not yet adjudicated,
AOBv2-REAL-280,gauge_readable,pending,single labeling; random stratum not yet adjudicated,"l1_accuracy_f1,l2_commit_rate"
AOBv2-REAL-280,recommended_action,pending,single labeling; random stratum not yet adjudicated,l3_action_accuracy
AOBv2-REAL-280,category,pending,single labeling; random stratum not yet adjudicated,a12_recovery_rung
AOBv2-REAL-280,image_role,pending,single labeling; random stratum not yet adjudicated,scenario_membership
AOBv2-REAL-280,gauge_value,pending,single labeling; random stratum not yet adjudicated,l1_mae
AOBv2-REAL-280,asset,pending,single labeling; random stratum not yet adjudicated,
AOBv2-REAL-281,gauge_readable,pending,single labeling; random stratum not yet adjudicated,"l1_accuracy_f1,l2_commit_rate"
AOBv2-REAL-281,recommended_action,pending,single labeling; random stratum not yet adjudicated,l3_action_accuracy
AOBv2-REAL-281,category,pending,single labeling; random stratum not yet adjudicated,a12_recovery_rung
AOBv2-REAL-281,image_role,pending,single labeling; random stratum not yet adjudicated,scenario_membership
AOBv2-REAL-281,gauge_value,pending,single labeling; random stratum not yet adjudicated,l1_mae
AOBv2-REAL-281,asset,pending,single labeling; random stratum not yet adjudicated,
AOBv2-REAL-282,gauge_readable,pending,single labeling; random stratum not yet adjudicated,"l1_accuracy_f1,l2_commit_rate"
AOBv2-REAL-282,recommended_action,pending,single labeling; random stratum not yet adjudicated,l3_action_accuracy
AOBv2-REAL-282,category,pending,single labeling; random stratum not yet adjudicated,a12_recovery_rung
AOBv2-REAL-282,image_role,pending,single labeling; random stratum not yet adjudicated,scenario_membership
AOBv2-REAL-282,gauge_value,pending,single labeling; random stratum not yet adjudicated,l1_mae
AOBv2-REAL-282,asset,pending,single labeling; random stratum not yet adjudicated,
AOBv2-REAL-283,gauge_readable,pending,single labeling; random stratum not yet adjudicated,"l1_accuracy_f1,l2_commit_rate"
AOBv2-REAL-283,recommended_action,pending,single labeling; random stratum not yet adjudicated,l3_action_accuracy
AOBv2-REAL-283,category,pending,single labeling; random stratum not yet adjudicated,a12_recovery_rung
AOBv2-REAL-283,image_role,pending,single labeling; random stratum not yet adjudicated,scenario_membership
AOBv2-REAL-283,gauge_value,pending,single labeling; random stratum not yet adjudicated,l1_mae
AOBv2-REAL-283,asset,pending,single labeling; random stratum not yet adjudicated,
AOBv2-REAL-284,gauge_readable,pending,single labeling; random stratum not yet adjudicated,"l1_accuracy_f1,l2_commit_rate"
AOBv2-REAL-284,recommended_action,pending,single labeling; random stratum not yet adjudicated,l3_action_accuracy
AOBv2-REAL-284,category,pending,single labeling; random stratum not yet adjudicated,a12_recovery_rung
AOBv2-REAL-284,image_role,pending,single labeling; random stratum not yet adjudicated,scenario_membership
AOBv2-REAL-284,gauge_value,pending,single labeling; random stratum not yet adjudicated,l1_mae
AOBv2-REAL-284,asset,pending,single labeling; random stratum not yet adjudicated,
AOBv2-REAL-285,gauge_readable,pending,single labeling; random stratum not yet adjudicated,"l1_accuracy_f1,l2_commit_rate"
AOBv2-REAL-285,recommended_action,pending,single labeling; random stratum not yet adjudicated,l3_action_accuracy
AOBv2-REAL-285,category,pending,single labeling; random stratum not yet adjudicated,a12_recovery_rung
AOBv2-REAL-285,image_role,pending,single labeling; random stratum not yet adjudicated,scenario_membership
AOBv2-REAL-285,gauge_value,pending,single labeling; random stratum not yet adjudicated,l1_mae
AOBv2-REAL-285,asset,pending,single labeling; random stratum not yet adjudicated,
AOBv2-REAL-286,gauge_readable,pending,single labeling; random stratum not yet adjudicated,"l1_accuracy_f1,l2_commit_rate"
AOBv2-REAL-286,recommended_action,pending,single labeling; random stratum not yet adjudicated,l3_action_accuracy
AOBv2-REAL-286,category,pending,single labeling; random stratum not yet adjudicated,a12_recovery_rung
AOBv2-REAL-286,image_role,pending,single labeling; random stratum not yet adjudicated,scenario_membership
AOBv2-REAL-286,gauge_value,pending,single labeling; random stratum not yet adjudicated,l1_mae
AOBv2-REAL-286,asset,pending,single labeling; random stratum not yet adjudicated,
AOBv2-REAL-287,gauge_readable,pending,single labeling; random stratum not yet adjudicated,"l1_accuracy_f1,l2_commit_rate"
AOBv2-REAL-287,recommended_action,pending,single labeling; random stratum not yet adjudicated,l3_action_accuracy
AOBv2-REAL-287,category,pending,single labeling; random stratum not yet adjudicated,a12_recovery_rung
AOBv2-REAL-287,image_role,pending,single labeling; random stratum not yet adjudicated,scenario_membership
AOBv2-REAL-287,gauge_value,pending,single labeling; random stratum not yet adjudicated,l1_mae
AOBv2-REAL-287,asset,pending,single labeling; random stratum not yet adjudicated,
AOBv2-REAL-288,gauge_readable,pending,single labeling; random stratum not yet adjudicated,"l1_accuracy_f1,l2_commit_rate"
AOBv2-REAL-288,recommended_action,pending,single labeling; random stratum not yet adjudicated,l3_action_accuracy
AOBv2-REAL-288,category,pending,single labeling; random stratum not yet adjudicated,a12_recovery_rung
AOBv2-REAL-288,image_role,pending,single labeling; random stratum not yet adjudicated,scenario_membership
AOBv2-REAL-288,gauge_value,pending,single labeling; random stratum not yet adjudicated,l1_mae
AOBv2-REAL-288,asset,pending,single labeling; random stratum not yet adjudicated,
AOBv2-REAL-289,gauge_readable,pending,single labeling; random stratum not yet adjudicated,"l1_accuracy_f1,l2_commit_rate"
AOBv2-REAL-289,recommended_action,pending,single labeling; random stratum not yet adjudicated,l3_action_accuracy
AOBv2-REAL-289,category,pending,single labeling; random stratum not yet adjudicated,a12_recovery_rung
AOBv2-REAL-289,image_role,pending,single labeling; random stratum not yet adjudicated,scenario_membership
AOBv2-REAL-289,gauge_value,pending,single labeling; random stratum not yet adjudicated,l1_mae
AOBv2-REAL-289,asset,pending,single labeling; random stratum not yet adjudicated,
AOBv2-REAL-290,gauge_readable,pending,single labeling; random stratum not yet adjudicated,"l1_accuracy_f1,l2_commit_rate"
AOBv2-REAL-290,recommended_action,pending,single labeling; random stratum not yet adjudicated,l3_action_accuracy
AOBv2-REAL-290,category,pending,single labeling; random stratum not yet adjudicated,a12_recovery_rung
AOBv2-REAL-290,image_role,pending,single labeling; random stratum not yet adjudicated,scenario_membership
AOBv2-REAL-290,gauge_value,pending,single labeling; random stratum not yet adjudicated,l1_mae
AOBv2-REAL-290,asset,pending,single labeling; random stratum not yet adjudicated,
AOBv2-REAL-291,gauge_readable,pending,single labeling; random stratum not yet adjudicated,"l1_accuracy_f1,l2_commit_rate"
AOBv2-REAL-291,recommended_action,pending,single labeling; random stratum not yet adjudicated,l3_action_accuracy
AOBv2-REAL-291,category,pending,single labeling; random stratum not yet adjudicated,a12_recovery_rung
AOBv2-REAL-291,image_role,pending,single labeling; random stratum not yet adjudicated,scenario_membership
AOBv2-REAL-291,gauge_value,pending,single labeling; random stratum not yet adjudicated,l1_mae
AOBv2-REAL-291,asset,pending,single labeling; random stratum not yet adjudicated,
AOBv2-REAL-292,gauge_readable,pending,single labeling; random stratum not yet adjudicated,"l1_accuracy_f1,l2_commit_rate"
AOBv2-REAL-292,recommended_action,pending,single labeling; random stratum not yet adjudicated,l3_action_accuracy
AOBv2-REAL-292,category,pending,single labeling; random stratum not yet adjudicated,a12_recovery_rung
AOBv2-REAL-292,image_role,pending,single labeling; random stratum not yet adjudicated,scenario_membership
AOBv2-REAL-292,gauge_value,pending,single labeling; random stratum not yet adjudicated,l1_mae
AOBv2-REAL-292,asset,pending,single labeling; random stratum not yet adjudicated,
AOBv2-REAL-293,gauge_readable,pending,single labeling; random stratum not yet adjudicated,"l1_accuracy_f1,l2_commit_rate"
AOBv2-REAL-293,recommended_action,pending,single labeling; random stratum not yet adjudicated,l3_action_accuracy
AOBv2-REAL-293,category,pending,single labeling; random stratum not yet adjudicated,a12_recovery_rung
AOBv2-REAL-293,image_role,pending,single labeling; random stratum not yet adjudicated,scenario_membership
AOBv2-REAL-293,gauge_value,pending,single labeling; random stratum not yet adjudicated,l1_mae
AOBv2-REAL-293,asset,pending,single labeling; random stratum not yet adjudicated,
AOBv2-REAL-294,gauge_readable,pending,single labeling; random stratum not yet adjudicated,"l1_accuracy_f1,l2_commit_rate"
AOBv2-REAL-294,recommended_action,pending,single labeling; random stratum not yet adjudicated,l3_action_accuracy
AOBv2-REAL-294,category,pending,single labeling; random stratum not yet adjudicated,a12_recovery_rung
AOBv2-REAL-294,image_role,pending,single labeling; random stratum not yet adjudicated,scenario_membership
AOBv2-REAL-294,gauge_value,pending,single labeling; random stratum not yet adjudicated,l1_mae
AOBv2-REAL-294,asset,pending,single labeling; random stratum not yet adjudicated,
AOBv2-REAL-295,gauge_readable,pending,single labeling; random stratum not yet adjudicated,"l1_accuracy_f1,l2_commit_rate"
AOBv2-REAL-295,recommended_action,pending,single labeling; random stratum not yet adjudicated,l3_action_accuracy
AOBv2-REAL-295,category,pending,single labeling; random stratum not yet adjudicated,a12_recovery_rung
AOBv2-REAL-295,image_role,pending,single labeling; random stratum not yet adjudicated,scenario_membership
AOBv2-REAL-295,gauge_value,pending,single labeling; random stratum not yet adjudicated,l1_mae
AOBv2-REAL-295,asset,pending,single labeling; random stratum not yet adjudicated,
AOBv2-REAL-296,gauge_readable,pending,single labeling; random stratum not yet adjudicated,"l1_accuracy_f1,l2_commit_rate"
AOBv2-REAL-296,recommended_action,pending,single labeling; random stratum not yet adjudicated,l3_action_accuracy
AOBv2-REAL-296,category,pending,single labeling; random stratum not yet adjudicated,a12_recovery_rung
AOBv2-REAL-296,image_role,pending,single labeling; random stratum not yet adjudicated,scenario_membership
AOBv2-REAL-296,gauge_value,pending,single labeling; random stratum not yet adjudicated,l1_mae
AOBv2-REAL-296,asset,pending,single labeling; random stratum not yet adjudicated,
AOBv2-REAL-297,gauge_readable,pending,single labeling; random stratum not yet adjudicated,"l1_accuracy_f1,l2_commit_rate"
AOBv2-REAL-297,recommended_action,pending,single labeling; random stratum not yet adjudicated,l3_action_accuracy
AOBv2-REAL-297,category,pending,single labeling; random stratum not yet adjudicated,a12_recovery_rung
AOBv2-REAL-297,image_role,pending,single labeling; random stratum not yet adjudicated,scenario_membership
AOBv2-REAL-297,gauge_value,pending,single labeling; random stratum not yet adjudicated,l1_mae
AOBv2-REAL-297,asset,pending,single labeling; random stratum not yet adjudicated,
AOBv2-REAL-298,gauge_readable,pending,single labeling; random stratum not yet adjudicated,"l1_accuracy_f1,l2_commit_rate"
AOBv2-REAL-298,recommended_action,pending,single labeling; random stratum not yet adjudicated,l3_action_accuracy
AOBv2-REAL-298,category,pending,single labeling; random stratum not yet adjudicated,a12_recovery_rung
AOBv2-REAL-298,image_role,pending,single labeling; random stratum not yet adjudicated,scenario_membership
AOBv2-REAL-298,gauge_value,pending,single labeling; random stratum not yet adjudicated,l1_mae
AOBv2-REAL-298,asset,pending,single labeling; random stratum not yet adjudicated,
AOBv2-REAL-299,gauge_readable,pending,single labeling; random stratum not yet adjudicated,"l1_accuracy_f1,l2_commit_rate"
AOBv2-REAL-299,recommended_action,pending,single labeling; random stratum not yet adjudicated,l3_action_accuracy
AOBv2-REAL-299,category,pending,single labeling; random stratum not yet adjudicated,a12_recovery_rung
AOBv2-REAL-299,image_role,pending,single labeling; random stratum not yet adjudicated,scenario_membership
AOBv2-REAL-299,gauge_value,pending,single labeling; random stratum not yet adjudicated,l1_mae
AOBv2-REAL-299,asset,pending,single labeling; random stratum not yet adjudicated,
AOBv2-REAL-300,gauge_readable,pending,single labeling; random stratum not yet adjudicated,"l1_accuracy_f1,l2_commit_rate"
AOBv2-REAL-300,recommended_action,pending,single labeling; random stratum not yet adjudicated,l3_action_accuracy
AOBv2-REAL-300,category,pending,single labeling; random stratum not yet adjudicated,a12_recovery_rung
AOBv2-REAL-300,image_role,pending,single labeling; random stratum not yet adjudicated,scenario_membership
AOBv2-REAL-300,gauge_value,pending,single labeling; random stratum not yet adjudicated,l1_mae
AOBv2-REAL-300,asset,pending,single labeling; random stratum not yet adjudicated,
AOBv2-REAL-301,gauge_readable,pending,single labeling; random stratum not yet adjudicated,"l1_accuracy_f1,l2_commit_rate"
AOBv2-REAL-301,recommended_action,pending,single labeling; random stratum not yet adjudicated,l3_action_accuracy
AOBv2-REAL-301,category,pending,single labeling; random stratum not yet adjudicated,a12_recovery_rung
AOBv2-REAL-301,image_role,pending,single labeling; random stratum not yet adjudicated,scenario_membership
AOBv2-REAL-301,gauge_value,pending,single labeling; random stratum not yet adjudicated,l1_mae
AOBv2-REAL-301,asset,pending,single labeling; random stratum not yet adjudicated,
AOBv2-REAL-302,gauge_readable,pending,single labeling; random stratum not yet adjudicated,"l1_accuracy_f1,l2_commit_rate"
AOBv2-REAL-302,recommended_action,pending,single labeling; random stratum not yet adjudicated,l3_action_accuracy
AOBv2-REAL-302,category,pending,single labeling; random stratum not yet adjudicated,a12_recovery_rung
AOBv2-REAL-302,image_role,pending,single labeling; random stratum not yet adjudicated,scenario_membership
AOBv2-REAL-302,gauge_value,pending,single labeling; random stratum not yet adjudicated,l1_mae
AOBv2-REAL-302,asset,pending,single labeling; random stratum not yet adjudicated,
AOBv2-REAL-303,gauge_readable,pending,single labeling; random stratum not yet adjudicated,"l1_accuracy_f1,l2_commit_rate"
AOBv2-REAL-303,recommended_action,pending,single labeling; random stratum not yet adjudicated,l3_action_accuracy
AOBv2-REAL-303,category,pending,single labeling; random stratum not yet adjudicated,a12_recovery_rung
AOBv2-REAL-303,image_role,pending,single labeling; random stratum not yet adjudicated,scenario_membership
AOBv2-REAL-303,gauge_value,pending,single labeling; random stratum not yet adjudicated,l1_mae
AOBv2-REAL-303,asset,pending,single labeling; random stratum not yet adjudicated,
AOBv2-REAL-304,gauge_readable,pending,single labeling; random stratum not yet adjudicated,"l1_accuracy_f1,l2_commit_rate"
AOBv2-REAL-304,recommended_action,pending,single labeling; random stratum not yet adjudicated,l3_action_accuracy
AOBv2-REAL-304,category,pending,single labeling; random stratum not yet adjudicated,a12_recovery_rung
AOBv2-REAL-304,image_role,pending,single labeling; random stratum not yet adjudicated,scenario_membership
AOBv2-REAL-304,gauge_value,pending,single labeling; random stratum not yet adjudicated,l1_mae
AOBv2-REAL-304,asset,pending,single labeling; random stratum not yet adjudicated,
AOBv2-REAL-305,gauge_readable,pending,single labeling; random stratum not yet adjudicated,"l1_accuracy_f1,l2_commit_rate"
AOBv2-REAL-305,recommended_action,pending,single labeling; random stratum not yet adjudicated,l3_action_accuracy
AOBv2-REAL-305,category,pending,single labeling; random stratum not yet adjudicated,a12_recovery_rung
AOBv2-REAL-305,image_role,pending,single labeling; random stratum not yet adjudicated,scenario_membership
AOBv2-REAL-305,gauge_value,pending,single labeling; random stratum not yet adjudicated,l1_mae
AOBv2-REAL-305,asset,pending,single labeling; random stratum not yet adjudicated,
AOBv2-REAL-306,gauge_readable,pending,single labeling; random stratum not yet adjudicated,"l1_accuracy_f1,l2_commit_rate"
AOBv2-REAL-306,recommended_action,pending,single labeling; random stratum not yet adjudicated,l3_action_accuracy
AOBv2-REAL-306,category,pending,single labeling; random stratum not yet adjudicated,a12_recovery_rung
AOBv2-REAL-306,image_role,pending,single labeling; random stratum not yet adjudicated,scenario_membership
AOBv2-REAL-306,gauge_value,pending,single labeling; random stratum not yet adjudicated,l1_mae
AOBv2-REAL-306,asset,pending,single labeling; random stratum not yet adjudicated,
AOBv2-REAL-307,gauge_readable,pending,single labeling; random stratum not yet adjudicated,"l1_accuracy_f1,l2_commit_rate"
AOBv2-REAL-307,recommended_action,pending,single labeling; random stratum not yet adjudicated,l3_action_accuracy
AOBv2-REAL-307,category,pending,single labeling; random stratum not yet adjudicated,a12_recovery_rung
AOBv2-REAL-307,image_role,pending,single labeling; random stratum not yet adjudicated,scenario_membership
AOBv2-REAL-307,gauge_value,pending,single labeling; random stratum not yet adjudicated,l1_mae
AOBv2-REAL-307,asset,pending,single labeling; random stratum not yet adjudicated,
AOBv2-REAL-308,gauge_readable,pending,single labeling; random stratum not yet adjudicated,"l1_accuracy_f1,l2_commit_rate"
AOBv2-REAL-308,recommended_action,pending,single labeling; random stratum not yet adjudicated,l3_action_accuracy
AOBv2-REAL-308,category,pending,single labeling; random stratum not yet adjudicated,a12_recovery_rung
AOBv2-REAL-308,image_role,pending,single labeling; random stratum not yet adjudicated,scenario_membership
AOBv2-REAL-308,gauge_value,pending,single labeling; random stratum not yet adjudicated,l1_mae
AOBv2-REAL-308,asset,pending,single labeling; random stratum not yet adjudicated,
AOBv2-REAL-309,gauge_readable,pending,single labeling; random stratum not yet adjudicated,"l1_accuracy_f1,l2_commit_rate"
AOBv2-REAL-309,recommended_action,pending,single labeling; random stratum not yet adjudicated,l3_action_accuracy
AOBv2-REAL-309,category,pending,single labeling; random stratum not yet adjudicated,a12_recovery_rung
AOBv2-REAL-309,image_role,pending,single labeling; random stratum not yet adjudicated,scenario_membership
AOBv2-REAL-309,gauge_value,pending,single labeling; random stratum not yet adjudicated,l1_mae
AOBv2-REAL-309,asset,pending,single labeling; random stratum not yet adjudicated,
AOBv2-REAL-310,gauge_readable,pending,single labeling; random stratum not yet adjudicated,"l1_accuracy_f1,l2_commit_rate"
AOBv2-REAL-310,recommended_action,pending,single labeling; random stratum not yet adjudicated,l3_action_accuracy
AOBv2-REAL-310,category,pending,single labeling; random stratum not yet adjudicated,a12_recovery_rung
AOBv2-REAL-310,image_role,pending,single labeling; random stratum not yet adjudicated,scenario_membership
AOBv2-REAL-310,gauge_value,pending,single labeling; random stratum not yet adjudicated,l1_mae
AOBv2-REAL-310,asset,pending,single labeling; random stratum not yet adjudicated,
AOBv2-REAL-311,gauge_readable,pending,single labeling; random stratum not yet adjudicated,"l1_accuracy_f1,l2_commit_rate"
AOBv2-REAL-311,recommended_action,pending,single labeling; random stratum not yet adjudicated,l3_action_accuracy
AOBv2-REAL-311,category,pending,single labeling; random stratum not yet adjudicated,a12_recovery_rung
AOBv2-REAL-311,image_role,pending,single labeling; random stratum not yet adjudicated,scenario_membership
AOBv2-REAL-311,gauge_value,pending,single labeling; random stratum not yet adjudicated,l1_mae
AOBv2-REAL-311,asset,pending,single labeling; random stratum not yet adjudicated,
AOBv2-REAL-312,gauge_readable,pending,single labeling; random stratum not yet adjudicated,"l1_accuracy_f1,l2_commit_rate"
AOBv2-REAL-312,recommended_action,pending,single labeling; random stratum not yet adjudicated,l3_action_accuracy
AOBv2-REAL-312,category,pending,single labeling; random stratum not yet adjudicated,a12_recovery_rung
AOBv2-REAL-312,image_role,pending,single labeling; random stratum not yet adjudicated,scenario_membership
AOBv2-REAL-312,gauge_value,pending,single labeling; random stratum not yet adjudicated,l1_mae
AOBv2-REAL-312,asset,pending,single labeling; random stratum not yet adjudicated,
AOBv2-REAL-313,gauge_readable,pending,single labeling; random stratum not yet adjudicated,"l1_accuracy_f1,l2_commit_rate"
AOBv2-REAL-313,recommended_action,pending,single labeling; random stratum not yet adjudicated,l3_action_accuracy
AOBv2-REAL-313,category,pending,single labeling; random stratum not yet adjudicated,a12_recovery_rung
AOBv2-REAL-313,image_role,pending,single labeling; random stratum not yet adjudicated,scenario_membership
AOBv2-REAL-313,gauge_value,pending,single labeling; random stratum not yet adjudicated,l1_mae
AOBv2-REAL-313,asset,pending,single labeling; random stratum not yet adjudicated,
AOBv2-REAL-314,gauge_readable,pending,single labeling; random stratum not yet adjudicated,"l1_accuracy_f1,l2_commit_rate"
AOBv2-REAL-314,recommended_action,pending,single labeling; random stratum not yet adjudicated,l3_action_accuracy
AOBv2-REAL-314,category,pending,single labeling; random stratum not yet adjudicated,a12_recovery_rung
AOBv2-REAL-314,image_role,pending,single labeling; random stratum not yet adjudicated,scenario_membership
AOBv2-REAL-314,gauge_value,pending,single labeling; random stratum not yet adjudicated,l1_mae
AOBv2-REAL-314,asset,pending,single labeling; random stratum not yet adjudicated,
AOBv2-REAL-315,gauge_readable,pending,single labeling; random stratum not yet adjudicated,"l1_accuracy_f1,l2_commit_rate"
AOBv2-REAL-315,recommended_action,pending,single labeling; random stratum not yet adjudicated,l3_action_accuracy
AOBv2-REAL-315,category,pending,single labeling; random stratum not yet adjudicated,a12_recovery_rung
AOBv2-REAL-315,image_role,pending,single labeling; random stratum not yet adjudicated,scenario_membership
AOBv2-REAL-315,gauge_value,pending,single labeling; random stratum not yet adjudicated,l1_mae
AOBv2-REAL-315,asset,pending,single labeling; random stratum not yet adjudicated,
AOBv2-REAL-316,gauge_readable,pending,single labeling; random stratum not yet adjudicated,"l1_accuracy_f1,l2_commit_rate"
AOBv2-REAL-316,recommended_action,pending,single labeling; random stratum not yet adjudicated,l3_action_accuracy
AOBv2-REAL-316,category,pending,single labeling; random stratum not yet adjudicated,a12_recovery_rung
AOBv2-REAL-316,image_role,pending,single labeling; random stratum not yet adjudicated,scenario_membership
AOBv2-REAL-316,gauge_value,pending,single labeling; random stratum not yet adjudicated,l1_mae
AOBv2-REAL-316,asset,pending,single labeling; random stratum not yet adjudicated,
AOBv2-REAL-317,gauge_readable,pending,single labeling; random stratum not yet adjudicated,"l1_accuracy_f1,l2_commit_rate"
AOBv2-REAL-317,recommended_action,pending,single labeling; random stratum not yet adjudicated,l3_action_accuracy
AOBv2-REAL-317,category,pending,single labeling; random stratum not yet adjudicated,a12_recovery_rung
AOBv2-REAL-317,image_role,pending,single labeling; random stratum not yet adjudicated,scenario_membership
AOBv2-REAL-317,gauge_value,pending,single labeling; random stratum not yet adjudicated,l1_mae
AOBv2-REAL-317,asset,pending,single labeling; random stratum not yet adjudicated,
AOBv2-REAL-318,gauge_readable,pending,single labeling; random stratum not yet adjudicated,"l1_accuracy_f1,l2_commit_rate"
AOBv2-REAL-318,recommended_action,pending,single labeling; random stratum not yet adjudicated,l3_action_accuracy
AOBv2-REAL-318,category,pending,single labeling; random stratum not yet adjudicated,a12_recovery_rung
AOBv2-REAL-318,image_role,pending,single labeling; random stratum not yet adjudicated,scenario_membership
AOBv2-REAL-318,gauge_value,pending,single labeling; random stratum not yet adjudicated,l1_mae
AOBv2-REAL-318,asset,pending,single labeling; random stratum not yet adjudicated,
AOBv2-REAL-319,gauge_readable,pending,single labeling; random stratum not yet adjudicated,"l1_accuracy_f1,l2_commit_rate"
AOBv2-REAL-319,recommended_action,pending,single labeling; random stratum not yet adjudicated,l3_action_accuracy
AOBv2-REAL-319,category,pending,single labeling; random stratum not yet adjudicated,a12_recovery_rung
AOBv2-REAL-319,image_role,pending,single labeling; random stratum not yet adjudicated,scenario_membership
AOBv2-REAL-319,gauge_value,pending,single labeling; random stratum not yet adjudicated,l1_mae
AOBv2-REAL-319,asset,pending,single labeling; random stratum not yet adjudicated,
AOBv2-REAL-320,gauge_readable,pending,single labeling; random stratum not yet adjudicated,"l1_accuracy_f1,l2_commit_rate"
AOBv2-REAL-320,recommended_action,pending,single labeling; random stratum not yet adjudicated,l3_action_accuracy
AOBv2-REAL-320,category,pending,single labeling; random stratum not yet adjudicated,a12_recovery_rung
AOBv2-REAL-320,image_role,pending,single labeling; random stratum not yet adjudicated,scenario_membership
AOBv2-REAL-320,gauge_value,pending,single labeling; random stratum not yet adjudicated,l1_mae
AOBv2-REAL-320,asset,pending,single labeling; random stratum not yet adjudicated,
AOBv2-REAL-321,gauge_readable,pending,single labeling; random stratum not yet adjudicated,"l1_accuracy_f1,l2_commit_rate"
AOBv2-REAL-321,recommended_action,pending,single labeling; random stratum not yet adjudicated,l3_action_accuracy
AOBv2-REAL-321,category,pending,single labeling; random stratum not yet adjudicated,a12_recovery_rung
AOBv2-REAL-321,image_role,pending,single labeling; random stratum not yet adjudicated,scenario_membership
AOBv2-REAL-321,gauge_value,pending,single labeling; random stratum not yet adjudicated,l1_mae
AOBv2-REAL-321,asset,pending,single labeling; random stratum not yet adjudicated,
AOBv2-REAL-322,gauge_readable,pending,single labeling; random stratum not yet adjudicated,"l1_accuracy_f1,l2_commit_rate"
AOBv2-REAL-322,recommended_action,pending,single labeling; random stratum not yet adjudicated,l3_action_accuracy
AOBv2-REAL-322,category,pending,single labeling; random stratum not yet adjudicated,a12_recovery_rung
AOBv2-REAL-322,image_role,pending,single labeling; random stratum not yet adjudicated,scenario_membership
AOBv2-REAL-322,gauge_value,pending,single labeling; random stratum not yet adjudicated,l1_mae
AOBv2-REAL-322,asset,pending,single labeling; random stratum not yet adjudicated,
AOBv2-REAL-323,gauge_readable,pending,single labeling; random stratum not yet adjudicated,"l1_accuracy_f1,l2_commit_rate"
AOBv2-REAL-323,recommended_action,pending,single labeling; random stratum not yet adjudicated,l3_action_accuracy
AOBv2-REAL-323,category,pending,single labeling; random stratum not yet adjudicated,a12_recovery_rung
AOBv2-REAL-323,image_role,pending,single labeling; random stratum not yet adjudicated,scenario_membership
AOBv2-REAL-323,gauge_value,pending,single labeling; random stratum not yet adjudicated,l1_mae
AOBv2-REAL-323,asset,pending,single labeling; random stratum not yet adjudicated,
AOBv2-REAL-324,gauge_readable,pending,single labeling; random stratum not yet adjudicated,"l1_accuracy_f1,l2_commit_rate"
AOBv2-REAL-324,recommended_action,pending,single labeling; random stratum not yet adjudicated,l3_action_accuracy
AOBv2-REAL-324,category,pending,single labeling; random stratum not yet adjudicated,a12_recovery_rung
AOBv2-REAL-324,image_role,pending,single labeling; random stratum not yet adjudicated,scenario_membership
AOBv2-REAL-324,gauge_value,pending,single labeling; random stratum not yet adjudicated,l1_mae
AOBv2-REAL-324,asset,pending,single labeling; random stratum not yet adjudicated,
AOBv2-REAL-325,gauge_readable,pending,single labeling; random stratum not yet adjudicated,"l1_accuracy_f1,l2_commit_rate"
AOBv2-REAL-325,recommended_action,pending,single labeling; random stratum not yet adjudicated,l3_action_accuracy
AOBv2-REAL-325,category,pending,single labeling; random stratum not yet adjudicated,a12_recovery_rung
AOBv2-REAL-325,image_role,pending,single labeling; random stratum not yet adjudicated,scenario_membership
AOBv2-REAL-325,gauge_value,pending,single labeling; random stratum not yet adjudicated,l1_mae
AOBv2-REAL-325,asset,pending,single labeling; random stratum not yet adjudicated,
AOBv2-REAL-326,gauge_readable,pending,single labeling; random stratum not yet adjudicated,"l1_accuracy_f1,l2_commit_rate"
AOBv2-REAL-326,recommended_action,pending,single labeling; random stratum not yet adjudicated,l3_action_accuracy
AOBv2-REAL-326,category,pending,single labeling; random stratum not yet adjudicated,a12_recovery_rung
AOBv2-REAL-326,image_role,pending,single labeling; random stratum not yet adjudicated,scenario_membership
AOBv2-REAL-326,gauge_value,pending,single labeling; random stratum not yet adjudicated,l1_mae
AOBv2-REAL-326,asset,pending,single labeling; random stratum not yet adjudicated,
AOBv2-REAL-327,gauge_readable,pending,single labeling; random stratum not yet adjudicated,"l1_accuracy_f1,l2_commit_rate"
AOBv2-REAL-327,recommended_action,pending,single labeling; random stratum not yet adjudicated,l3_action_accuracy
AOBv2-REAL-327,category,pending,single labeling; random stratum not yet adjudicated,a12_recovery_rung
AOBv2-REAL-327,image_role,pending,single labeling; random stratum not yet adjudicated,scenario_membership
AOBv2-REAL-327,gauge_value,pending,single labeling; random stratum not yet adjudicated,l1_mae
AOBv2-REAL-327,asset,pending,single labeling; random stratum not yet adjudicated,
AOBv2-REAL-328,gauge_readable,pending,single labeling; random stratum not yet adjudicated,"l1_accuracy_f1,l2_commit_rate"
AOBv2-REAL-328,recommended_action,pending,single labeling; random stratum not yet adjudicated,l3_action_accuracy
AOBv2-REAL-328,category,pending,single labeling; random stratum not yet adjudicated,a12_recovery_rung
AOBv2-REAL-328,image_role,pending,single labeling; random stratum not yet adjudicated,scenario_membership
AOBv2-REAL-328,gauge_value,pending,single labeling; random stratum not yet adjudicated,l1_mae
AOBv2-REAL-328,asset,pending,single labeling; random stratum not yet adjudicated,
AOBv2-REAL-329,gauge_readable,pending,single labeling; random stratum not yet adjudicated,"l1_accuracy_f1,l2_commit_rate"
AOBv2-REAL-329,recommended_action,pending,single labeling; random stratum not yet adjudicated,l3_action_accuracy
AOBv2-REAL-329,category,pending,single labeling; random stratum not yet adjudicated,a12_recovery_rung
AOBv2-REAL-329,image_role,pending,single labeling; random stratum not yet adjudicated,scenario_membership
AOBv2-REAL-329,gauge_value,pending,single labeling; random stratum not yet adjudicated,l1_mae
AOBv2-REAL-329,asset,pending,single labeling; random stratum not yet adjudicated,
AOBv2-REAL-330,gauge_readable,pending,single labeling; random stratum not yet adjudicated,"l1_accuracy_f1,l2_commit_rate"
AOBv2-REAL-330,recommended_action,pending,single labeling; random stratum not yet adjudicated,l3_action_accuracy
AOBv2-REAL-330,category,pending,single labeling; random stratum not yet adjudicated,a12_recovery_rung
AOBv2-REAL-330,image_role,pending,single labeling; random stratum not yet adjudicated,scenario_membership
AOBv2-REAL-330,gauge_value,pending,single labeling; random stratum not yet adjudicated,l1_mae
AOBv2-REAL-330,asset,pending,single labeling; random stratum not yet adjudicated,
AOBv2-REAL-331,gauge_readable,pending,single labeling; random stratum not yet adjudicated,"l1_accuracy_f1,l2_commit_rate"
AOBv2-REAL-331,recommended_action,pending,single labeling; random stratum not yet adjudicated,l3_action_accuracy
AOBv2-REAL-331,category,pending,single labeling; random stratum not yet adjudicated,a12_recovery_rung
AOBv2-REAL-331,image_role,pending,single labeling; random stratum not yet adjudicated,scenario_membership
AOBv2-REAL-331,gauge_value,pending,single labeling; random stratum not yet adjudicated,l1_mae
AOBv2-REAL-331,asset,pending,single labeling; random stratum not yet adjudicated,
AOBv2-REAL-332,gauge_readable,pending,single labeling; random stratum not yet adjudicated,"l1_accuracy_f1,l2_commit_rate"
AOBv2-REAL-332,recommended_action,pending,single labeling; random stratum not yet adjudicated,l3_action_accuracy
AOBv2-REAL-332,category,pending,single labeling; random stratum not yet adjudicated,a12_recovery_rung
AOBv2-REAL-332,image_role,pending,single labeling; random stratum not yet adjudicated,scenario_membership
AOBv2-REAL-332,gauge_value,pending,single labeling; random stratum not yet adjudicated,l1_mae
AOBv2-REAL-332,asset,pending,single labeling; random stratum not yet adjudicated,
AOBv2-REAL-333,gauge_readable,pending,single labeling; random stratum not yet adjudicated,"l1_accuracy_f1,l2_commit_rate"
AOBv2-REAL-333,recommended_action,pending,single labeling; random stratum not yet adjudicated,l3_action_accuracy
AOBv2-REAL-333,category,pending,single labeling; random stratum not yet adjudicated,a12_recovery_rung
AOBv2-REAL-333,image_role,pending,single labeling; random stratum not yet adjudicated,scenario_membership
AOBv2-REAL-333,gauge_value,pending,single labeling; random stratum not yet adjudicated,l1_mae
AOBv2-REAL-333,asset,pending,single labeling; random stratum not yet adjudicated,
AOBv2-REAL-334,gauge_readable,pending,single labeling; random stratum not yet adjudicated,"l1_accuracy_f1,l2_commit_rate"
AOBv2-REAL-334,recommended_action,pending,single labeling; random stratum not yet adjudicated,l3_action_accuracy
AOBv2-REAL-334,category,pending,single labeling; random stratum not yet adjudicated,a12_recovery_rung
AOBv2-REAL-334,image_role,pending,single labeling; random stratum not yet adjudicated,scenario_membership
AOBv2-REAL-334,gauge_value,pending,single labeling; random stratum not yet adjudicated,l1_mae
AOBv2-REAL-334,asset,pending,single labeling; random stratum not yet adjudicated,
AOBv2-REAL-335,gauge_readable,pending,single labeling; random stratum not yet adjudicated,"l1_accuracy_f1,l2_commit_rate"
AOBv2-REAL-335,recommended_action,pending,single labeling; random stratum not yet adjudicated,l3_action_accuracy
AOBv2-REAL-335,category,pending,single labeling; random stratum not yet adjudicated,a12_recovery_rung
AOBv2-REAL-335,image_role,pending,single labeling; random stratum not yet adjudicated,scenario_membership
AOBv2-REAL-335,gauge_value,pending,single labeling; random stratum not yet adjudicated,l1_mae
AOBv2-REAL-335,asset,pending,single labeling; random stratum not yet adjudicated,
AOBv2-REAL-336,gauge_readable,pending,single labeling; random stratum not yet adjudicated,"l1_accuracy_f1,l2_commit_rate"
AOBv2-REAL-336,recommended_action,pending,single labeling; random stratum not yet adjudicated,l3_action_accuracy
AOBv2-REAL-336,category,pending,single labeling; random stratum not yet adjudicated,a12_recovery_rung
AOBv2-REAL-336,image_role,pending,single labeling; random stratum not yet adjudicated,scenario_membership
AOBv2-REAL-336,gauge_value,pending,single labeling; random stratum not yet adjudicated,l1_mae
AOBv2-REAL-336,asset,pending,single labeling; random stratum not yet adjudicated,
AOBv2-REAL-337,gauge_readable,pending,single labeling; random stratum not yet adjudicated,"l1_accuracy_f1,l2_commit_rate"
AOBv2-REAL-337,recommended_action,pending,single labeling; random stratum not yet adjudicated,l3_action_accuracy
AOBv2-REAL-337,category,pending,single labeling; random stratum not yet adjudicated,a12_recovery_rung
AOBv2-REAL-337,image_role,pending,single labeling; random stratum not yet adjudicated,scenario_membership
AOBv2-REAL-337,gauge_value,pending,single labeling; random stratum not yet adjudicated,l1_mae
AOBv2-REAL-337,asset,pending,single labeling; random stratum not yet adjudicated,
AOBv2-REAL-338,gauge_readable,pending,single labeling; random stratum not yet adjudicated,"l1_accuracy_f1,l2_commit_rate"
AOBv2-REAL-338,recommended_action,pending,single labeling; random stratum not yet adjudicated,l3_action_accuracy
AOBv2-REAL-338,category,pending,single labeling; random stratum not yet adjudicated,a12_recovery_rung
AOBv2-REAL-338,image_role,pending,single labeling; random stratum not yet adjudicated,scenario_membership
AOBv2-REAL-338,gauge_value,pending,single labeling; random stratum not yet adjudicated,l1_mae
AOBv2-REAL-338,asset,pending,single labeling; random stratum not yet adjudicated,
AOBv2-REAL-339,gauge_readable,pending,single labeling; random stratum not yet adjudicated,"l1_accuracy_f1,l2_commit_rate"
AOBv2-REAL-339,recommended_action,pending,single labeling; random stratum not yet adjudicated,l3_action_accuracy
AOBv2-REAL-339,category,pending,single labeling; random stratum not yet adjudicated,a12_recovery_rung
AOBv2-REAL-339,image_role,pending,single labeling; random stratum not yet adjudicated,scenario_membership
AOBv2-REAL-339,gauge_value,pending,single labeling; random stratum not yet adjudicated,l1_mae
AOBv2-REAL-339,asset,pending,single labeling; random stratum not yet adjudicated,
AOBv2-REAL-340,gauge_readable,pending,single labeling; random stratum not yet adjudicated,"l1_accuracy_f1,l2_commit_rate"
AOBv2-REAL-340,recommended_action,pending,single labeling; random stratum not yet adjudicated,l3_action_accuracy
AOBv2-REAL-340,category,pending,single labeling; random stratum not yet adjudicated,a12_recovery_rung
AOBv2-REAL-340,image_role,pending,single labeling; random stratum not yet adjudicated,scenario_membership
AOBv2-REAL-340,gauge_value,pending,single labeling; random stratum not yet adjudicated,l1_mae
AOBv2-REAL-340,asset,pending,single labeling; random stratum not yet adjudicated,
AOBv2-REAL-341,gauge_readable,pending,single labeling; random stratum not yet adjudicated,"l1_accuracy_f1,l2_commit_rate"
AOBv2-REAL-341,recommended_action,pending,single labeling; random stratum not yet adjudicated,l3_action_accuracy
AOBv2-REAL-341,category,pending,single labeling; random stratum not yet adjudicated,a12_recovery_rung
AOBv2-REAL-341,image_role,pending,single labeling; random stratum not yet adjudicated,scenario_membership
AOBv2-REAL-341,gauge_value,pending,single labeling; random stratum not yet adjudicated,l1_mae
AOBv2-REAL-341,asset,pending,single labeling; random stratum not yet adjudicated,
AOBv2-REAL-342,gauge_readable,pending,single labeling; random stratum not yet adjudicated,"l1_accuracy_f1,l2_commit_rate"
AOBv2-REAL-342,recommended_action,pending,single labeling; random stratum not yet adjudicated,l3_action_accuracy
AOBv2-REAL-342,category,pending,single labeling; random stratum not yet adjudicated,a12_recovery_rung
AOBv2-REAL-342,image_role,pending,single labeling; random stratum not yet adjudicated,scenario_membership
AOBv2-REAL-342,gauge_value,pending,single labeling; random stratum not yet adjudicated,l1_mae
AOBv2-REAL-342,asset,pending,single labeling; random stratum not yet adjudicated,
AOBv2-REAL-343,gauge_readable,pending,single labeling; random stratum not yet adjudicated,"l1_accuracy_f1,l2_commit_rate"
AOBv2-REAL-343,recommended_action,pending,single labeling; random stratum not yet adjudicated,l3_action_accuracy
AOBv2-REAL-343,category,pending,single labeling; random stratum not yet adjudicated,a12_recovery_rung
AOBv2-REAL-343,image_role,pending,single labeling; random stratum not yet adjudicated,scenario_membership
AOBv2-REAL-343,gauge_value,pending,single labeling; random stratum not yet adjudicated,l1_mae
AOBv2-REAL-343,asset,pending,single labeling; random stratum not yet adjudicated,
AOBv2-REAL-344,gauge_readable,pending,single labeling; random stratum not yet adjudicated,"l1_accuracy_f1,l2_commit_rate"
AOBv2-REAL-344,recommended_action,pending,single labeling; random stratum not yet adjudicated,l3_action_accuracy
AOBv2-REAL-344,category,pending,single labeling; random stratum not yet adjudicated,a12_recovery_rung
AOBv2-REAL-344,image_role,pending,single labeling; random stratum not yet adjudicated,scenario_membership
AOBv2-REAL-344,gauge_value,pending,single labeling; random stratum not yet adjudicated,l1_mae
AOBv2-REAL-344,asset,pending,single labeling; random stratum not yet adjudicated,
AOBv2-REAL-345,gauge_readable,pending,single labeling; random stratum not yet adjudicated,"l1_accuracy_f1,l2_commit_rate"
AOBv2-REAL-345,recommended_action,pending,single labeling; random stratum not yet adjudicated,l3_action_accuracy
AOBv2-REAL-345,category,pending,single labeling; random stratum not yet adjudicated,a12_recovery_rung
AOBv2-REAL-345,image_role,pending,single labeling; random stratum not yet adjudicated,scenario_membership
AOBv2-REAL-345,gauge_value,pending,single labeling; random stratum not yet adjudicated,l1_mae
AOBv2-REAL-345,asset,pending,single labeling; random stratum not yet adjudicated,
AOBv2-REAL-346,gauge_readable,pending,single labeling; random stratum not yet adjudicated,"l1_accuracy_f1,l2_commit_rate"
AOBv2-REAL-346,recommended_action,pending,single labeling; random stratum not yet adjudicated,l3_action_accuracy
AOBv2-REAL-346,category,pending,single labeling; random stratum not yet adjudicated,a12_recovery_rung
AOBv2-REAL-346,image_role,pending,single labeling; random stratum not yet adjudicated,scenario_membership
AOBv2-REAL-346,gauge_value,pending,single labeling; random stratum not yet adjudicated,l1_mae
AOBv2-REAL-346,asset,pending,single labeling; random stratum not yet adjudicated,
AOBv2-REAL-347,gauge_readable,pending,single labeling; random stratum not yet adjudicated,"l1_accuracy_f1,l2_commit_rate"
AOBv2-REAL-347,recommended_action,pending,single labeling; random stratum not yet adjudicated,l3_action_accuracy
AOBv2-REAL-347,category,pending,single labeling; random stratum not yet adjudicated,a12_recovery_rung
AOBv2-REAL-347,image_role,pending,single labeling; random stratum not yet adjudicated,scenario_membership
AOBv2-REAL-347,gauge_value,pending,single labeling; random stratum not yet adjudicated,l1_mae
AOBv2-REAL-347,asset,pending,single labeling; random stratum not yet adjudicated,
AOBv2-REAL-348,gauge_readable,pending,single labeling; random stratum not yet adjudicated,"l1_accuracy_f1,l2_commit_rate"
AOBv2-REAL-348,recommended_action,pending,single labeling; random stratum not yet adjudicated,l3_action_accuracy
AOBv2-REAL-348,category,pending,single labeling; random stratum not yet adjudicated,a12_recovery_rung
AOBv2-REAL-348,image_role,pending,single labeling; random stratum not yet adjudicated,scenario_membership
AOBv2-REAL-348,gauge_value,pending,single labeling; random stratum not yet adjudicated,l1_mae
AOBv2-REAL-348,asset,pending,single labeling; random stratum not yet adjudicated,
AOBv2-REAL-349,gauge_readable,pending,single labeling; random stratum not yet adjudicated,"l1_accuracy_f1,l2_commit_rate"
AOBv2-REAL-349,recommended_action,pending,single labeling; random stratum not yet adjudicated,l3_action_accuracy
AOBv2-REAL-349,category,pending,single labeling; random stratum not yet adjudicated,a12_recovery_rung
AOBv2-REAL-349,image_role,pending,single labeling; random stratum not yet adjudicated,scenario_membership
AOBv2-REAL-349,gauge_value,pending,single labeling; random stratum not yet adjudicated,l1_mae
AOBv2-REAL-349,asset,pending,single labeling; random stratum not yet adjudicated,
AOBv2-REAL-350,gauge_readable,pending,single labeling; random stratum not yet adjudicated,"l1_accuracy_f1,l2_commit_rate"
AOBv2-REAL-350,recommended_action,pending,single labeling; random stratum not yet adjudicated,l3_action_accuracy
AOBv2-REAL-350,category,pending,single labeling; random stratum not yet adjudicated,a12_recovery_rung
AOBv2-REAL-350,image_role,pending,single labeling; random stratum not yet adjudicated,scenario_membership
AOBv2-REAL-350,gauge_value,pending,single labeling; random stratum not yet adjudicated,l1_mae
AOBv2-REAL-350,asset,pending,single labeling; random stratum not yet adjudicated,
AOBv2-REAL-351,gauge_readable,pending,single labeling; random stratum not yet adjudicated,"l1_accuracy_f1,l2_commit_rate"
AOBv2-REAL-351,recommended_action,pending,single labeling; random stratum not yet adjudicated,l3_action_accuracy
AOBv2-REAL-351,category,pending,single labeling; random stratum not yet adjudicated,a12_recovery_rung
AOBv2-REAL-351,image_role,pending,single labeling; random stratum not yet adjudicated,scenario_membership
AOBv2-REAL-351,gauge_value,pending,single labeling; random stratum not yet adjudicated,l1_mae
AOBv2-REAL-351,asset,pending,single labeling; random stratum not yet adjudicated,
AOBv2-REAL-352,gauge_readable,pending,single labeling; random stratum not yet adjudicated,"l1_accuracy_f1,l2_commit_rate"
AOBv2-REAL-352,recommended_action,pending,single labeling; random stratum not yet adjudicated,l3_action_accuracy
AOBv2-REAL-352,category,pending,single labeling; random stratum not yet adjudicated,a12_recovery_rung
AOBv2-REAL-352,image_role,pending,single labeling; random stratum not yet adjudicated,scenario_membership
AOBv2-REAL-352,gauge_value,pending,single labeling; random stratum not yet adjudicated,l1_mae
AOBv2-REAL-352,asset,pending,single labeling; random stratum not yet adjudicated,
AOBv2-REAL-353,gauge_readable,pending,single labeling; random stratum not yet adjudicated,"l1_accuracy_f1,l2_commit_rate"
AOBv2-REAL-353,recommended_action,pending,single labeling; random stratum not yet adjudicated,l3_action_accuracy
AOBv2-REAL-353,category,pending,single labeling; random stratum not yet adjudicated,a12_recovery_rung
AOBv2-REAL-353,image_role,pending,single labeling; random stratum not yet adjudicated,scenario_membership
AOBv2-REAL-353,gauge_value,pending,single labeling; random stratum not yet adjudicated,l1_mae
AOBv2-REAL-353,asset,pending,single labeling; random stratum not yet adjudicated,
AOBv2-REAL-354,gauge_readable,pending,single labeling; random stratum not yet adjudicated,"l1_accuracy_f1,l2_commit_rate"
AOBv2-REAL-354,recommended_action,pending,single labeling; random stratum not yet adjudicated,l3_action_accuracy
AOBv2-REAL-354,category,pending,single labeling; random stratum not yet adjudicated,a12_recovery_rung
AOBv2-REAL-354,image_role,pending,single labeling; random stratum not yet adjudicated,scenario_membership
AOBv2-REAL-354,gauge_value,pending,single labeling; random stratum not yet adjudicated,l1_mae
AOBv2-REAL-354,asset,pending,single labeling; random stratum not yet adjudicated,
AOBv2-REAL-355,gauge_readable,pending,single labeling; random stratum not yet adjudicated,"l1_accuracy_f1,l2_commit_rate"
AOBv2-REAL-355,recommended_action,pending,single labeling; random stratum not yet adjudicated,l3_action_accuracy
AOBv2-REAL-355,category,pending,single labeling; random stratum not yet adjudicated,a12_recovery_rung
AOBv2-REAL-355,image_role,pending,single labeling; random stratum not yet adjudicated,scenario_membership
AOBv2-REAL-355,gauge_value,pending,single labeling; random stratum not yet adjudicated,l1_mae
AOBv2-REAL-355,asset,pending,single labeling; random stratum not yet adjudicated,
AOBv2-REAL-356,gauge_readable,pending,single labeling; random stratum not yet adjudicated,"l1_accuracy_f1,l2_commit_rate"
AOBv2-REAL-356,recommended_action,pending,single labeling; random stratum not yet adjudicated,l3_action_accuracy
AOBv2-REAL-356,category,pending,single labeling; random stratum not yet adjudicated,a12_recovery_rung
AOBv2-REAL-356,image_role,pending,single labeling; random stratum not yet adjudicated,scenario_membership
AOBv2-REAL-356,gauge_value,pending,single labeling; random stratum not yet adjudicated,l1_mae
AOBv2-REAL-356,asset,pending,single labeling; random stratum not yet adjudicated,
AOBv2-REAL-357,gauge_readable,pending,single labeling; random stratum not yet adjudicated,"l1_accuracy_f1,l2_commit_rate"
AOBv2-REAL-357,recommended_action,pending,single labeling; random stratum not yet adjudicated,l3_action_accuracy
AOBv2-REAL-357,category,pending,single labeling; random stratum not yet adjudicated,a12_recovery_rung
AOBv2-REAL-357,image_role,pending,single labeling; random stratum not yet adjudicated,scenario_membership
AOBv2-REAL-357,gauge_value,pending,single labeling; random stratum not yet adjudicated,l1_mae
AOBv2-REAL-357,asset,pending,single labeling; random stratum not yet adjudicated,
AOBv2-REAL-358,gauge_readable,pending,single labeling; random stratum not yet adjudicated,"l1_accuracy_f1,l2_commit_rate"
AOBv2-REAL-358,recommended_action,pending,single labeling; random stratum not yet adjudicated,l3_action_accuracy
AOBv2-REAL-358,category,pending,single labeling; random stratum not yet adjudicated,a12_recovery_rung
AOBv2-REAL-358,image_role,pending,single labeling; random stratum not yet adjudicated,scenario_membership
AOBv2-REAL-358,gauge_value,pending,single labeling; random stratum not yet adjudicated,l1_mae
AOBv2-REAL-358,asset,pending,single labeling; random stratum not yet adjudicated,
AOBv2-REAL-359,gauge_readable,pending,single labeling; random stratum not yet adjudicated,"l1_accuracy_f1,l2_commit_rate"
AOBv2-REAL-359,recommended_action,pending,single labeling; random stratum not yet adjudicated,l3_action_accuracy
AOBv2-REAL-359,category,pending,single labeling; random stratum not yet adjudicated,a12_recovery_rung
AOBv2-REAL-359,image_role,pending,single labeling; random stratum not yet adjudicated,scenario_membership
AOBv2-REAL-359,gauge_value,pending,single labeling; random stratum not yet adjudicated,l1_mae
AOBv2-REAL-359,asset,pending,single labeling; random stratum not yet adjudicated,
AOBv2-REAL-360,gauge_readable,pending,single labeling; random stratum not yet adjudicated,"l1_accuracy_f1,l2_commit_rate"
AOBv2-REAL-360,recommended_action,pending,single labeling; random stratum not yet adjudicated,l3_action_accuracy
AOBv2-REAL-360,category,pending,single labeling; random stratum not yet adjudicated,a12_recovery_rung
AOBv2-REAL-360,image_role,pending,single labeling; random stratum not yet adjudicated,scenario_membership
AOBv2-REAL-360,gauge_value,pending,single labeling; random stratum not yet adjudicated,l1_mae
AOBv2-REAL-360,asset,pending,single labeling; random stratum not yet adjudicated,
AOBv2-REAL-361,gauge_readable,pending,single labeling; random stratum not yet adjudicated,"l1_accuracy_f1,l2_commit_rate"
AOBv2-REAL-361,recommended_action,pending,single labeling; random stratum not yet adjudicated,l3_action_accuracy
AOBv2-REAL-361,category,pending,single labeling; random stratum not yet adjudicated,a12_recovery_rung
AOBv2-REAL-361,image_role,pending,single labeling; random stratum not yet adjudicated,scenario_membership
AOBv2-REAL-361,gauge_value,pending,single labeling; random stratum not yet adjudicated,l1_mae
AOBv2-REAL-361,asset,pending,single labeling; random stratum not yet adjudicated,
AOBv2-REAL-362,gauge_readable,pending,single labeling; random stratum not yet adjudicated,"l1_accuracy_f1,l2_commit_rate"
AOBv2-REAL-362,recommended_action,pending,single labeling; random stratum not yet adjudicated,l3_action_accuracy
AOBv2-REAL-362,category,pending,single labeling; random stratum not yet adjudicated,a12_recovery_rung
AOBv2-REAL-362,image_role,pending,single labeling; random stratum not yet adjudicated,scenario_membership
AOBv2-REAL-362,gauge_value,pending,single labeling; random stratum not yet adjudicated,l1_mae
AOBv2-REAL-362,asset,pending,single labeling; random stratum not yet adjudicated,
AOBv2-REAL-363,gauge_readable,pending,single labeling; random stratum not yet adjudicated,"l1_accuracy_f1,l2_commit_rate"
AOBv2-REAL-363,recommended_action,pending,single labeling; random stratum not yet adjudicated,l3_action_accuracy
AOBv2-REAL-363,category,pending,single labeling; random stratum not yet adjudicated,a12_recovery_rung
AOBv2-REAL-363,image_role,pending,single labeling; random stratum not yet adjudicated,scenario_membership
AOBv2-REAL-363,gauge_value,pending,single labeling; random stratum not yet adjudicated,l1_mae
AOBv2-REAL-363,asset,pending,single labeling; random stratum not yet adjudicated,
AOBv2-REAL-364,gauge_readable,pending,single labeling; random stratum not yet adjudicated,"l1_accuracy_f1,l2_commit_rate"
AOBv2-REAL-364,recommended_action,pending,single labeling; random stratum not yet adjudicated,l3_action_accuracy
AOBv2-REAL-364,category,pending,single labeling; random stratum not yet adjudicated,a12_recovery_rung
AOBv2-REAL-364,image_role,pending,single labeling; random stratum not yet adjudicated,scenario_membership
AOBv2-REAL-364,gauge_value,pending,single labeling; random stratum not yet adjudicated,l1_mae
AOBv2-REAL-364,asset,pending,single labeling; random stratum not yet adjudicated,
AOBv2-REAL-365,gauge_readable,pending,single labeling; random stratum not yet adjudicated,"l1_accuracy_f1,l2_commit_rate"
AOBv2-REAL-365,recommended_action,pending,single labeling; random stratum not yet adjudicated,l3_action_accuracy
AOBv2-REAL-365,category,pending,single labeling; random stratum not yet adjudicated,a12_recovery_rung
AOBv2-REAL-365,image_role,pending,single labeling; random stratum not yet adjudicated,scenario_membership
AOBv2-REAL-365,gauge_value,pending,single labeling; random stratum not yet adjudicated,l1_mae
AOBv2-REAL-365,asset,pending,single labeling; random stratum not yet adjudicated,
AOBv2-REAL-366,gauge_readable,pending,single labeling; random stratum not yet adjudicated,"l1_accuracy_f1,l2_commit_rate"
AOBv2-REAL-366,recommended_action,pending,single labeling; random stratum not yet adjudicated,l3_action_accuracy
AOBv2-REAL-366,category,pending,single labeling; random stratum not yet adjudicated,a12_recovery_rung
AOBv2-REAL-366,image_role,pending,single labeling; random stratum not yet adjudicated,scenario_membership
AOBv2-REAL-366,gauge_value,pending,single labeling; random stratum not yet adjudicated,l1_mae
AOBv2-REAL-366,asset,pending,single labeling; random stratum not yet adjudicated,
AOBv2-REAL-367,gauge_readable,pending,single labeling; random stratum not yet adjudicated,"l1_accuracy_f1,l2_commit_rate"
AOBv2-REAL-367,recommended_action,pending,single labeling; random stratum not yet adjudicated,l3_action_accuracy
AOBv2-REAL-367,category,pending,single labeling; random stratum not yet adjudicated,a12_recovery_rung
AOBv2-REAL-367,image_role,pending,single labeling; random stratum not yet adjudicated,scenario_membership
AOBv2-REAL-367,gauge_value,pending,single labeling; random stratum not yet adjudicated,l1_mae
AOBv2-REAL-367,asset,pending,single labeling; random stratum not yet adjudicated,
AOBv2-REAL-368,gauge_readable,pending,single labeling; random stratum not yet adjudicated,"l1_accuracy_f1,l2_commit_rate"
AOBv2-REAL-368,recommended_action,pending,single labeling; random stratum not yet adjudicated,l3_action_accuracy
AOBv2-REAL-368,category,pending,single labeling; random stratum not yet adjudicated,a12_recovery_rung
AOBv2-REAL-368,image_role,pending,single labeling; random stratum not yet adjudicated,scenario_membership
AOBv2-REAL-368,gauge_value,pending,single labeling; random stratum not yet adjudicated,l1_mae
AOBv2-REAL-368,asset,pending,single labeling; random stratum not yet adjudicated,
AOBv2-REAL-369,gauge_readable,pending,single labeling; random stratum not yet adjudicated,"l1_accuracy_f1,l2_commit_rate"
AOBv2-REAL-369,recommended_action,pending,single labeling; random stratum not yet adjudicated,l3_action_accuracy
AOBv2-REAL-369,category,pending,single labeling; random stratum not yet adjudicated,a12_recovery_rung
AOBv2-REAL-369,image_role,pending,single labeling; random stratum not yet adjudicated,scenario_membership
AOBv2-REAL-369,gauge_value,pending,single labeling; random stratum not yet adjudicated,l1_mae
AOBv2-REAL-369,asset,pending,single labeling; random stratum not yet adjudicated,
AOBv2-REAL-370,gauge_readable,pending,single labeling; random stratum not yet adjudicated,"l1_accuracy_f1,l2_commit_rate"
AOBv2-REAL-370,recommended_action,pending,single labeling; random stratum not yet adjudicated,l3_action_accuracy
AOBv2-REAL-370,category,pending,single labeling; random stratum not yet adjudicated,a12_recovery_rung
AOBv2-REAL-370,image_role,pending,single labeling; random stratum not yet adjudicated,scenario_membership
AOBv2-REAL-370,gauge_value,pending,single labeling; random stratum not yet adjudicated,l1_mae
AOBv2-REAL-370,asset,pending,single labeling; random stratum not yet adjudicated,
AOBv2-REAL-371,gauge_readable,pending,single labeling; random stratum not yet adjudicated,"l1_accuracy_f1,l2_commit_rate"
AOBv2-REAL-371,recommended_action,pending,single labeling; random stratum not yet adjudicated,l3_action_accuracy
AOBv2-REAL-371,category,pending,single labeling; random stratum not yet adjudicated,a12_recovery_rung
AOBv2-REAL-371,image_role,pending,single labeling; random stratum not yet adjudicated,scenario_membership
AOBv2-REAL-371,gauge_value,pending,single labeling; random stratum not yet adjudicated,l1_mae
AOBv2-REAL-371,asset,pending,single labeling; random stratum not yet adjudicated,
AOBv2-REAL-372,gauge_readable,pending,single labeling; random stratum not yet adjudicated,"l1_accuracy_f1,l2_commit_rate"
AOBv2-REAL-372,recommended_action,pending,single labeling; random stratum not yet adjudicated,l3_action_accuracy
AOBv2-REAL-372,category,pending,single labeling; random stratum not yet adjudicated,a12_recovery_rung
AOBv2-REAL-372,image_role,pending,single labeling; random stratum not yet adjudicated,scenario_membership
AOBv2-REAL-372,gauge_value,pending,single labeling; random stratum not yet adjudicated,l1_mae
AOBv2-REAL-372,asset,pending,single labeling; random stratum not yet adjudicated,
AOBv2-REAL-373,gauge_readable,pending,single labeling; random stratum not yet adjudicated,"l1_accuracy_f1,l2_commit_rate"
AOBv2-REAL-373,recommended_action,pending,single labeling; random stratum not yet adjudicated,l3_action_accuracy
AOBv2-REAL-373,category,pending,single labeling; random stratum not yet adjudicated,a12_recovery_rung
AOBv2-REAL-373,image_role,pending,single labeling; random stratum not yet adjudicated,scenario_membership
AOBv2-REAL-373,gauge_value,pending,single labeling; random stratum not yet adjudicated,l1_mae
AOBv2-REAL-373,asset,pending,single labeling; random stratum not yet adjudicated,
AOBv2-REAL-374,gauge_readable,pending,single labeling; random stratum not yet adjudicated,"l1_accuracy_f1,l2_commit_rate"
AOBv2-REAL-374,recommended_action,pending,single labeling; random stratum not yet adjudicated,l3_action_accuracy
AOBv2-REAL-374,category,pending,single labeling; random stratum not yet adjudicated,a12_recovery_rung
AOBv2-REAL-374,image_role,pending,single labeling; random stratum not yet adjudicated,scenario_membership
AOBv2-REAL-374,gauge_value,pending,single labeling; random stratum not yet adjudicated,l1_mae
AOBv2-REAL-374,asset,pending,single labeling; random stratum not yet adjudicated,
AOBv2-REAL-375,gauge_readable,pending,single labeling; random stratum not yet adjudicated,"l1_accuracy_f1,l2_commit_rate"
AOBv2-REAL-375,recommended_action,pending,single labeling; random stratum not yet adjudicated,l3_action_accuracy
AOBv2-REAL-375,category,pending,single labeling; random stratum not yet adjudicated,a12_recovery_rung
AOBv2-REAL-375,image_role,pending,single labeling; random stratum not yet adjudicated,scenario_membership
AOBv2-REAL-375,gauge_value,pending,single labeling; random stratum not yet adjudicated,l1_mae
AOBv2-REAL-375,asset,pending,single labeling; random stratum not yet adjudicated,
AOBv2-REAL-376,gauge_readable,pending,single labeling; random stratum not yet adjudicated,"l1_accuracy_f1,l2_commit_rate"
AOBv2-REAL-376,recommended_action,pending,single labeling; random stratum not yet adjudicated,l3_action_accuracy
AOBv2-REAL-376,category,pending,single labeling; random stratum not yet adjudicated,a12_recovery_rung
AOBv2-REAL-376,image_role,pending,single labeling; random stratum not yet adjudicated,scenario_membership
AOBv2-REAL-376,gauge_value,pending,single labeling; random stratum not yet adjudicated,l1_mae
AOBv2-REAL-376,asset,pending,single labeling; random stratum not yet adjudicated,
AOBv2-REAL-377,gauge_readable,pending,single labeling; random stratum not yet adjudicated,"l1_accuracy_f1,l2_commit_rate"
AOBv2-REAL-377,recommended_action,pending,single labeling; random stratum not yet adjudicated,l3_action_accuracy
AOBv2-REAL-377,category,pending,single labeling; random stratum not yet adjudicated,a12_recovery_rung
AOBv2-REAL-377,image_role,pending,single labeling; random stratum not yet adjudicated,scenario_membership
AOBv2-REAL-377,gauge_value,pending,single labeling; random stratum not yet adjudicated,l1_mae
AOBv2-REAL-377,asset,pending,single labeling; random stratum not yet adjudicated,
AOBv2-REAL-378,gauge_readable,pending,single labeling; random stratum not yet adjudicated,"l1_accuracy_f1,l2_commit_rate"
AOBv2-REAL-378,recommended_action,pending,single labeling; random stratum not yet adjudicated,l3_action_accuracy
AOBv2-REAL-378,category,pending,single labeling; random stratum not yet adjudicated,a12_recovery_rung
AOBv2-REAL-378,image_role,pending,single labeling; random stratum not yet adjudicated,scenario_membership
AOBv2-REAL-378,gauge_value,pending,single labeling; random stratum not yet adjudicated,l1_mae
AOBv2-REAL-378,asset,pending,single labeling; random stratum not yet adjudicated,
AOBv2-REAL-379,gauge_readable,pending,single labeling; random stratum not yet adjudicated,"l1_accuracy_f1,l2_commit_rate"
AOBv2-REAL-379,recommended_action,pending,single labeling; random stratum not yet adjudicated,l3_action_accuracy
AOBv2-REAL-379,category,pending,single labeling; random stratum not yet adjudicated,a12_recovery_rung
AOBv2-REAL-379,image_role,pending,single labeling; random stratum not yet adjudicated,scenario_membership
AOBv2-REAL-379,gauge_value,pending,single labeling; random stratum not yet adjudicated,l1_mae
AOBv2-REAL-379,asset,pending,single labeling; random stratum not yet adjudicated,
AOBv2-REAL-380,gauge_readable,pending,single labeling; random stratum not yet adjudicated,"l1_accuracy_f1,l2_commit_rate"
AOBv2-REAL-380,recommended_action,pending,single labeling; random stratum not yet adjudicated,l3_action_accuracy
AOBv2-REAL-380,category,pending,single labeling; random stratum not yet adjudicated,a12_recovery_rung
AOBv2-REAL-380,image_role,pending,single labeling; random stratum not yet adjudicated,scenario_membership
AOBv2-REAL-380,gauge_value,pending,single labeling; random stratum not yet adjudicated,l1_mae
AOBv2-REAL-380,asset,pending,single labeling; random stratum not yet adjudicated,
AOBv2-REAL-381,gauge_readable,pending,single labeling; random stratum not yet adjudicated,"l1_accuracy_f1,l2_commit_rate"
AOBv2-REAL-381,recommended_action,pending,single labeling; random stratum not yet adjudicated,l3_action_accuracy
AOBv2-REAL-381,category,pending,single labeling; random stratum not yet adjudicated,a12_recovery_rung
AOBv2-REAL-381,image_role,pending,single labeling; random stratum not yet adjudicated,scenario_membership
AOBv2-REAL-381,gauge_value,pending,single labeling; random stratum not yet adjudicated,l1_mae
AOBv2-REAL-381,asset,pending,single labeling; random stratum not yet adjudicated,
AOBv2-REAL-382,gauge_readable,pending,single labeling; random stratum not yet adjudicated,"l1_accuracy_f1,l2_commit_rate"
AOBv2-REAL-382,recommended_action,pending,single labeling; random stratum not yet adjudicated,l3_action_accuracy
AOBv2-REAL-382,category,pending,single labeling; random stratum not yet adjudicated,a12_recovery_rung
AOBv2-REAL-382,image_role,pending,single labeling; random stratum not yet adjudicated,scenario_membership
AOBv2-REAL-382,gauge_value,pending,single labeling; random stratum not yet adjudicated,l1_mae
AOBv2-REAL-382,asset,pending,single labeling; random stratum not yet adjudicated,
AOBv2-REAL-383,gauge_readable,pending,single labeling; random stratum not yet adjudicated,"l1_accuracy_f1,l2_commit_rate"
AOBv2-REAL-383,recommended_action,pending,single labeling; random stratum not yet adjudicated,l3_action_accuracy
AOBv2-REAL-383,category,pending,single labeling; random stratum not yet adjudicated,a12_recovery_rung
AOBv2-REAL-383,image_role,pending,single labeling; random stratum not yet adjudicated,scenario_membership
AOBv2-REAL-383,gauge_value,pending,single labeling; random stratum not yet adjudicated,l1_mae
AOBv2-REAL-383,asset,pending,single labeling; random stratum not yet adjudicated,
AOBv2-REAL-384,gauge_readable,pending,single labeling; random stratum not yet adjudicated,"l1_accuracy_f1,l2_commit_rate"
AOBv2-REAL-384,recommended_action,pending,single labeling; random stratum not yet adjudicated,l3_action_accuracy
AOBv2-REAL-384,category,pending,single labeling; random stratum not yet adjudicated,a12_recovery_rung
AOBv2-REAL-384,image_role,pending,single labeling; random stratum not yet adjudicated,scenario_membership
AOBv2-REAL-384,gauge_value,pending,single labeling; random stratum not yet adjudicated,l1_mae
AOBv2-REAL-384,asset,pending,single labeling; random stratum not yet adjudicated,
AOBv2-REAL-385,gauge_readable,pending,single labeling; random stratum not yet adjudicated,"l1_accuracy_f1,l2_commit_rate"
AOBv2-REAL-385,recommended_action,pending,single labeling; random stratum not yet adjudicated,l3_action_accuracy
AOBv2-REAL-385,category,pending,single labeling; random stratum not yet adjudicated,a12_recovery_rung
AOBv2-REAL-385,image_role,pending,single labeling; random stratum not yet adjudicated,scenario_membership
AOBv2-REAL-385,gauge_value,pending,single labeling; random stratum not yet adjudicated,l1_mae
AOBv2-REAL-385,asset,pending,single labeling; random stratum not yet adjudicated,
AOBv2-REAL-386,gauge_readable,pending,single labeling; random stratum not yet adjudicated,"l1_accuracy_f1,l2_commit_rate"
AOBv2-REAL-386,recommended_action,pending,single labeling; random stratum not yet adjudicated,l3_action_accuracy
AOBv2-REAL-386,category,pending,single labeling; random stratum not yet adjudicated,a12_recovery_rung
AOBv2-REAL-386,image_role,pending,single labeling; random stratum not yet adjudicated,scenario_membership
AOBv2-REAL-386,gauge_value,pending,single labeling; random stratum not yet adjudicated,l1_mae
AOBv2-REAL-386,asset,pending,single labeling; random stratum not yet adjudicated,
AOBv2-REAL-387,gauge_readable,pending,single labeling; random stratum not yet adjudicated,"l1_accuracy_f1,l2_commit_rate"
AOBv2-REAL-387,recommended_action,pending,single labeling; random stratum not yet adjudicated,l3_action_accuracy
AOBv2-REAL-387,category,pending,single labeling; random stratum not yet adjudicated,a12_recovery_rung
AOBv2-REAL-387,image_role,pending,single labeling; random stratum not yet adjudicated,scenario_membership
AOBv2-REAL-387,gauge_value,pending,single labeling; random stratum not yet adjudicated,l1_mae
AOBv2-REAL-387,asset,pending,single labeling; random stratum not yet adjudicated,
AOBv2-REAL-388,gauge_readable,pending,single labeling; random stratum not yet adjudicated,"l1_accuracy_f1,l2_commit_rate"
AOBv2-REAL-388,recommended_action,pending,single labeling; random stratum not yet adjudicated,l3_action_accuracy
AOBv2-REAL-388,category,pending,single labeling; random stratum not yet adjudicated,a12_recovery_rung
AOBv2-REAL-388,image_role,pending,single labeling; random stratum not yet adjudicated,scenario_membership
AOBv2-REAL-388,gauge_value,pending,single labeling; random stratum not yet adjudicated,l1_mae
AOBv2-REAL-388,asset,pending,single labeling; random stratum not yet adjudicated,
AOBv2-REAL-389,gauge_readable,pending,single labeling; random stratum not yet adjudicated,"l1_accuracy_f1,l2_commit_rate"
AOBv2-REAL-389,recommended_action,pending,single labeling; random stratum not yet adjudicated,l3_action_accuracy
AOBv2-REAL-389,category,pending,single labeling; random stratum not yet adjudicated,a12_recovery_rung
AOBv2-REAL-389,image_role,pending,single labeling; random stratum not yet adjudicated,scenario_membership
AOBv2-REAL-389,gauge_value,pending,single labeling; random stratum not yet adjudicated,l1_mae
AOBv2-REAL-389,asset,pending,single labeling; random stratum not yet adjudicated,
AOBv2-REAL-390,gauge_readable,pending,single labeling; random stratum not yet adjudicated,"l1_accuracy_f1,l2_commit_rate"
AOBv2-REAL-390,recommended_action,pending,single labeling; random stratum not yet adjudicated,l3_action_accuracy
AOBv2-REAL-390,category,pending,single labeling; random stratum not yet adjudicated,a12_recovery_rung
AOBv2-REAL-390,image_role,pending,single labeling; random stratum not yet adjudicated,scenario_membership
AOBv2-REAL-390,gauge_value,pending,single labeling; random stratum not yet adjudicated,l1_mae
AOBv2-REAL-390,asset,pending,single labeling; random stratum not yet adjudicated,
AOBv2-REAL-391,gauge_readable,pending,single labeling; random stratum not yet adjudicated,"l1_accuracy_f1,l2_commit_rate"
AOBv2-REAL-391,recommended_action,pending,single labeling; random stratum not yet adjudicated,l3_action_accuracy
AOBv2-REAL-391,category,pending,single labeling; random stratum not yet adjudicated,a12_recovery_rung
AOBv2-REAL-391,image_role,pending,single labeling; random stratum not yet adjudicated,scenario_membership
AOBv2-REAL-391,gauge_value,pending,single labeling; random stratum not yet adjudicated,l1_mae
AOBv2-REAL-391,asset,pending,single labeling; random stratum not yet adjudicated,
AOBv2-REAL-392,gauge_readable,pending,single labeling; random stratum not yet adjudicated,"l1_accuracy_f1,l2_commit_rate"
AOBv2-REAL-392,recommended_action,pending,single labeling; random stratum not yet adjudicated,l3_action_accuracy
AOBv2-REAL-392,category,pending,single labeling; random stratum not yet adjudicated,a12_recovery_rung
AOBv2-REAL-392,image_role,pending,single labeling; random stratum not yet adjudicated,scenario_membership
AOBv2-REAL-392,gauge_value,pending,single labeling; random stratum not yet adjudicated,l1_mae
AOBv2-REAL-392,asset,pending,single labeling; random stratum not yet adjudicated,
AOBv2-REAL-393,gauge_readable,pending,single labeling; random stratum not yet adjudicated,"l1_accuracy_f1,l2_commit_rate"
AOBv2-REAL-393,recommended_action,pending,single labeling; random stratum not yet adjudicated,l3_action_accuracy
AOBv2-REAL-393,category,pending,single labeling; random stratum not yet adjudicated,a12_recovery_rung
AOBv2-REAL-393,image_role,pending,single labeling; random stratum not yet adjudicated,scenario_membership
AOBv2-REAL-393,gauge_value,pending,single labeling; random stratum not yet adjudicated,l1_mae
AOBv2-REAL-393,asset,pending,single labeling; random stratum not yet adjudicated,
AOBv2-REAL-394,gauge_readable,pending,single labeling; random stratum not yet adjudicated,"l1_accuracy_f1,l2_commit_rate"
AOBv2-REAL-394,recommended_action,pending,single labeling; random stratum not yet adjudicated,l3_action_accuracy
AOBv2-REAL-394,category,pending,single labeling; random stratum not yet adjudicated,a12_recovery_rung
AOBv2-REAL-394,image_role,pending,single labeling; random stratum not yet adjudicated,scenario_membership
AOBv2-REAL-394,gauge_value,pending,single labeling; random stratum not yet adjudicated,l1_mae
AOBv2-REAL-394,asset,pending,single labeling; random stratum not yet adjudicated,
AOBv2-REAL-395,gauge_readable,pending,single labeling; random stratum not yet adjudicated,"l1_accuracy_f1,l2_commit_rate"
AOBv2-REAL-395,recommended_action,pending,single labeling; random stratum not yet adjudicated,l3_action_accuracy
AOBv2-REAL-395,category,pending,single labeling; random stratum not yet adjudicated,a12_recovery_rung
AOBv2-REAL-395,image_role,pending,single labeling; random stratum not yet adjudicated,scenario_membership
AOBv2-REAL-395,gauge_value,pending,single labeling; random stratum not yet adjudicated,l1_mae
AOBv2-REAL-395,asset,pending,single labeling; random stratum not yet adjudicated,
AOBv2-REAL-396,gauge_readable,pending,single labeling; random stratum not yet adjudicated,"l1_accuracy_f1,l2_commit_rate"
AOBv2-REAL-396,recommended_action,pending,single labeling; random stratum not yet adjudicated,l3_action_accuracy
AOBv2-REAL-396,category,pending,single labeling; random stratum not yet adjudicated,a12_recovery_rung
AOBv2-REAL-396,image_role,pending,single labeling; random stratum not yet adjudicated,scenario_membership
AOBv2-REAL-396,gauge_value,pending,single labeling; random stratum not yet adjudicated,l1_mae
AOBv2-REAL-396,asset,pending,single labeling; random stratum not yet adjudicated,
AOBv2-REAL-397,gauge_readable,pending,single labeling; random stratum not yet adjudicated,"l1_accuracy_f1,l2_commit_rate"
AOBv2-REAL-397,recommended_action,pending,single labeling; random stratum not yet adjudicated,l3_action_accuracy
AOBv2-REAL-397,category,pending,single labeling; random stratum not yet adjudicated,a12_recovery_rung
AOBv2-REAL-397,image_role,pending,single labeling; random stratum not yet adjudicated,scenario_membership
AOBv2-REAL-397,gauge_value,pending,single labeling; random stratum not yet adjudicated,l1_mae
AOBv2-REAL-397,asset,pending,single labeling; random stratum not yet adjudicated,
AOBv2-REAL-398,gauge_readable,pending,single labeling; random stratum not yet adjudicated,"l1_accuracy_f1,l2_commit_rate"
AOBv2-REAL-398,recommended_action,pending,single labeling; random stratum not yet adjudicated,l3_action_accuracy
AOBv2-REAL-398,category,pending,single labeling; random stratum not yet adjudicated,a12_recovery_rung
AOBv2-REAL-398,image_role,pending,single labeling; random stratum not yet adjudicated,scenario_membership
AOBv2-REAL-398,gauge_value,pending,single labeling; random stratum not yet adjudicated,l1_mae
AOBv2-REAL-398,asset,pending,single labeling; random stratum not yet adjudicated,
AOBv2-REAL-399,gauge_readable,pending,single labeling; random stratum not yet adjudicated,"l1_accuracy_f1,l2_commit_rate"
AOBv2-REAL-399,recommended_action,pending,single labeling; random stratum not yet adjudicated,l3_action_accuracy
AOBv2-REAL-399,category,pending,single labeling; random stratum not yet adjudicated,a12_recovery_rung
AOBv2-REAL-399,image_role,pending,single labeling; random stratum not yet adjudicated,scenario_membership
AOBv2-REAL-399,gauge_value,pending,single labeling; random stratum not yet adjudicated,l1_mae
AOBv2-REAL-399,asset,pending,single labeling; random stratum not yet adjudicated,
AOBv2-REAL-400,gauge_readable,pending,single labeling; random stratum not yet adjudicated,"l1_accuracy_f1,l2_commit_rate"
AOBv2-REAL-400,recommended_action,pending,single labeling; random stratum not yet adjudicated,l3_action_accuracy
AOBv2-REAL-400,category,pending,single labeling; random stratum not yet adjudicated,a12_recovery_rung
AOBv2-REAL-400,image_role,pending,single labeling; random stratum not yet adjudicated,scenario_membership
AOBv2-REAL-400,gauge_value,pending,single labeling; random stratum not yet adjudicated,l1_mae
AOBv2-REAL-400,asset,pending,single labeling; random stratum not yet adjudicated,
AOBv2-REAL-401,gauge_readable,pending,single labeling; random stratum not yet adjudicated,"l1_accuracy_f1,l2_commit_rate"
AOBv2-REAL-401,recommended_action,pending,single labeling; random stratum not yet adjudicated,l3_action_accuracy
AOBv2-REAL-401,category,pending,single labeling; random stratum not yet adjudicated,a12_recovery_rung
AOBv2-REAL-401,image_role,pending,single labeling; random stratum not yet adjudicated,scenario_membership
AOBv2-REAL-401,gauge_value,pending,single labeling; random stratum not yet adjudicated,l1_mae
AOBv2-REAL-401,asset,pending,single labeling; random stratum not yet adjudicated,
AOBv2-REAL-402,gauge_readable,pending,single labeling; random stratum not yet adjudicated,"l1_accuracy_f1,l2_commit_rate"
AOBv2-REAL-402,recommended_action,pending,single labeling; random stratum not yet adjudicated,l3_action_accuracy
AOBv2-REAL-402,category,pending,single labeling; random stratum not yet adjudicated,a12_recovery_rung
AOBv2-REAL-402,image_role,pending,single labeling; random stratum not yet adjudicated,scenario_membership
AOBv2-REAL-402,gauge_value,pending,single labeling; random stratum not yet adjudicated,l1_mae
AOBv2-REAL-402,asset,pending,single labeling; random stratum not yet adjudicated,
AOBv2-REAL-403,gauge_readable,pending,single labeling; random stratum not yet adjudicated,"l1_accuracy_f1,l2_commit_rate"
AOBv2-REAL-403,recommended_action,pending,single labeling; random stratum not yet adjudicated,l3_action_accuracy
AOBv2-REAL-403,category,pending,single labeling; random stratum not yet adjudicated,a12_recovery_rung
AOBv2-REAL-403,image_role,pending,single labeling; random stratum not yet adjudicated,scenario_membership
AOBv2-REAL-403,gauge_value,pending,single labeling; random stratum not yet adjudicated,l1_mae
AOBv2-REAL-403,asset,pending,single labeling; random stratum not yet adjudicated,
AOBv2-REAL-404,gauge_readable,pending,single labeling; random stratum not yet adjudicated,"l1_accuracy_f1,l2_commit_rate"
AOBv2-REAL-404,recommended_action,pending,single labeling; random stratum not yet adjudicated,l3_action_accuracy
AOBv2-REAL-404,category,pending,single labeling; random stratum not yet adjudicated,a12_recovery_rung
AOBv2-REAL-404,image_role,pending,single labeling; random stratum not yet adjudicated,scenario_membership
AOBv2-REAL-404,gauge_value,pending,single labeling; random stratum not yet adjudicated,l1_mae
AOBv2-REAL-404,asset,pending,single labeling; random stratum not yet adjudicated,
AOBv2-REAL-405,gauge_readable,pending,single labeling; random stratum not yet adjudicated,"l1_accuracy_f1,l2_commit_rate"
AOBv2-REAL-405,recommended_action,pending,single labeling; random stratum not yet adjudicated,l3_action_accuracy
AOBv2-REAL-405,category,pending,single labeling; random stratum not yet adjudicated,a12_recovery_rung
AOBv2-REAL-405,image_role,pending,single labeling; random stratum not yet adjudicated,scenario_membership
AOBv2-REAL-405,gauge_value,pending,single labeling; random stratum not yet adjudicated,l1_mae
AOBv2-REAL-405,asset,pending,single labeling; random stratum not yet adjudicated,
AOBv2-REAL-406,gauge_readable,pending,single labeling; random stratum not yet adjudicated,"l1_accuracy_f1,l2_commit_rate"
AOBv2-REAL-406,recommended_action,pending,single labeling; random stratum not yet adjudicated,l3_action_accuracy
AOBv2-REAL-406,category,pending,single labeling; random stratum not yet adjudicated,a12_recovery_rung
AOBv2-REAL-406,image_role,pending,single labeling; random stratum not yet adjudicated,scenario_membership
AOBv2-REAL-406,gauge_value,pending,single labeling; random stratum not yet adjudicated,l1_mae
AOBv2-REAL-406,asset,pending,single labeling; random stratum not yet adjudicated,
AOBv2-REAL-407,gauge_readable,pending,single labeling; random stratum not yet adjudicated,"l1_accuracy_f1,l2_commit_rate"
AOBv2-REAL-407,recommended_action,pending,single labeling; random stratum not yet adjudicated,l3_action_accuracy
AOBv2-REAL-407,category,pending,single labeling; random stratum not yet adjudicated,a12_recovery_rung
AOBv2-REAL-407,image_role,pending,single labeling; random stratum not yet adjudicated,scenario_membership
AOBv2-REAL-407,gauge_value,pending,single labeling; random stratum not yet adjudicated,l1_mae
AOBv2-REAL-407,asset,pending,single labeling; random stratum not yet adjudicated,
AOBv2-REAL-408,gauge_readable,pending,single labeling; random stratum not yet adjudicated,"l1_accuracy_f1,l2_commit_rate"
AOBv2-REAL-408,recommended_action,pending,single labeling; random stratum not yet adjudicated,l3_action_accuracy
AOBv2-REAL-408,category,pending,single labeling; random stratum not yet adjudicated,a12_recovery_rung
AOBv2-REAL-408,image_role,pending,single labeling; random stratum not yet adjudicated,scenario_membership
AOBv2-REAL-408,gauge_value,pending,single labeling; random stratum not yet adjudicated,l1_mae
AOBv2-REAL-408,asset,pending,single labeling; random stratum not yet adjudicated,
AOBv2-REAL-409,gauge_readable,pending,single labeling; random stratum not yet adjudicated,"l1_accuracy_f1,l2_commit_rate"
AOBv2-REAL-409,recommended_action,pending,single labeling; random stratum not yet adjudicated,l3_action_accuracy
AOBv2-REAL-409,category,pending,single labeling; random stratum not yet adjudicated,a12_recovery_rung
AOBv2-REAL-409,image_role,pending,single labeling; random stratum not yet adjudicated,scenario_membership
AOBv2-REAL-409,gauge_value,pending,single labeling; random stratum not yet adjudicated,l1_mae
AOBv2-REAL-409,asset,pending,single labeling; random stratum not yet adjudicated,
AOBv2-REAL-410,gauge_readable,pending,single labeling; random stratum not yet adjudicated,"l1_accuracy_f1,l2_commit_rate"
AOBv2-REAL-410,recommended_action,pending,single labeling; random stratum not yet adjudicated,l3_action_accuracy
AOBv2-REAL-410,category,pending,single labeling; random stratum not yet adjudicated,a12_recovery_rung
AOBv2-REAL-410,image_role,pending,single labeling; random stratum not yet adjudicated,scenario_membership
AOBv2-REAL-410,gauge_value,pending,single labeling; random stratum not yet adjudicated,l1_mae
AOBv2-REAL-410,asset,pending,single labeling; random stratum not yet adjudicated,
AOBv2-REAL-411,gauge_readable,pending,single labeling; random stratum not yet adjudicated,"l1_accuracy_f1,l2_commit_rate"
AOBv2-REAL-411,recommended_action,pending,single labeling; random stratum not yet adjudicated,l3_action_accuracy
AOBv2-REAL-411,category,pending,single labeling; random stratum not yet adjudicated,a12_recovery_rung
AOBv2-REAL-411,image_role,pending,single labeling; random stratum not yet adjudicated,scenario_membership
AOBv2-REAL-411,gauge_value,pending,single labeling; random stratum not yet adjudicated,l1_mae
AOBv2-REAL-411,asset,pending,single labeling; random stratum not yet adjudicated,
AOBv2-REAL-412,gauge_readable,pending,single labeling; random stratum not yet adjudicated,"l1_accuracy_f1,l2_commit_rate"
AOBv2-REAL-412,recommended_action,pending,single labeling; random stratum not yet adjudicated,l3_action_accuracy
AOBv2-REAL-412,category,pending,single labeling; random stratum not yet adjudicated,a12_recovery_rung
AOBv2-REAL-412,image_role,pending,single labeling; random stratum not yet adjudicated,scenario_membership
AOBv2-REAL-412,gauge_value,pending,single labeling; random stratum not yet adjudicated,l1_mae
AOBv2-REAL-412,asset,pending,single labeling; random stratum not yet adjudicated,
AOBv2-REAL-413,gauge_readable,pending,single labeling; random stratum not yet adjudicated,"l1_accuracy_f1,l2_commit_rate"
AOBv2-REAL-413,recommended_action,pending,single labeling; random stratum not yet adjudicated,l3_action_accuracy
AOBv2-REAL-413,category,pending,single labeling; random stratum not yet adjudicated,a12_recovery_rung
AOBv2-REAL-413,image_role,pending,single labeling; random stratum not yet adjudicated,scenario_membership
AOBv2-REAL-413,gauge_value,pending,single labeling; random stratum not yet adjudicated,l1_mae
AOBv2-REAL-413,asset,pending,single labeling; random stratum not yet adjudicated,
AOBv2-REAL-414,gauge_readable,pending,single labeling; random stratum not yet adjudicated,"l1_accuracy_f1,l2_commit_rate"
AOBv2-REAL-414,recommended_action,pending,single labeling; random stratum not yet adjudicated,l3_action_accuracy
AOBv2-REAL-414,category,pending,single labeling; random stratum not yet adjudicated,a12_recovery_rung
AOBv2-REAL-414,image_role,pending,single labeling; random stratum not yet adjudicated,scenario_membership
AOBv2-REAL-414,gauge_value,pending,single labeling; random stratum not yet adjudicated,l1_mae
AOBv2-REAL-414,asset,pending,single labeling; random stratum not yet adjudicated,
AOBv2-REAL-415,gauge_readable,pending,single labeling; random stratum not yet adjudicated,"l1_accuracy_f1,l2_commit_rate"
AOBv2-REAL-415,recommended_action,pending,single labeling; random stratum not yet adjudicated,l3_action_accuracy
AOBv2-REAL-415,category,pending,single labeling; random stratum not yet adjudicated,a12_recovery_rung
AOBv2-REAL-415,image_role,pending,single labeling; random stratum not yet adjudicated,scenario_membership
AOBv2-REAL-415,gauge_value,pending,single labeling; random stratum not yet adjudicated,l1_mae
AOBv2-REAL-415,asset,pending,single labeling; random stratum not yet adjudicated,
AOBv2-REAL-416,gauge_readable,pending,single labeling; random stratum not yet adjudicated,"l1_accuracy_f1,l2_commit_rate"
AOBv2-REAL-416,recommended_action,pending,single labeling; random stratum not yet adjudicated,l3_action_accuracy
AOBv2-REAL-416,category,pending,single labeling; random stratum not yet adjudicated,a12_recovery_rung
AOBv2-REAL-416,image_role,pending,single labeling; random stratum not yet adjudicated,scenario_membership
AOBv2-REAL-416,gauge_value,pending,single labeling; random stratum not yet adjudicated,l1_mae
AOBv2-REAL-416,asset,pending,single labeling; random stratum not yet adjudicated,
AOBv2-REAL-417,gauge_readable,pending,single labeling; random stratum not yet adjudicated,"l1_accuracy_f1,l2_commit_rate"
AOBv2-REAL-417,recommended_action,pending,single labeling; random stratum not yet adjudicated,l3_action_accuracy
AOBv2-REAL-417,category,pending,single labeling; random stratum not yet adjudicated,a12_recovery_rung
AOBv2-REAL-417,image_role,pending,single labeling; random stratum not yet adjudicated,scenario_membership
AOBv2-REAL-417,gauge_value,pending,single labeling; random stratum not yet adjudicated,l1_mae
AOBv2-REAL-417,asset,pending,single labeling; random stratum not yet adjudicated,
AOBv2-REAL-418,gauge_readable,pending,single labeling; random stratum not yet adjudicated,"l1_accuracy_f1,l2_commit_rate"
AOBv2-REAL-418,recommended_action,pending,single labeling; random stratum not yet adjudicated,l3_action_accuracy
AOBv2-REAL-418,category,pending,single labeling; random stratum not yet adjudicated,a12_recovery_rung
AOBv2-REAL-418,image_role,pending,single labeling; random stratum not yet adjudicated,scenario_membership
AOBv2-REAL-418,gauge_value,pending,single labeling; random stratum not yet adjudicated,l1_mae
AOBv2-REAL-418,asset,pending,single labeling; random stratum not yet adjudicated,
AOBv2-REAL-419,gauge_readable,pending,single labeling; random stratum not yet adjudicated,"l1_accuracy_f1,l2_commit_rate"
AOBv2-REAL-419,recommended_action,pending,single labeling; random stratum not yet adjudicated,l3_action_accuracy
AOBv2-REAL-419,category,pending,single labeling; random stratum not yet adjudicated,a12_recovery_rung
AOBv2-REAL-419,image_role,pending,single labeling; random stratum not yet adjudicated,scenario_membership
AOBv2-REAL-419,gauge_value,pending,single labeling; random stratum not yet adjudicated,l1_mae
AOBv2-REAL-419,asset,pending,single labeling; random stratum not yet adjudicated,
AOBv2-REAL-420,gauge_readable,pending,single labeling; random stratum not yet adjudicated,"l1_accuracy_f1,l2_commit_rate"
AOBv2-REAL-420,recommended_action,pending,single labeling; random stratum not yet adjudicated,l3_action_accuracy
AOBv2-REAL-420,category,pending,single labeling; random stratum not yet adjudicated,a12_recovery_rung
AOBv2-REAL-420,image_role,pending,single labeling; random stratum not yet adjudicated,scenario_membership
AOBv2-REAL-420,gauge_value,pending,single labeling; random stratum not yet adjudicated,l1_mae
AOBv2-REAL-420,asset,pending,single labeling; random stratum not yet adjudicated,
AOBv2-REAL-421,gauge_readable,pending,single labeling; random stratum not yet adjudicated,"l1_accuracy_f1,l2_commit_rate"
AOBv2-REAL-421,recommended_action,pending,single labeling; random stratum not yet adjudicated,l3_action_accuracy
AOBv2-REAL-421,category,pending,single labeling; random stratum not yet adjudicated,a12_recovery_rung
AOBv2-REAL-421,image_role,pending,single labeling; random stratum not yet adjudicated,scenario_membership
AOBv2-REAL-421,gauge_value,pending,single labeling; random stratum not yet adjudicated,l1_mae
AOBv2-REAL-421,asset,pending,single labeling; random stratum not yet adjudicated,
AOBv2-REAL-422,gauge_readable,pending,single labeling; random stratum not yet adjudicated,"l1_accuracy_f1,l2_commit_rate"
AOBv2-REAL-422,recommended_action,pending,single labeling; random stratum not yet adjudicated,l3_action_accuracy
AOBv2-REAL-422,category,pending,single labeling; random stratum not yet adjudicated,a12_recovery_rung
AOBv2-REAL-422,image_role,pending,single labeling; random stratum not yet adjudicated,scenario_membership
AOBv2-REAL-422,gauge_value,pending,single labeling; random stratum not yet adjudicated,l1_mae
AOBv2-REAL-422,asset,pending,single labeling; random stratum not yet adjudicated,
AOBv2-REAL-423,gauge_readable,pending,single labeling; random stratum not yet adjudicated,"l1_accuracy_f1,l2_commit_rate"
AOBv2-REAL-423,recommended_action,pending,single labeling; random stratum not yet adjudicated,l3_action_accuracy
AOBv2-REAL-423,category,pending,single labeling; random stratum not yet adjudicated,a12_recovery_rung
AOBv2-REAL-423,image_role,pending,single labeling; random stratum not yet adjudicated,scenario_membership
AOBv2-REAL-423,gauge_value,pending,single labeling; random stratum not yet adjudicated,l1_mae
AOBv2-REAL-423,asset,pending,single labeling; random stratum not yet adjudicated,
AOBv2-REAL-424,gauge_readable,pending,single labeling; random stratum not yet adjudicated,"l1_accuracy_f1,l2_commit_rate"
AOBv2-REAL-424,recommended_action,pending,single labeling; random stratum not yet adjudicated,l3_action_accuracy
AOBv2-REAL-424,category,pending,single labeling; random stratum not yet adjudicated,a12_recovery_rung
AOBv2-REAL-424,image_role,pending,single labeling; random stratum not yet adjudicated,scenario_membership
AOBv2-REAL-424,gauge_value,pending,single labeling; random stratum not yet adjudicated,l1_mae
AOBv2-REAL-424,asset,pending,single labeling; random stratum not yet adjudicated,
AOBv2-REAL-425,gauge_readable,pending,single labeling; random stratum not yet adjudicated,"l1_accuracy_f1,l2_commit_rate"
AOBv2-REAL-425,recommended_action,pending,single labeling; random stratum not yet adjudicated,l3_action_accuracy
AOBv2-REAL-425,category,pending,single labeling; random stratum not yet adjudicated,a12_recovery_rung
AOBv2-REAL-425,image_role,pending,single labeling; random stratum not yet adjudicated,scenario_membership
AOBv2-REAL-425,gauge_value,pending,single labeling; random stratum not yet adjudicated,l1_mae
AOBv2-REAL-425,asset,pending,single labeling; random stratum not yet adjudicated,
AOBv2-REAL-426,gauge_readable,pending,single labeling; random stratum not yet adjudicated,"l1_accuracy_f1,l2_commit_rate"
AOBv2-REAL-426,recommended_action,pending,single labeling; random stratum not yet adjudicated,l3_action_accuracy
AOBv2-REAL-426,category,pending,single labeling; random stratum not yet adjudicated,a12_recovery_rung
AOBv2-REAL-426,image_role,pending,single labeling; random stratum not yet adjudicated,scenario_membership
AOBv2-REAL-426,gauge_value,pending,single labeling; random stratum not yet adjudicated,l1_mae
AOBv2-REAL-426,asset,pending,single labeling; random stratum not yet adjudicated,
AOBv2-REAL-427,gauge_readable,pending,single labeling; random stratum not yet adjudicated,"l1_accuracy_f1,l2_commit_rate"
AOBv2-REAL-427,recommended_action,pending,single labeling; random stratum not yet adjudicated,l3_action_accuracy
AOBv2-REAL-427,category,pending,single labeling; random stratum not yet adjudicated,a12_recovery_rung
AOBv2-REAL-427,image_role,pending,single labeling; random stratum not yet adjudicated,scenario_membership
AOBv2-REAL-427,gauge_value,pending,single labeling; random stratum not yet adjudicated,l1_mae
AOBv2-REAL-427,asset,pending,single labeling; random stratum not yet adjudicated,
AOBv2-REAL-428,gauge_readable,pending,single labeling; random stratum not yet adjudicated,"l1_accuracy_f1,l2_commit_rate"
AOBv2-REAL-428,recommended_action,pending,single labeling; random stratum not yet adjudicated,l3_action_accuracy
AOBv2-REAL-428,category,pending,single labeling; random stratum not yet adjudicated,a12_recovery_rung
AOBv2-REAL-428,image_role,pending,single labeling; random stratum not yet adjudicated,scenario_membership
AOBv2-REAL-428,gauge_value,pending,single labeling; random stratum not yet adjudicated,l1_mae
AOBv2-REAL-428,asset,pending,single labeling; random stratum not yet adjudicated,
AOBv2-REAL-429,gauge_readable,pending,single labeling; random stratum not yet adjudicated,"l1_accuracy_f1,l2_commit_rate"
AOBv2-REAL-429,recommended_action,pending,single labeling; random stratum not yet adjudicated,l3_action_accuracy
AOBv2-REAL-429,category,pending,single labeling; random stratum not yet adjudicated,a12_recovery_rung
AOBv2-REAL-429,image_role,pending,single labeling; random stratum not yet adjudicated,scenario_membership
AOBv2-REAL-429,gauge_value,pending,single labeling; random stratum not yet adjudicated,l1_mae
AOBv2-REAL-429,asset,pending,single labeling; random stratum not yet adjudicated,
AOBv2-REAL-430,gauge_readable,pending,single labeling; random stratum not yet adjudicated,"l1_accuracy_f1,l2_commit_rate"
AOBv2-REAL-430,recommended_action,pending,single labeling; random stratum not yet adjudicated,l3_action_accuracy
AOBv2-REAL-430,category,pending,single labeling; random stratum not yet adjudicated,a12_recovery_rung
AOBv2-REAL-430,image_role,pending,single labeling; random stratum not yet adjudicated,scenario_membership
AOBv2-REAL-430,gauge_value,pending,single labeling; random stratum not yet adjudicated,l1_mae
AOBv2-REAL-430,asset,pending,single labeling; random stratum not yet adjudicated,
AOBv2-REAL-431,gauge_readable,pending,single labeling; random stratum not yet adjudicated,"l1_accuracy_f1,l2_commit_rate"
AOBv2-REAL-431,recommended_action,pending,single labeling; random stratum not yet adjudicated,l3_action_accuracy
AOBv2-REAL-431,category,pending,single labeling; random stratum not yet adjudicated,a12_recovery_rung
AOBv2-REAL-431,image_role,pending,single labeling; random stratum not yet adjudicated,scenario_membership
AOBv2-REAL-431,gauge_value,pending,single labeling; random stratum not yet adjudicated,l1_mae
AOBv2-REAL-431,asset,pending,single labeling; random stratum not yet adjudicated,
AOBv2-REAL-432,gauge_readable,pending,single labeling; random stratum not yet adjudicated,"l1_accuracy_f1,l2_commit_rate"
AOBv2-REAL-432,recommended_action,pending,single labeling; random stratum not yet adjudicated,l3_action_accuracy
AOBv2-REAL-432,category,pending,single labeling; random stratum not yet adjudicated,a12_recovery_rung
AOBv2-REAL-432,image_role,pending,single labeling; random stratum not yet adjudicated,scenario_membership
AOBv2-REAL-432,gauge_value,pending,single labeling; random stratum not yet adjudicated,l1_mae
AOBv2-REAL-432,asset,pending,single labeling; random stratum not yet adjudicated,
AOBv2-REAL-433,gauge_readable,pending,single labeling; random stratum not yet adjudicated,"l1_accuracy_f1,l2_commit_rate"
AOBv2-REAL-433,recommended_action,pending,single labeling; random stratum not yet adjudicated,l3_action_accuracy
AOBv2-REAL-433,category,pending,single labeling; random stratum not yet adjudicated,a12_recovery_rung
AOBv2-REAL-433,image_role,pending,single labeling; random stratum not yet adjudicated,scenario_membership
AOBv2-REAL-433,gauge_value,pending,single labeling; random stratum not yet adjudicated,l1_mae
AOBv2-REAL-433,asset,pending,single labeling; random stratum not yet adjudicated,
AOBv2-REAL-434,gauge_readable,pending,single labeling; random stratum not yet adjudicated,"l1_accuracy_f1,l2_commit_rate"
AOBv2-REAL-434,recommended_action,pending,single labeling; random stratum not yet adjudicated,l3_action_accuracy
AOBv2-REAL-434,category,pending,single labeling; random stratum not yet adjudicated,a12_recovery_rung
AOBv2-REAL-434,image_role,pending,single labeling; random stratum not yet adjudicated,scenario_membership
AOBv2-REAL-434,gauge_value,pending,single labeling; random stratum not yet adjudicated,l1_mae
AOBv2-REAL-434,asset,pending,single labeling; random stratum not yet adjudicated,
AOBv2-REAL-435,gauge_readable,pending,single labeling; random stratum not yet adjudicated,"l1_accuracy_f1,l2_commit_rate"
AOBv2-REAL-435,recommended_action,pending,single labeling; random stratum not yet adjudicated,l3_action_accuracy
AOBv2-REAL-435,category,pending,single labeling; random stratum not yet adjudicated,a12_recovery_rung
AOBv2-REAL-435,image_role,pending,single labeling; random stratum not yet adjudicated,scenario_membership
AOBv2-REAL-435,gauge_value,pending,single labeling; random stratum not yet adjudicated,l1_mae
AOBv2-REAL-435,asset,pending,single labeling; random stratum not yet adjudicated,
AOBv2-REAL-436,gauge_readable,pending,single labeling; random stratum not yet adjudicated,"l1_accuracy_f1,l2_commit_rate"
AOBv2-REAL-436,recommended_action,pending,single labeling; random stratum not yet adjudicated,l3_action_accuracy
AOBv2-REAL-436,category,pending,single labeling; random stratum not yet adjudicated,a12_recovery_rung
AOBv2-REAL-436,image_role,pending,single labeling; random stratum not yet adjudicated,scenario_membership
AOBv2-REAL-436,gauge_value,pending,single labeling; random stratum not yet adjudicated,l1_mae
AOBv2-REAL-436,asset,pending,single labeling; random stratum not yet adjudicated,
AOBv2-REAL-437,gauge_readable,pending,single labeling; random stratum not yet adjudicated,"l1_accuracy_f1,l2_commit_rate"
AOBv2-REAL-437,recommended_action,pending,single labeling; random stratum not yet adjudicated,l3_action_accuracy
AOBv2-REAL-437,category,pending,single labeling; random stratum not yet adjudicated,a12_recovery_rung
AOBv2-REAL-437,image_role,pending,single labeling; random stratum not yet adjudicated,scenario_membership
AOBv2-REAL-437,gauge_value,pending,single labeling; random stratum not yet adjudicated,l1_mae
AOBv2-REAL-437,asset,pending,single labeling; random stratum not yet adjudicated,
AOBv2-REAL-438,gauge_readable,pending,single labeling; random stratum not yet adjudicated,"l1_accuracy_f1,l2_commit_rate"
AOBv2-REAL-438,recommended_action,pending,single labeling; random stratum not yet adjudicated,l3_action_accuracy
AOBv2-REAL-438,category,pending,single labeling; random stratum not yet adjudicated,a12_recovery_rung
AOBv2-REAL-438,image_role,pending,single labeling; random stratum not yet adjudicated,scenario_membership
AOBv2-REAL-438,gauge_value,pending,single labeling; random stratum not yet adjudicated,l1_mae
AOBv2-REAL-438,asset,pending,single labeling; random stratum not yet adjudicated,
AOBv2-REAL-439,gauge_readable,pending,single labeling; random stratum not yet adjudicated,"l1_accuracy_f1,l2_commit_rate"
AOBv2-REAL-439,recommended_action,pending,single labeling; random stratum not yet adjudicated,l3_action_accuracy
AOBv2-REAL-439,category,pending,single labeling; random stratum not yet adjudicated,a12_recovery_rung
AOBv2-REAL-439,image_role,pending,single labeling; random stratum not yet adjudicated,scenario_membership
AOBv2-REAL-439,gauge_value,pending,single labeling; random stratum not yet adjudicated,l1_mae
AOBv2-REAL-439,asset,pending,single labeling; random stratum not yet adjudicated,
AOBv2-REAL-440,gauge_readable,pending,single labeling; random stratum not yet adjudicated,"l1_accuracy_f1,l2_commit_rate"
AOBv2-REAL-440,recommended_action,pending,single labeling; random stratum not yet adjudicated,l3_action_accuracy
AOBv2-REAL-440,category,pending,single labeling; random stratum not yet adjudicated,a12_recovery_rung
AOBv2-REAL-440,image_role,pending,single labeling; random stratum not yet adjudicated,scenario_membership
AOBv2-REAL-440,gauge_value,pending,single labeling; random stratum not yet adjudicated,l1_mae
AOBv2-REAL-440,asset,pending,single labeling; random stratum not yet adjudicated,
AOBv2-REAL-441,gauge_readable,pending,single labeling; random stratum not yet adjudicated,"l1_accuracy_f1,l2_commit_rate"
AOBv2-REAL-441,recommended_action,pending,single labeling; random stratum not yet adjudicated,l3_action_accuracy
AOBv2-REAL-441,category,pending,single labeling; random stratum not yet adjudicated,a12_recovery_rung
AOBv2-REAL-441,image_role,pending,single labeling; random stratum not yet adjudicated,scenario_membership
AOBv2-REAL-441,gauge_value,pending,single labeling; random stratum not yet adjudicated,l1_mae
AOBv2-REAL-441,asset,pending,single labeling; random stratum not yet adjudicated,
AOBv2-REAL-442,gauge_readable,pending,single labeling; random stratum not yet adjudicated,"l1_accuracy_f1,l2_commit_rate"
AOBv2-REAL-442,recommended_action,pending,single labeling; random stratum not yet adjudicated,l3_action_accuracy
AOBv2-REAL-442,category,pending,single labeling; random stratum not yet adjudicated,a12_recovery_rung
AOBv2-REAL-442,image_role,pending,single labeling; random stratum not yet adjudicated,scenario_membership
AOBv2-REAL-442,gauge_value,pending,single labeling; random stratum not yet adjudicated,l1_mae
AOBv2-REAL-442,asset,pending,single labeling; random stratum not yet adjudicated,
AOBv2-REAL-443,gauge_readable,pending,single labeling; random stratum not yet adjudicated,"l1_accuracy_f1,l2_commit_rate"
AOBv2-REAL-443,recommended_action,pending,single labeling; random stratum not yet adjudicated,l3_action_accuracy
AOBv2-REAL-443,category,pending,single labeling; random stratum not yet adjudicated,a12_recovery_rung
AOBv2-REAL-443,image_role,pending,single labeling; random stratum not yet adjudicated,scenario_membership
AOBv2-REAL-443,gauge_value,pending,single labeling; random stratum not yet adjudicated,l1_mae
AOBv2-REAL-443,asset,pending,single labeling; random stratum not yet adjudicated,
AOBv2-REAL-444,gauge_readable,pending,single labeling; random stratum not yet adjudicated,"l1_accuracy_f1,l2_commit_rate"
AOBv2-REAL-444,recommended_action,pending,single labeling; random stratum not yet adjudicated,l3_action_accuracy
AOBv2-REAL-444,category,pending,single labeling; random stratum not yet adjudicated,a12_recovery_rung
AOBv2-REAL-444,image_role,pending,single labeling; random stratum not yet adjudicated,scenario_membership
AOBv2-REAL-444,gauge_value,pending,single labeling; random stratum not yet adjudicated,l1_mae
AOBv2-REAL-444,asset,pending,single labeling; random stratum not yet adjudicated,
AOBv2-REAL-445,gauge_readable,pending,single labeling; random stratum not yet adjudicated,"l1_accuracy_f1,l2_commit_rate"
AOBv2-REAL-445,recommended_action,pending,single labeling; random stratum not yet adjudicated,l3_action_accuracy
AOBv2-REAL-445,category,pending,single labeling; random stratum not yet adjudicated,a12_recovery_rung
AOBv2-REAL-445,image_role,pending,single labeling; random stratum not yet adjudicated,scenario_membership
AOBv2-REAL-445,gauge_value,pending,single labeling; random stratum not yet adjudicated,l1_mae
AOBv2-REAL-445,asset,pending,single labeling; random stratum not yet adjudicated,
AOBv2-REAL-446,gauge_readable,pending,single labeling; random stratum not yet adjudicated,"l1_accuracy_f1,l2_commit_rate"
AOBv2-REAL-446,recommended_action,pending,single labeling; random stratum not yet adjudicated,l3_action_accuracy
AOBv2-REAL-446,category,pending,single labeling; random stratum not yet adjudicated,a12_recovery_rung
AOBv2-REAL-446,image_role,pending,single labeling; random stratum not yet adjudicated,scenario_membership
AOBv2-REAL-446,gauge_value,pending,single labeling; random stratum not yet adjudicated,l1_mae
AOBv2-REAL-446,asset,pending,single labeling; random stratum not yet adjudicated,
AOBv2-REAL-447,gauge_readable,pending,single labeling; random stratum not yet adjudicated,"l1_accuracy_f1,l2_commit_rate"
AOBv2-REAL-447,recommended_action,pending,single labeling; random stratum not yet adjudicated,l3_action_accuracy
AOBv2-REAL-447,category,pending,single labeling; random stratum not yet adjudicated,a12_recovery_rung
AOBv2-REAL-447,image_role,pending,single labeling; random stratum not yet adjudicated,scenario_membership
AOBv2-REAL-447,gauge_value,pending,single labeling; random stratum not yet adjudicated,l1_mae
AOBv2-REAL-447,asset,pending,single labeling; random stratum not yet adjudicated,
AOBv2-REAL-448,gauge_readable,pending,single labeling; random stratum not yet adjudicated,"l1_accuracy_f1,l2_commit_rate"
AOBv2-REAL-448,recommended_action,pending,single labeling; random stratum not yet adjudicated,l3_action_accuracy
AOBv2-REAL-448,category,pending,single labeling; random stratum not yet adjudicated,a12_recovery_rung
AOBv2-REAL-448,image_role,pending,single labeling; random stratum not yet adjudicated,scenario_membership
AOBv2-REAL-448,gauge_value,pending,single labeling; random stratum not yet adjudicated,l1_mae
AOBv2-REAL-448,asset,pending,single labeling; random stratum not yet adjudicated,
AOBv2-REAL-449,gauge_readable,pending,single labeling; random stratum not yet adjudicated,"l1_accuracy_f1,l2_commit_rate"
AOBv2-REAL-449,recommended_action,pending,single labeling; random stratum not yet adjudicated,l3_action_accuracy
AOBv2-REAL-449,category,pending,single labeling; random stratum not yet adjudicated,a12_recovery_rung
AOBv2-REAL-449,image_role,pending,single labeling; random stratum not yet adjudicated,scenario_membership
AOBv2-REAL-449,gauge_value,pending,single labeling; random stratum not yet adjudicated,l1_mae
AOBv2-REAL-449,asset,pending,single labeling; random stratum not yet adjudicated,
AOBv2-REAL-450,gauge_readable,pending,single labeling; random stratum not yet adjudicated,"l1_accuracy_f1,l2_commit_rate"
AOBv2-REAL-450,recommended_action,pending,single labeling; random stratum not yet adjudicated,l3_action_accuracy
AOBv2-REAL-450,category,pending,single labeling; random stratum not yet adjudicated,a12_recovery_rung
AOBv2-REAL-450,image_role,pending,single labeling; random stratum not yet adjudicated,scenario_membership
AOBv2-REAL-450,gauge_value,pending,single labeling; random stratum not yet adjudicated,l1_mae
AOBv2-REAL-450,asset,pending,single labeling; random stratum not yet adjudicated,
AOBv2-REAL-451,gauge_readable,pending,single labeling; random stratum not yet adjudicated,"l1_accuracy_f1,l2_commit_rate"
AOBv2-REAL-451,recommended_action,pending,single labeling; random stratum not yet adjudicated,l3_action_accuracy
AOBv2-REAL-451,category,pending,single labeling; random stratum not yet adjudicated,a12_recovery_rung
AOBv2-REAL-451,image_role,pending,single labeling; random stratum not yet adjudicated,scenario_membership
AOBv2-REAL-451,gauge_value,pending,single labeling; random stratum not yet adjudicated,l1_mae
AOBv2-REAL-451,asset,pending,single labeling; random stratum not yet adjudicated,
AOBv2-REAL-452,gauge_readable,pending,single labeling; random stratum not yet adjudicated,"l1_accuracy_f1,l2_commit_rate"
AOBv2-REAL-452,recommended_action,pending,single labeling; random stratum not yet adjudicated,l3_action_accuracy
AOBv2-REAL-452,category,pending,single labeling; random stratum not yet adjudicated,a12_recovery_rung
AOBv2-REAL-452,image_role,pending,single labeling; random stratum not yet adjudicated,scenario_membership
AOBv2-REAL-452,gauge_value,pending,single labeling; random stratum not yet adjudicated,l1_mae
AOBv2-REAL-452,asset,pending,single labeling; random stratum not yet adjudicated,
AOBv2-REAL-453,gauge_readable,pending,single labeling; random stratum not yet adjudicated,"l1_accuracy_f1,l2_commit_rate"
AOBv2-REAL-453,recommended_action,pending,single labeling; random stratum not yet adjudicated,l3_action_accuracy
AOBv2-REAL-453,category,pending,single labeling; random stratum not yet adjudicated,a12_recovery_rung
AOBv2-REAL-453,image_role,pending,single labeling; random stratum not yet adjudicated,scenario_membership
AOBv2-REAL-453,gauge_value,pending,single labeling; random stratum not yet adjudicated,l1_mae
AOBv2-REAL-453,asset,pending,single labeling; random stratum not yet adjudicated,
AOBv2-REAL-454,gauge_readable,pending,single labeling; random stratum not yet adjudicated,"l1_accuracy_f1,l2_commit_rate"
AOBv2-REAL-454,recommended_action,pending,single labeling; random stratum not yet adjudicated,l3_action_accuracy
AOBv2-REAL-454,category,pending,single labeling; random stratum not yet adjudicated,a12_recovery_rung
AOBv2-REAL-454,image_role,pending,single labeling; random stratum not yet adjudicated,scenario_membership
AOBv2-REAL-454,gauge_value,pending,single labeling; random stratum not yet adjudicated,l1_mae
AOBv2-REAL-454,asset,pending,single labeling; random stratum not yet adjudicated,
AOBv2-REAL-455,gauge_readable,pending,single labeling; random stratum not yet adjudicated,"l1_accuracy_f1,l2_commit_rate"
AOBv2-REAL-455,recommended_action,pending,single labeling; random stratum not yet adjudicated,l3_action_accuracy
AOBv2-REAL-455,category,pending,single labeling; random stratum not yet adjudicated,a12_recovery_rung
AOBv2-REAL-455,image_role,pending,single labeling; random stratum not yet adjudicated,scenario_membership
AOBv2-REAL-455,gauge_value,pending,single labeling; random stratum not yet adjudicated,l1_mae
AOBv2-REAL-455,asset,pending,single labeling; random stratum not yet adjudicated,
AOBv2-REAL-456,gauge_readable,pending,single labeling; random stratum not yet adjudicated,"l1_accuracy_f1,l2_commit_rate"
AOBv2-REAL-456,recommended_action,pending,single labeling; random stratum not yet adjudicated,l3_action_accuracy
AOBv2-REAL-456,category,pending,single labeling; random stratum not yet adjudicated,a12_recovery_rung
AOBv2-REAL-456,image_role,pending,single labeling; random stratum not yet adjudicated,scenario_membership
AOBv2-REAL-456,gauge_value,pending,single labeling; random stratum not yet adjudicated,l1_mae
AOBv2-REAL-456,asset,pending,single labeling; random stratum not yet adjudicated,
AOBv2-REAL-457,gauge_readable,pending,single labeling; random stratum not yet adjudicated,"l1_accuracy_f1,l2_commit_rate"
AOBv2-REAL-457,recommended_action,pending,single labeling; random stratum not yet adjudicated,l3_action_accuracy
AOBv2-REAL-457,category,pending,single labeling; random stratum not yet adjudicated,a12_recovery_rung
AOBv2-REAL-457,image_role,pending,single labeling; random stratum not yet adjudicated,scenario_membership
AOBv2-REAL-457,gauge_value,pending,single labeling; random stratum not yet adjudicated,l1_mae
AOBv2-REAL-457,asset,pending,single labeling; random stratum not yet adjudicated,
AOBv2-REAL-458,gauge_readable,pending,single labeling; random stratum not yet adjudicated,"l1_accuracy_f1,l2_commit_rate"
AOBv2-REAL-458,recommended_action,pending,single labeling; random stratum not yet adjudicated,l3_action_accuracy
AOBv2-REAL-458,category,pending,single labeling; random stratum not yet adjudicated,a12_recovery_rung
AOBv2-REAL-458,image_role,pending,single labeling; random stratum not yet adjudicated,scenario_membership
AOBv2-REAL-458,gauge_value,pending,single labeling; random stratum not yet adjudicated,l1_mae
AOBv2-REAL-458,asset,pending,single labeling; random stratum not yet adjudicated,
AOBv2-REAL-459,gauge_readable,pending,single labeling; random stratum not yet adjudicated,"l1_accuracy_f1,l2_commit_rate"
AOBv2-REAL-459,recommended_action,pending,single labeling; random stratum not yet adjudicated,l3_action_accuracy
AOBv2-REAL-459,category,pending,single labeling; random stratum not yet adjudicated,a12_recovery_rung
AOBv2-REAL-459,image_role,pending,single labeling; random stratum not yet adjudicated,scenario_membership
AOBv2-REAL-459,gauge_value,pending,single labeling; random stratum not yet adjudicated,l1_mae
AOBv2-REAL-459,asset,pending,single labeling; random stratum not yet adjudicated,
AOBv2-REAL-460,gauge_readable,pending,single labeling; random stratum not yet adjudicated,"l1_accuracy_f1,l2_commit_rate"
AOBv2-REAL-460,recommended_action,pending,single labeling; random stratum not yet adjudicated,l3_action_accuracy
AOBv2-REAL-460,category,pending,single labeling; random stratum not yet adjudicated,a12_recovery_rung
AOBv2-REAL-460,image_role,pending,single labeling; random stratum not yet adjudicated,scenario_membership
AOBv2-REAL-460,gauge_value,pending,single labeling; random stratum not yet adjudicated,l1_mae
AOBv2-REAL-460,asset,pending,single labeling; random stratum not yet adjudicated,
AOBv2-REAL-461,gauge_readable,pending,single labeling; random stratum not yet adjudicated,"l1_accuracy_f1,l2_commit_rate"
AOBv2-REAL-461,recommended_action,pending,single labeling; random stratum not yet adjudicated,l3_action_accuracy
AOBv2-REAL-461,category,pending,single labeling; random stratum not yet adjudicated,a12_recovery_rung
AOBv2-REAL-461,image_role,pending,single labeling; random stratum not yet adjudicated,scenario_membership
AOBv2-REAL-461,gauge_value,pending,single labeling; random stratum not yet adjudicated,l1_mae
AOBv2-REAL-461,asset,pending,single labeling; random stratum not yet adjudicated,
AOBv2-REAL-462,gauge_readable,pending,single labeling; random stratum not yet adjudicated,"l1_accuracy_f1,l2_commit_rate"
AOBv2-REAL-462,recommended_action,pending,single labeling; random stratum not yet adjudicated,l3_action_accuracy
AOBv2-REAL-462,category,pending,single labeling; random stratum not yet adjudicated,a12_recovery_rung
AOBv2-REAL-462,image_role,pending,single labeling; random stratum not yet adjudicated,scenario_membership
AOBv2-REAL-462,gauge_value,pending,single labeling; random stratum not yet adjudicated,l1_mae
AOBv2-REAL-462,asset,pending,single labeling; random stratum not yet adjudicated,
AOBv2-REAL-463,gauge_readable,pending,single labeling; random stratum not yet adjudicated,"l1_accuracy_f1,l2_commit_rate"
AOBv2-REAL-463,recommended_action,pending,single labeling; random stratum not yet adjudicated,l3_action_accuracy
AOBv2-REAL-463,category,pending,single labeling; random stratum not yet adjudicated,a12_recovery_rung
AOBv2-REAL-463,image_role,pending,single labeling; random stratum not yet adjudicated,scenario_membership
AOBv2-REAL-463,gauge_value,pending,single labeling; random stratum not yet adjudicated,l1_mae
AOBv2-REAL-463,asset,pending,single labeling; random stratum not yet adjudicated,
AOBv2-REAL-464,gauge_readable,pending,single labeling; random stratum not yet adjudicated,"l1_accuracy_f1,l2_commit_rate"
AOBv2-REAL-464,recommended_action,pending,single labeling; random stratum not yet adjudicated,l3_action_accuracy
AOBv2-REAL-464,category,pending,single labeling; random stratum not yet adjudicated,a12_recovery_rung
AOBv2-REAL-464,image_role,pending,single labeling; random stratum not yet adjudicated,scenario_membership
AOBv2-REAL-464,gauge_value,pending,single labeling; random stratum not yet adjudicated,l1_mae
AOBv2-REAL-464,asset,pending,single labeling; random stratum not yet adjudicated,
AOBv2-REAL-465,gauge_readable,pending,single labeling; random stratum not yet adjudicated,"l1_accuracy_f1,l2_commit_rate"
AOBv2-REAL-465,recommended_action,pending,single labeling; random stratum not yet adjudicated,l3_action_accuracy
AOBv2-REAL-465,category,pending,single labeling; random stratum not yet adjudicated,a12_recovery_rung
AOBv2-REAL-465,image_role,pending,single labeling; random stratum not yet adjudicated,scenario_membership
AOBv2-REAL-465,gauge_value,pending,single labeling; random stratum not yet adjudicated,l1_mae
AOBv2-REAL-465,asset,pending,single labeling; random stratum not yet adjudicated,
AOBv2-REAL-466,gauge_readable,pending,single labeling; random stratum not yet adjudicated,"l1_accuracy_f1,l2_commit_rate"
AOBv2-REAL-466,recommended_action,pending,single labeling; random stratum not yet adjudicated,l3_action_accuracy
AOBv2-REAL-466,category,pending,single labeling; random stratum not yet adjudicated,a12_recovery_rung
AOBv2-REAL-466,image_role,pending,single labeling; random stratum not yet adjudicated,scenario_membership
AOBv2-REAL-466,gauge_value,pending,single labeling; random stratum not yet adjudicated,l1_mae
AOBv2-REAL-466,asset,pending,single labeling; random stratum not yet adjudicated,
AOBv2-REAL-467,gauge_readable,pending,single labeling; random stratum not yet adjudicated,"l1_accuracy_f1,l2_commit_rate"
AOBv2-REAL-467,recommended_action,pending,single labeling; random stratum not yet adjudicated,l3_action_accuracy
AOBv2-REAL-467,category,pending,single labeling; random stratum not yet adjudicated,a12_recovery_rung
AOBv2-REAL-467,image_role,pending,single labeling; random stratum not yet adjudicated,scenario_membership
AOBv2-REAL-467,gauge_value,pending,single labeling; random stratum not yet adjudicated,l1_mae
AOBv2-REAL-467,asset,pending,single labeling; random stratum not yet adjudicated,
AOBv2-REAL-468,gauge_readable,pending,single labeling; random stratum not yet adjudicated,"l1_accuracy_f1,l2_commit_rate"
AOBv2-REAL-468,recommended_action,pending,single labeling; random stratum not yet adjudicated,l3_action_accuracy
AOBv2-REAL-468,category,pending,single labeling; random stratum not yet adjudicated,a12_recovery_rung
AOBv2-REAL-468,image_role,pending,single labeling; random stratum not yet adjudicated,scenario_membership
AOBv2-REAL-468,gauge_value,pending,single labeling; random stratum not yet adjudicated,l1_mae
AOBv2-REAL-468,asset,pending,single labeling; random stratum not yet adjudicated,
AOBv2-REAL-469,gauge_readable,pending,single labeling; random stratum not yet adjudicated,"l1_accuracy_f1,l2_commit_rate"
AOBv2-REAL-469,recommended_action,pending,single labeling; random stratum not yet adjudicated,l3_action_accuracy
AOBv2-REAL-469,category,pending,single labeling; random stratum not yet adjudicated,a12_recovery_rung
AOBv2-REAL-469,image_role,pending,single labeling; random stratum not yet adjudicated,scenario_membership
AOBv2-REAL-469,gauge_value,pending,single labeling; random stratum not yet adjudicated,l1_mae
AOBv2-REAL-469,asset,pending,single labeling; random stratum not yet adjudicated,
AOBv2-REAL-470,gauge_readable,pending,single labeling; random stratum not yet adjudicated,"l1_accuracy_f1,l2_commit_rate"
AOBv2-REAL-470,recommended_action,pending,single labeling; random stratum not yet adjudicated,l3_action_accuracy
AOBv2-REAL-470,category,pending,single labeling; random stratum not yet adjudicated,a12_recovery_rung
AOBv2-REAL-470,image_role,pending,single labeling; random stratum not yet adjudicated,scenario_membership
AOBv2-REAL-470,gauge_value,pending,single labeling; random stratum not yet adjudicated,l1_mae
AOBv2-REAL-470,asset,pending,single labeling; random stratum not yet adjudicated,
AOBv2-REAL-471,gauge_readable,pending,single labeling; random stratum not yet adjudicated,"l1_accuracy_f1,l2_commit_rate"
AOBv2-REAL-471,recommended_action,pending,single labeling; random stratum not yet adjudicated,l3_action_accuracy
AOBv2-REAL-471,category,pending,single labeling; random stratum not yet adjudicated,a12_recovery_rung
AOBv2-REAL-471,image_role,pending,single labeling; random stratum not yet adjudicated,scenario_membership
AOBv2-REAL-471,gauge_value,pending,single labeling; random stratum not yet adjudicated,l1_mae
AOBv2-REAL-471,asset,pending,single labeling; random stratum not yet adjudicated,
AOBv2-REAL-472,gauge_readable,pending,single labeling; random stratum not yet adjudicated,"l1_accuracy_f1,l2_commit_rate"
AOBv2-REAL-472,recommended_action,pending,single labeling; random stratum not yet adjudicated,l3_action_accuracy
AOBv2-REAL-472,category,pending,single labeling; random stratum not yet adjudicated,a12_recovery_rung
AOBv2-REAL-472,image_role,pending,single labeling; random stratum not yet adjudicated,scenario_membership
AOBv2-REAL-472,gauge_value,pending,single labeling; random stratum not yet adjudicated,l1_mae
AOBv2-REAL-472,asset,pending,single labeling; random stratum not yet adjudicated,
AOBv2-REAL-473,gauge_readable,pending,single labeling; random stratum not yet adjudicated,"l1_accuracy_f1,l2_commit_rate"
AOBv2-REAL-473,recommended_action,pending,single labeling; random stratum not yet adjudicated,l3_action_accuracy
AOBv2-REAL-473,category,pending,single labeling; random stratum not yet adjudicated,a12_recovery_rung
AOBv2-REAL-473,image_role,pending,single labeling; random stratum not yet adjudicated,scenario_membership
AOBv2-REAL-473,gauge_value,pending,single labeling; random stratum not yet adjudicated,l1_mae
AOBv2-REAL-473,asset,pending,single labeling; random stratum not yet adjudicated,
AOBv2-REAL-474,gauge_readable,pending,single labeling; random stratum not yet adjudicated,"l1_accuracy_f1,l2_commit_rate"
AOBv2-REAL-474,recommended_action,pending,single labeling; random stratum not yet adjudicated,l3_action_accuracy
AOBv2-REAL-474,category,pending,single labeling; random stratum not yet adjudicated,a12_recovery_rung
AOBv2-REAL-474,image_role,pending,single labeling; random stratum not yet adjudicated,scenario_membership
AOBv2-REAL-474,gauge_value,pending,single labeling; random stratum not yet adjudicated,l1_mae
AOBv2-REAL-474,asset,pending,single labeling; random stratum not yet adjudicated,
AOBv2-REAL-475,gauge_readable,pending,single labeling; random stratum not yet adjudicated,"l1_accuracy_f1,l2_commit_rate"
AOBv2-REAL-475,recommended_action,pending,single labeling; random stratum not yet adjudicated,l3_action_accuracy
AOBv2-REAL-475,category,pending,single labeling; random stratum not yet adjudicated,a12_recovery_rung
AOBv2-REAL-475,image_role,pending,single labeling; random stratum not yet adjudicated,scenario_membership
AOBv2-REAL-475,gauge_value,pending,single labeling; random stratum not yet adjudicated,l1_mae
AOBv2-REAL-475,asset,pending,single labeling; random stratum not yet adjudicated,
AOBv2-REAL-476,gauge_readable,pending,single labeling; random stratum not yet adjudicated,"l1_accuracy_f1,l2_commit_rate"
AOBv2-REAL-476,recommended_action,pending,single labeling; random stratum not yet adjudicated,l3_action_accuracy
AOBv2-REAL-476,category,pending,single labeling; random stratum not yet adjudicated,a12_recovery_rung
AOBv2-REAL-476,image_role,pending,single labeling; random stratum not yet adjudicated,scenario_membership
AOBv2-REAL-476,gauge_value,pending,single labeling; random stratum not yet adjudicated,l1_mae
AOBv2-REAL-476,asset,pending,single labeling; random stratum not yet adjudicated,
AOBv2-REAL-477,gauge_readable,pending,single labeling; random stratum not yet adjudicated,"l1_accuracy_f1,l2_commit_rate"
AOBv2-REAL-477,recommended_action,pending,single labeling; random stratum not yet adjudicated,l3_action_accuracy
AOBv2-REAL-477,category,pending,single labeling; random stratum not yet adjudicated,a12_recovery_rung
AOBv2-REAL-477,image_role,pending,single labeling; random stratum not yet adjudicated,scenario_membership
AOBv2-REAL-477,gauge_value,pending,single labeling; random stratum not yet adjudicated,l1_mae
AOBv2-REAL-477,asset,pending,single labeling; random stratum not yet adjudicated,
AOBv2-REAL-478,gauge_readable,pending,single labeling; random stratum not yet adjudicated,"l1_accuracy_f1,l2_commit_rate"
AOBv2-REAL-478,recommended_action,pending,single labeling; random stratum not yet adjudicated,l3_action_accuracy
AOBv2-REAL-478,category,pending,single labeling; random stratum not yet adjudicated,a12_recovery_rung
AOBv2-REAL-478,image_role,pending,single labeling; random stratum not yet adjudicated,scenario_membership
AOBv2-REAL-478,gauge_value,pending,single labeling; random stratum not yet adjudicated,l1_mae
AOBv2-REAL-478,asset,pending,single labeling; random stratum not yet adjudicated,
AOBv2-REAL-479,gauge_readable,pending,single labeling; random stratum not yet adjudicated,"l1_accuracy_f1,l2_commit_rate"
AOBv2-REAL-479,recommended_action,pending,single labeling; random stratum not yet adjudicated,l3_action_accuracy
AOBv2-REAL-479,category,pending,single labeling; random stratum not yet adjudicated,a12_recovery_rung
AOBv2-REAL-479,image_role,pending,single labeling; random stratum not yet adjudicated,scenario_membership
AOBv2-REAL-479,gauge_value,pending,single labeling; random stratum not yet adjudicated,l1_mae
AOBv2-REAL-479,asset,pending,single labeling; random stratum not yet adjudicated,
AOBv2-REAL-480,gauge_readable,pending,single labeling; random stratum not yet adjudicated,"l1_accuracy_f1,l2_commit_rate"
AOBv2-REAL-480,recommended_action,pending,single labeling; random stratum not yet adjudicated,l3_action_accuracy
AOBv2-REAL-480,category,pending,single labeling; random stratum not yet adjudicated,a12_recovery_rung
AOBv2-REAL-480,image_role,pending,single labeling; random stratum not yet adjudicated,scenario_membership
AOBv2-REAL-480,gauge_value,pending,single labeling; random stratum not yet adjudicated,l1_mae
AOBv2-REAL-480,asset,pending,single labeling; random stratum not yet adjudicated,
AOBv2-REAL-481,gauge_readable,pending,single labeling; random stratum not yet adjudicated,"l1_accuracy_f1,l2_commit_rate"
AOBv2-REAL-481,recommended_action,pending,single labeling; random stratum not yet adjudicated,l3_action_accuracy
AOBv2-REAL-481,category,pending,single labeling; random stratum not yet adjudicated,a12_recovery_rung
AOBv2-REAL-481,image_role,pending,single labeling; random stratum not yet adjudicated,scenario_membership
AOBv2-REAL-481,gauge_value,pending,single labeling; random stratum not yet adjudicated,l1_mae
AOBv2-REAL-481,asset,pending,single labeling; random stratum not yet adjudicated,
AOBv2-REAL-482,gauge_readable,pending,single labeling; random stratum not yet adjudicated,"l1_accuracy_f1,l2_commit_rate"
AOBv2-REAL-482,recommended_action,pending,single labeling; random stratum not yet adjudicated,l3_action_accuracy
AOBv2-REAL-482,category,pending,single labeling; random stratum not yet adjudicated,a12_recovery_rung
AOBv2-REAL-482,image_role,pending,single labeling; random stratum not yet adjudicated,scenario_membership
AOBv2-REAL-482,gauge_value,pending,single labeling; random stratum not yet adjudicated,l1_mae
AOBv2-REAL-482,asset,pending,single labeling; random stratum not yet adjudicated,
AOBv2-REAL-483,gauge_readable,pending,single labeling; random stratum not yet adjudicated,"l1_accuracy_f1,l2_commit_rate"
AOBv2-REAL-483,recommended_action,pending,single labeling; random stratum not yet adjudicated,l3_action_accuracy
AOBv2-REAL-483,category,pending,single labeling; random stratum not yet adjudicated,a12_recovery_rung
AOBv2-REAL-483,image_role,pending,single labeling; random stratum not yet adjudicated,scenario_membership
AOBv2-REAL-483,gauge_value,pending,single labeling; random stratum not yet adjudicated,l1_mae
AOBv2-REAL-483,asset,pending,single labeling; random stratum not yet adjudicated,
AOBv2-REAL-484,gauge_readable,pending,single labeling; random stratum not yet adjudicated,"l1_accuracy_f1,l2_commit_rate"
AOBv2-REAL-484,recommended_action,pending,single labeling; random stratum not yet adjudicated,l3_action_accuracy
AOBv2-REAL-484,category,pending,single labeling; random stratum not yet adjudicated,a12_recovery_rung
AOBv2-REAL-484,image_role,pending,single labeling; random stratum not yet adjudicated,scenario_membership
AOBv2-REAL-484,gauge_value,pending,single labeling; random stratum not yet adjudicated,l1_mae
AOBv2-REAL-484,asset,pending,single labeling; random stratum not yet adjudicated,
AOBv2-REAL-485,gauge_readable,pending,single labeling; random stratum not yet adjudicated,"l1_accuracy_f1,l2_commit_rate"
AOBv2-REAL-485,recommended_action,pending,single labeling; random stratum not yet adjudicated,l3_action_accuracy
AOBv2-REAL-485,category,pending,single labeling; random stratum not yet adjudicated,a12_recovery_rung
AOBv2-REAL-485,image_role,pending,single labeling; random stratum not yet adjudicated,scenario_membership
AOBv2-REAL-485,gauge_value,pending,single labeling; random stratum not yet adjudicated,l1_mae
AOBv2-REAL-485,asset,pending,single labeling; random stratum not yet adjudicated,
AOBv2-REAL-486,gauge_readable,pending,single labeling; random stratum not yet adjudicated,"l1_accuracy_f1,l2_commit_rate"
AOBv2-REAL-486,recommended_action,pending,single labeling; random stratum not yet adjudicated,l3_action_accuracy
AOBv2-REAL-486,category,pending,single labeling; random stratum not yet adjudicated,a12_recovery_rung
AOBv2-REAL-486,image_role,pending,single labeling; random stratum not yet adjudicated,scenario_membership
AOBv2-REAL-486,gauge_value,pending,single labeling; random stratum not yet adjudicated,l1_mae
AOBv2-REAL-486,asset,pending,single labeling; random stratum not yet adjudicated,
AOBv2-REAL-487,gauge_readable,pending,single labeling; random stratum not yet adjudicated,"l1_accuracy_f1,l2_commit_rate"
AOBv2-REAL-487,recommended_action,pending,single labeling; random stratum not yet adjudicated,l3_action_accuracy
AOBv2-REAL-487,category,pending,single labeling; random stratum not yet adjudicated,a12_recovery_rung
AOBv2-REAL-487,image_role,pending,single labeling; random stratum not yet adjudicated,scenario_membership
AOBv2-REAL-487,gauge_value,pending,single labeling; random stratum not yet adjudicated,l1_mae
AOBv2-REAL-487,asset,pending,single labeling; random stratum not yet adjudicated,
AOBv2-REAL-488,gauge_readable,pending,single labeling; random stratum not yet adjudicated,"l1_accuracy_f1,l2_commit_rate"
AOBv2-REAL-488,recommended_action,pending,single labeling; random stratum not yet adjudicated,l3_action_accuracy
AOBv2-REAL-488,category,pending,single labeling; random stratum not yet adjudicated,a12_recovery_rung
AOBv2-REAL-488,image_role,pending,single labeling; random stratum not yet adjudicated,scenario_membership
AOBv2-REAL-488,gauge_value,pending,single labeling; random stratum not yet adjudicated,l1_mae
AOBv2-REAL-488,asset,pending,single labeling; random stratum not yet adjudicated,
AOBv2-REAL-489,gauge_readable,pending,single labeling; random stratum not yet adjudicated,"l1_accuracy_f1,l2_commit_rate"
AOBv2-REAL-489,recommended_action,pending,single labeling; random stratum not yet adjudicated,l3_action_accuracy
AOBv2-REAL-489,category,pending,single labeling; random stratum not yet adjudicated,a12_recovery_rung
AOBv2-REAL-489,image_role,pending,single labeling; random stratum not yet adjudicated,scenario_membership
AOBv2-REAL-489,gauge_value,pending,single labeling; random stratum not yet adjudicated,l1_mae
AOBv2-REAL-489,asset,pending,single labeling; random stratum not yet adjudicated,
AOBv2-REAL-490,gauge_readable,pending,single labeling; random stratum not yet adjudicated,"l1_accuracy_f1,l2_commit_rate"
AOBv2-REAL-490,recommended_action,pending,single labeling; random stratum not yet adjudicated,l3_action_accuracy
AOBv2-REAL-490,category,pending,single labeling; random stratum not yet adjudicated,a12_recovery_rung
AOBv2-REAL-490,image_role,pending,single labeling; random stratum not yet adjudicated,scenario_membership
AOBv2-REAL-490,gauge_value,pending,single labeling; random stratum not yet adjudicated,l1_mae
AOBv2-REAL-490,asset,pending,single labeling; random stratum not yet adjudicated,
AOBv2-REAL-491,gauge_readable,pending,single labeling; random stratum not yet adjudicated,"l1_accuracy_f1,l2_commit_rate"
AOBv2-REAL-491,recommended_action,pending,single labeling; random stratum not yet adjudicated,l3_action_accuracy
AOBv2-REAL-491,category,pending,single labeling; random stratum not yet adjudicated,a12_recovery_rung
AOBv2-REAL-491,image_role,pending,single labeling; random stratum not yet adjudicated,scenario_membership
AOBv2-REAL-491,gauge_value,pending,single labeling; random stratum not yet adjudicated,l1_mae
AOBv2-REAL-491,asset,pending,single labeling; random stratum not yet adjudicated,
AOBv2-REAL-492,gauge_readable,pending,single labeling; random stratum not yet adjudicated,"l1_accuracy_f1,l2_commit_rate"
AOBv2-REAL-492,recommended_action,pending,single labeling; random stratum not yet adjudicated,l3_action_accuracy
AOBv2-REAL-492,category,pending,single labeling; random stratum not yet adjudicated,a12_recovery_rung
AOBv2-REAL-492,image_role,pending,single labeling; random stratum not yet adjudicated,scenario_membership
AOBv2-REAL-492,gauge_value,pending,single labeling; random stratum not yet adjudicated,l1_mae
AOBv2-REAL-492,asset,pending,single labeling; random stratum not yet adjudicated,
AOBv2-REAL-493,gauge_readable,pending,single labeling; random stratum not yet adjudicated,"l1_accuracy_f1,l2_commit_rate"
AOBv2-REAL-493,recommended_action,pending,single labeling; random stratum not yet adjudicated,l3_action_accuracy
AOBv2-REAL-493,category,pending,single labeling; random stratum not yet adjudicated,a12_recovery_rung
AOBv2-REAL-493,image_role,pending,single labeling; random stratum not yet adjudicated,scenario_membership
AOBv2-REAL-493,gauge_value,pending,single labeling; random stratum not yet adjudicated,l1_mae
AOBv2-REAL-493,asset,pending,single labeling; random stratum not yet adjudicated,
AOBv2-REAL-494,gauge_readable,pending,single labeling; random stratum not yet adjudicated,"l1_accuracy_f1,l2_commit_rate"
AOBv2-REAL-494,recommended_action,pending,single labeling; random stratum not yet adjudicated,l3_action_accuracy
AOBv2-REAL-494,category,pending,single labeling; random stratum not yet adjudicated,a12_recovery_rung
AOBv2-REAL-494,image_role,pending,single labeling; random stratum not yet adjudicated,scenario_membership
AOBv2-REAL-494,gauge_value,pending,single labeling; random stratum not yet adjudicated,l1_mae
AOBv2-REAL-494,asset,pending,single labeling; random stratum not yet adjudicated,
AOBv2-REAL-495,gauge_readable,pending,single labeling; random stratum not yet adjudicated,"l1_accuracy_f1,l2_commit_rate"
AOBv2-REAL-495,recommended_action,pending,single labeling; random stratum not yet adjudicated,l3_action_accuracy
AOBv2-REAL-495,category,pending,single labeling; random stratum not yet adjudicated,a12_recovery_rung
AOBv2-REAL-495,image_role,pending,single labeling; random stratum not yet adjudicated,scenario_membership
AOBv2-REAL-495,gauge_value,pending,single labeling; random stratum not yet adjudicated,l1_mae
AOBv2-REAL-495,asset,pending,single labeling; random stratum not yet adjudicated,
AOBv2-REAL-496,gauge_readable,pending,single labeling; random stratum not yet adjudicated,"l1_accuracy_f1,l2_commit_rate"
AOBv2-REAL-496,recommended_action,pending,single labeling; random stratum not yet adjudicated,l3_action_accuracy
AOBv2-REAL-496,category,pending,single labeling; random stratum not yet adjudicated,a12_recovery_rung
AOBv2-REAL-496,image_role,pending,single labeling; random stratum not yet adjudicated,scenario_membership
AOBv2-REAL-496,gauge_value,pending,single labeling; random stratum not yet adjudicated,l1_mae
AOBv2-REAL-496,asset,pending,single labeling; random stratum not yet adjudicated,
AOBv2-REAL-497,gauge_readable,pending,single labeling; random stratum not yet adjudicated,"l1_accuracy_f1,l2_commit_rate"
AOBv2-REAL-497,recommended_action,pending,single labeling; random stratum not yet adjudicated,l3_action_accuracy
AOBv2-REAL-497,category,pending,single labeling; random stratum not yet adjudicated,a12_recovery_rung
AOBv2-REAL-497,image_role,pending,single labeling; random stratum not yet adjudicated,scenario_membership
AOBv2-REAL-497,gauge_value,pending,single labeling; random stratum not yet adjudicated,l1_mae
AOBv2-REAL-497,asset,pending,single labeling; random stratum not yet adjudicated,
AOBv2-REAL-498,gauge_readable,pending,single labeling; random stratum not yet adjudicated,"l1_accuracy_f1,l2_commit_rate"
AOBv2-REAL-498,recommended_action,pending,single labeling; random stratum not yet adjudicated,l3_action_accuracy
AOBv2-REAL-498,category,pending,single labeling; random stratum not yet adjudicated,a12_recovery_rung
AOBv2-REAL-498,image_role,pending,single labeling; random stratum not yet adjudicated,scenario_membership
AOBv2-REAL-498,gauge_value,pending,single labeling; random stratum not yet adjudicated,l1_mae
AOBv2-REAL-498,asset,pending,single labeling; random stratum not yet adjudicated,
AOBv2-REAL-499,gauge_readable,pending,single labeling; random stratum not yet adjudicated,"l1_accuracy_f1,l2_commit_rate"
AOBv2-REAL-499,recommended_action,pending,single labeling; random stratum not yet adjudicated,l3_action_accuracy
AOBv2-REAL-499,category,pending,single labeling; random stratum not yet adjudicated,a12_recovery_rung
AOBv2-REAL-499,image_role,pending,single labeling; random stratum not yet adjudicated,scenario_membership
AOBv2-REAL-499,gauge_value,pending,single labeling; random stratum not yet adjudicated,l1_mae
AOBv2-REAL-499,asset,pending,single labeling; random stratum not yet adjudicated,
AOBv2-REAL-500,gauge_readable,pending,single labeling; random stratum not yet adjudicated,"l1_accuracy_f1,l2_commit_rate"
AOBv2-REAL-500,recommended_action,pending,single labeling; random stratum not yet adjudicated,l3_action_accuracy
AOBv2-REAL-500,category,pending,single labeling; random stratum not yet adjudicated,a12_recovery_rung
AOBv2-REAL-500,image_role,pending,single labeling; random stratum not yet adjudicated,scenario_membership
AOBv2-REAL-500,gauge_value,pending,single labeling; random stratum not yet adjudicated,l1_mae
AOBv2-REAL-500,asset,pending,single labeling; random stratum not yet adjudicated,
AOBv2-REAL-501,gauge_readable,pending,single labeling; random stratum not yet adjudicated,"l1_accuracy_f1,l2_commit_rate"
AOBv2-REAL-501,recommended_action,pending,single labeling; random stratum not yet adjudicated,l3_action_accuracy
AOBv2-REAL-501,category,pending,single labeling; random stratum not yet adjudicated,a12_recovery_rung
AOBv2-REAL-501,image_role,pending,single labeling; random stratum not yet adjudicated,scenario_membership
AOBv2-REAL-501,gauge_value,pending,single labeling; random stratum not yet adjudicated,l1_mae
AOBv2-REAL-501,asset,pending,single labeling; random stratum not yet adjudicated,
AOBv2-REAL-502,gauge_readable,pending,single labeling; random stratum not yet adjudicated,"l1_accuracy_f1,l2_commit_rate"
AOBv2-REAL-502,recommended_action,pending,single labeling; random stratum not yet adjudicated,l3_action_accuracy
AOBv2-REAL-502,category,pending,single labeling; random stratum not yet adjudicated,a12_recovery_rung
AOBv2-REAL-502,image_role,pending,single labeling; random stratum not yet adjudicated,scenario_membership
AOBv2-REAL-502,gauge_value,pending,single labeling; random stratum not yet adjudicated,l1_mae
AOBv2-REAL-502,asset,pending,single labeling; random stratum not yet adjudicated,
AOBv2-REAL-503,gauge_readable,pending,single labeling; random stratum not yet adjudicated,"l1_accuracy_f1,l2_commit_rate"
AOBv2-REAL-503,recommended_action,pending,single labeling; random stratum not yet adjudicated,l3_action_accuracy
AOBv2-REAL-503,category,pending,single labeling; random stratum not yet adjudicated,a12_recovery_rung
AOBv2-REAL-503,image_role,pending,single labeling; random stratum not yet adjudicated,scenario_membership
AOBv2-REAL-503,gauge_value,pending,single labeling; random stratum not yet adjudicated,l1_mae
AOBv2-REAL-503,asset,pending,single labeling; random stratum not yet adjudicated,
AOBv2-REAL-504,gauge_readable,pending,single labeling; random stratum not yet adjudicated,"l1_accuracy_f1,l2_commit_rate"
AOBv2-REAL-504,recommended_action,pending,single labeling; random stratum not yet adjudicated,l3_action_accuracy
AOBv2-REAL-504,category,pending,single labeling; random stratum not yet adjudicated,a12_recovery_rung
AOBv2-REAL-504,image_role,pending,single labeling; random stratum not yet adjudicated,scenario_membership
AOBv2-REAL-504,gauge_value,pending,single labeling; random stratum not yet adjudicated,l1_mae
AOBv2-REAL-504,asset,pending,single labeling; random stratum not yet adjudicated,
AOBv2-REAL-505,gauge_readable,pending,single labeling; random stratum not yet adjudicated,"l1_accuracy_f1,l2_commit_rate"
AOBv2-REAL-505,recommended_action,pending,single labeling; random stratum not yet adjudicated,l3_action_accuracy
AOBv2-REAL-505,category,pending,single labeling; random stratum not yet adjudicated,a12_recovery_rung
AOBv2-REAL-505,image_role,pending,single labeling; random stratum not yet adjudicated,scenario_membership
AOBv2-REAL-505,gauge_value,pending,single labeling; random stratum not yet adjudicated,l1_mae
AOBv2-REAL-505,asset,pending,single labeling; random stratum not yet adjudicated,
AOBv2-REAL-506,gauge_readable,pending,single labeling; random stratum not yet adjudicated,"l1_accuracy_f1,l2_commit_rate"
AOBv2-REAL-506,recommended_action,pending,single labeling; random stratum not yet adjudicated,l3_action_accuracy
AOBv2-REAL-506,category,pending,single labeling; random stratum not yet adjudicated,a12_recovery_rung
AOBv2-REAL-506,image_role,pending,single labeling; random stratum not yet adjudicated,scenario_membership
AOBv2-REAL-506,gauge_value,pending,single labeling; random stratum not yet adjudicated,l1_mae
AOBv2-REAL-506,asset,pending,single labeling; random stratum not yet adjudicated,
AOBv2-REAL-507,gauge_readable,pending,single labeling; random stratum not yet adjudicated,"l1_accuracy_f1,l2_commit_rate"
AOBv2-REAL-507,recommended_action,pending,single labeling; random stratum not yet adjudicated,l3_action_accuracy
AOBv2-REAL-507,category,pending,single labeling; random stratum not yet adjudicated,a12_recovery_rung
AOBv2-REAL-507,image_role,pending,single labeling; random stratum not yet adjudicated,scenario_membership
AOBv2-REAL-507,gauge_value,pending,single labeling; random stratum not yet adjudicated,l1_mae
AOBv2-REAL-507,asset,pending,single labeling; random stratum not yet adjudicated,
AOBv2-REAL-508,gauge_readable,pending,single labeling; random stratum not yet adjudicated,"l1_accuracy_f1,l2_commit_rate"
AOBv2-REAL-508,recommended_action,pending,single labeling; random stratum not yet adjudicated,l3_action_accuracy
AOBv2-REAL-508,category,pending,single labeling; random stratum not yet adjudicated,a12_recovery_rung
AOBv2-REAL-508,image_role,pending,single labeling; random stratum not yet adjudicated,scenario_membership
AOBv2-REAL-508,gauge_value,pending,single labeling; random stratum not yet adjudicated,l1_mae
AOBv2-REAL-508,asset,pending,single labeling; random stratum not yet adjudicated,
AOBv2-REAL-509,gauge_readable,pending,single labeling; random stratum not yet adjudicated,"l1_accuracy_f1,l2_commit_rate"
AOBv2-REAL-509,recommended_action,pending,single labeling; random stratum not yet adjudicated,l3_action_accuracy
AOBv2-REAL-509,category,pending,single labeling; random stratum not yet adjudicated,a12_recovery_rung
AOBv2-REAL-509,image_role,pending,single labeling; random stratum not yet adjudicated,scenario_membership
AOBv2-REAL-509,gauge_value,pending,single labeling; random stratum not yet adjudicated,l1_mae
AOBv2-REAL-509,asset,pending,single labeling; random stratum not yet adjudicated,
AOBv2-REAL-510,gauge_readable,pending,single labeling; random stratum not yet adjudicated,"l1_accuracy_f1,l2_commit_rate"
AOBv2-REAL-510,recommended_action,pending,single labeling; random stratum not yet adjudicated,l3_action_accuracy
AOBv2-REAL-510,category,pending,single labeling; random stratum not yet adjudicated,a12_recovery_rung
AOBv2-REAL-510,image_role,pending,single labeling; random stratum not yet adjudicated,scenario_membership
AOBv2-REAL-510,gauge_value,pending,single labeling; random stratum not yet adjudicated,l1_mae
AOBv2-REAL-510,asset,pending,single labeling; random stratum not yet adjudicated,
AOBv2-REAL-511,gauge_readable,pending,single labeling; random stratum not yet adjudicated,"l1_accuracy_f1,l2_commit_rate"
AOBv2-REAL-511,recommended_action,pending,single labeling; random stratum not yet adjudicated,l3_action_accuracy
AOBv2-REAL-511,category,pending,single labeling; random stratum not yet adjudicated,a12_recovery_rung
AOBv2-REAL-511,image_role,pending,single labeling; random stratum not yet adjudicated,scenario_membership
AOBv2-REAL-511,gauge_value,pending,single labeling; random stratum not yet adjudicated,l1_mae
AOBv2-REAL-511,asset,pending,single labeling; random stratum not yet adjudicated,
AOBv2-REAL-512,gauge_readable,pending,single labeling; random stratum not yet adjudicated,"l1_accuracy_f1,l2_commit_rate"
AOBv2-REAL-512,recommended_action,pending,single labeling; random stratum not yet adjudicated,l3_action_accuracy
AOBv2-REAL-512,category,pending,single labeling; random stratum not yet adjudicated,a12_recovery_rung
AOBv2-REAL-512,image_role,pending,single labeling; random stratum not yet adjudicated,scenario_membership
AOBv2-REAL-512,gauge_value,pending,single labeling; random stratum not yet adjudicated,l1_mae
AOBv2-REAL-512,asset,pending,single labeling; random stratum not yet adjudicated,
AOBv2-REAL-513,gauge_readable,pending,single labeling; random stratum not yet adjudicated,"l1_accuracy_f1,l2_commit_rate"
AOBv2-REAL-513,recommended_action,pending,single labeling; random stratum not yet adjudicated,l3_action_accuracy
AOBv2-REAL-513,category,pending,single labeling; random stratum not yet adjudicated,a12_recovery_rung
AOBv2-REAL-513,image_role,pending,single labeling; random stratum not yet adjudicated,scenario_membership
AOBv2-REAL-513,gauge_value,pending,single labeling; random stratum not yet adjudicated,l1_mae
AOBv2-REAL-513,asset,pending,single labeling; random stratum not yet adjudicated,
AOBv2-REAL-514,gauge_readable,pending,single labeling; random stratum not yet adjudicated,"l1_accuracy_f1,l2_commit_rate"
AOBv2-REAL-514,recommended_action,pending,single labeling; random stratum not yet adjudicated,l3_action_accuracy
AOBv2-REAL-514,category,pending,single labeling; random stratum not yet adjudicated,a12_recovery_rung
AOBv2-REAL-514,image_role,pending,single labeling; random stratum not yet adjudicated,scenario_membership
AOBv2-REAL-514,gauge_value,pending,single labeling; random stratum not yet adjudicated,l1_mae
AOBv2-REAL-514,asset,pending,single labeling; random stratum not yet adjudicated,
AOBv2-REAL-515,gauge_readable,pending,single labeling; random stratum not yet adjudicated,"l1_accuracy_f1,l2_commit_rate"
AOBv2-REAL-515,recommended_action,pending,single labeling; random stratum not yet adjudicated,l3_action_accuracy
AOBv2-REAL-515,category,pending,single labeling; random stratum not yet adjudicated,a12_recovery_rung
AOBv2-REAL-515,image_role,pending,single labeling; random stratum not yet adjudicated,scenario_membership
AOBv2-REAL-515,gauge_value,pending,single labeling; random stratum not yet adjudicated,l1_mae
AOBv2-REAL-515,asset,pending,single labeling; random stratum not yet adjudicated,
AOBv2-REAL-516,gauge_readable,pending,single labeling; random stratum not yet adjudicated,"l1_accuracy_f1,l2_commit_rate"
AOBv2-REAL-516,recommended_action,pending,single labeling; random stratum not yet adjudicated,l3_action_accuracy
AOBv2-REAL-516,category,pending,single labeling; random stratum not yet adjudicated,a12_recovery_rung
AOBv2-REAL-516,image_role,pending,single labeling; random stratum not yet adjudicated,scenario_membership
AOBv2-REAL-516,gauge_value,pending,single labeling; random stratum not yet adjudicated,l1_mae
AOBv2-REAL-516,asset,pending,single labeling; random stratum not yet adjudicated,
AOBv2-REAL-517,gauge_readable,pending,single labeling; random stratum not yet adjudicated,"l1_accuracy_f1,l2_commit_rate"
AOBv2-REAL-517,recommended_action,pending,single labeling; random stratum not yet adjudicated,l3_action_accuracy
AOBv2-REAL-517,category,pending,single labeling; random stratum not yet adjudicated,a12_recovery_rung
AOBv2-REAL-517,image_role,pending,single labeling; random stratum not yet adjudicated,scenario_membership
AOBv2-REAL-517,gauge_value,pending,single labeling; random stratum not yet adjudicated,l1_mae
AOBv2-REAL-517,asset,pending,single labeling; random stratum not yet adjudicated,
AOBv2-REAL-518,gauge_readable,pending,single labeling; random stratum not yet adjudicated,"l1_accuracy_f1,l2_commit_rate"
AOBv2-REAL-518,recommended_action,pending,single labeling; random stratum not yet adjudicated,l3_action_accuracy
AOBv2-REAL-518,category,pending,single labeling; random stratum not yet adjudicated,a12_recovery_rung
AOBv2-REAL-518,image_role,pending,single labeling; random stratum not yet adjudicated,scenario_membership
AOBv2-REAL-518,gauge_value,pending,single labeling; random stratum not yet adjudicated,l1_mae
AOBv2-REAL-518,asset,pending,single labeling; random stratum not yet adjudicated,
AOBv2-REAL-519,gauge_readable,pending,single labeling; random stratum not yet adjudicated,"l1_accuracy_f1,l2_commit_rate"
AOBv2-REAL-519,recommended_action,pending,single labeling; random stratum not yet adjudicated,l3_action_accuracy
AOBv2-REAL-519,category,pending,single labeling; random stratum not yet adjudicated,a12_recovery_rung
AOBv2-REAL-519,image_role,pending,single labeling; random stratum not yet adjudicated,scenario_membership
AOBv2-REAL-519,gauge_value,pending,single labeling; random stratum not yet adjudicated,l1_mae
AOBv2-REAL-519,asset,pending,single labeling; random stratum not yet adjudicated,
AOBv2-REAL-520,gauge_readable,pending,single labeling; random stratum not yet adjudicated,"l1_accuracy_f1,l2_commit_rate"
AOBv2-REAL-520,recommended_action,pending,single labeling; random stratum not yet adjudicated,l3_action_accuracy
AOBv2-REAL-520,category,pending,single labeling; random stratum not yet adjudicated,a12_recovery_rung
AOBv2-REAL-520,image_role,pending,single labeling; random stratum not yet adjudicated,scenario_membership
AOBv2-REAL-520,gauge_value,pending,single labeling; random stratum not yet adjudicated,l1_mae
AOBv2-REAL-520,asset,pending,single labeling; random stratum not yet adjudicated,
AOBv2-REAL-521,gauge_readable,pending,single labeling; random stratum not yet adjudicated,"l1_accuracy_f1,l2_commit_rate"
AOBv2-REAL-521,recommended_action,pending,single labeling; random stratum not yet adjudicated,l3_action_accuracy
AOBv2-REAL-521,category,pending,single labeling; random stratum not yet adjudicated,a12_recovery_rung
AOBv2-REAL-521,image_role,pending,single labeling; random stratum not yet adjudicated,scenario_membership
AOBv2-REAL-521,gauge_value,pending,single labeling; random stratum not yet adjudicated,l1_mae
AOBv2-REAL-521,asset,pending,single labeling; random stratum not yet adjudicated,
AOBv2-REAL-522,gauge_readable,pending,single labeling; random stratum not yet adjudicated,"l1_accuracy_f1,l2_commit_rate"
AOBv2-REAL-522,recommended_action,pending,single labeling; random stratum not yet adjudicated,l3_action_accuracy
AOBv2-REAL-522,category,pending,single labeling; random stratum not yet adjudicated,a12_recovery_rung
AOBv2-REAL-522,image_role,pending,single labeling; random stratum not yet adjudicated,scenario_membership
AOBv2-REAL-522,gauge_value,pending,single labeling; random stratum not yet adjudicated,l1_mae
AOBv2-REAL-522,asset,pending,single labeling; random stratum not yet adjudicated,
AOBv2-REAL-523,gauge_readable,pending,single labeling; random stratum not yet adjudicated,"l1_accuracy_f1,l2_commit_rate"
AOBv2-REAL-523,recommended_action,pending,single labeling; random stratum not yet adjudicated,l3_action_accuracy
AOBv2-REAL-523,category,pending,single labeling; random stratum not yet adjudicated,a12_recovery_rung
AOBv2-REAL-523,image_role,pending,single labeling; random stratum not yet adjudicated,scenario_membership
AOBv2-REAL-523,gauge_value,pending,single labeling; random stratum not yet adjudicated,l1_mae
AOBv2-REAL-523,asset,pending,single labeling; random stratum not yet adjudicated,
AOBv2-REAL-524,gauge_readable,pending,single labeling; random stratum not yet adjudicated,"l1_accuracy_f1,l2_commit_rate"
AOBv2-REAL-524,recommended_action,pending,single labeling; random stratum not yet adjudicated,l3_action_accuracy
AOBv2-REAL-524,category,pending,single labeling; random stratum not yet adjudicated,a12_recovery_rung
AOBv2-REAL-524,image_role,pending,single labeling; random stratum not yet adjudicated,scenario_membership
AOBv2-REAL-524,gauge_value,pending,single labeling; random stratum not yet adjudicated,l1_mae
AOBv2-REAL-524,asset,pending,single labeling; random stratum not yet adjudicated,
AOBv2-REAL-525,gauge_readable,pending,single labeling; random stratum not yet adjudicated,"l1_accuracy_f1,l2_commit_rate"
AOBv2-REAL-525,recommended_action,pending,single labeling; random stratum not yet adjudicated,l3_action_accuracy
AOBv2-REAL-525,category,pending,single labeling; random stratum not yet adjudicated,a12_recovery_rung
AOBv2-REAL-525,image_role,pending,single labeling; random stratum not yet adjudicated,scenario_membership
AOBv2-REAL-525,gauge_value,pending,single labeling; random stratum not yet adjudicated,l1_mae
AOBv2-REAL-525,asset,pending,single labeling; random stratum not yet adjudicated,
AOBv2-REAL-526,gauge_readable,pending,single labeling; random stratum not yet adjudicated,"l1_accuracy_f1,l2_commit_rate"
AOBv2-REAL-526,recommended_action,pending,single labeling; random stratum not yet adjudicated,l3_action_accuracy
AOBv2-REAL-526,category,pending,single labeling; random stratum not yet adjudicated,a12_recovery_rung
AOBv2-REAL-526,image_role,pending,single labeling; random stratum not yet adjudicated,scenario_membership
AOBv2-REAL-526,gauge_value,pending,single labeling; random stratum not yet adjudicated,l1_mae
AOBv2-REAL-526,asset,pending,single labeling; random stratum not yet adjudicated,
AOBv2-REAL-527,gauge_readable,pending,single labeling; random stratum not yet adjudicated,"l1_accuracy_f1,l2_commit_rate"
AOBv2-REAL-527,recommended_action,pending,single labeling; random stratum not yet adjudicated,l3_action_accuracy
AOBv2-REAL-527,category,pending,single labeling; random stratum not yet adjudicated,a12_recovery_rung
AOBv2-REAL-527,image_role,pending,single labeling; random stratum not yet adjudicated,scenario_membership
AOBv2-REAL-527,gauge_value,pending,single labeling; random stratum not yet adjudicated,l1_mae
AOBv2-REAL-527,asset,pending,single labeling; random stratum not yet adjudicated,
AOBv2-REAL-528,gauge_readable,pending,single labeling; random stratum not yet adjudicated,"l1_accuracy_f1,l2_commit_rate"
AOBv2-REAL-528,recommended_action,pending,single labeling; random stratum not yet adjudicated,l3_action_accuracy
AOBv2-REAL-528,category,pending,single labeling; random stratum not yet adjudicated,a12_recovery_rung
AOBv2-REAL-528,image_role,pending,single labeling; random stratum not yet adjudicated,scenario_membership
AOBv2-REAL-528,gauge_value,pending,single labeling; random stratum not yet adjudicated,l1_mae
AOBv2-REAL-528,asset,pending,single labeling; random stratum not yet adjudicated,
AOBv2-REAL-529,gauge_readable,pending,single labeling; random stratum not yet adjudicated,"l1_accuracy_f1,l2_commit_rate"
AOBv2-REAL-529,recommended_action,pending,single labeling; random stratum not yet adjudicated,l3_action_accuracy
AOBv2-REAL-529,category,pending,single labeling; random stratum not yet adjudicated,a12_recovery_rung
AOBv2-REAL-529,image_role,pending,single labeling; random stratum not yet adjudicated,scenario_membership
AOBv2-REAL-529,gauge_value,pending,single labeling; random stratum not yet adjudicated,l1_mae
AOBv2-REAL-529,asset,pending,single labeling; random stratum not yet adjudicated,
AOBv2-REAL-530,gauge_readable,pending,single labeling; random stratum not yet adjudicated,"l1_accuracy_f1,l2_commit_rate"
AOBv2-REAL-530,recommended_action,pending,single labeling; random stratum not yet adjudicated,l3_action_accuracy
AOBv2-REAL-530,category,pending,single labeling; random stratum not yet adjudicated,a12_recovery_rung
AOBv2-REAL-530,image_role,pending,single labeling; random stratum not yet adjudicated,scenario_membership
AOBv2-REAL-530,gauge_value,pending,single labeling; random stratum not yet adjudicated,l1_mae
AOBv2-REAL-530,asset,pending,single labeling; random stratum not yet adjudicated,
AOBv2-REAL-531,gauge_readable,pending,single labeling; random stratum not yet adjudicated,"l1_accuracy_f1,l2_commit_rate"
AOBv2-REAL-531,recommended_action,pending,single labeling; random stratum not yet adjudicated,l3_action_accuracy
AOBv2-REAL-531,category,pending,single labeling; random stratum not yet adjudicated,a12_recovery_rung
AOBv2-REAL-531,image_role,pending,single labeling; random stratum not yet adjudicated,scenario_membership
AOBv2-REAL-531,gauge_value,pending,single labeling; random stratum not yet adjudicated,l1_mae
AOBv2-REAL-531,asset,pending,single labeling; random stratum not yet adjudicated,
AOBv2-REAL-532,gauge_readable,pending,single labeling; random stratum not yet adjudicated,"l1_accuracy_f1,l2_commit_rate"
AOBv2-REAL-532,recommended_action,pending,single labeling; random stratum not yet adjudicated,l3_action_accuracy
AOBv2-REAL-532,category,pending,single labeling; random stratum not yet adjudicated,a12_recovery_rung
AOBv2-REAL-532,image_role,pending,single labeling; random stratum not yet adjudicated,scenario_membership
AOBv2-REAL-532,gauge_value,pending,single labeling; random stratum not yet adjudicated,l1_mae
AOBv2-REAL-532,asset,pending,single labeling; random stratum not yet adjudicated,
AOBv2-REAL-533,gauge_readable,pending,single labeling; random stratum not yet adjudicated,"l1_accuracy_f1,l2_commit_rate"
AOBv2-REAL-533,recommended_action,pending,single labeling; random stratum not yet adjudicated,l3_action_accuracy
AOBv2-REAL-533,category,pending,single labeling; random stratum not yet adjudicated,a12_recovery_rung
AOBv2-REAL-533,image_role,pending,single labeling; random stratum not yet adjudicated,scenario_membership
AOBv2-REAL-533,gauge_value,pending,single labeling; random stratum not yet adjudicated,l1_mae
AOBv2-REAL-533,asset,pending,single labeling; random stratum not yet adjudicated,
AOBv2-REAL-534,gauge_readable,pending,single labeling; random stratum not yet adjudicated,"l1_accuracy_f1,l2_commit_rate"
AOBv2-REAL-534,recommended_action,pending,single labeling; random stratum not yet adjudicated,l3_action_accuracy
AOBv2-REAL-534,category,pending,single labeling; random stratum not yet adjudicated,a12_recovery_rung
AOBv2-REAL-534,image_role,pending,single labeling; random stratum not yet adjudicated,scenario_membership
AOBv2-REAL-534,gauge_value,pending,single labeling; random stratum not yet adjudicated,l1_mae
AOBv2-REAL-534,asset,pending,single labeling; random stratum not yet adjudicated,
AOBv2-REAL-535,gauge_readable,pending,single labeling; random stratum not yet adjudicated,"l1_accuracy_f1,l2_commit_rate"
AOBv2-REAL-535,recommended_action,pending,single labeling; random stratum not yet adjudicated,l3_action_accuracy
AOBv2-REAL-535,category,pending,single labeling; random stratum not yet adjudicated,a12_recovery_rung
AOBv2-REAL-535,image_role,pending,single labeling; random stratum not yet adjudicated,scenario_membership
AOBv2-REAL-535,gauge_value,pending,single labeling; random stratum not yet adjudicated,l1_mae
AOBv2-REAL-535,asset,pending,single labeling; random stratum not yet adjudicated,
AOBv2-REAL-536,gauge_readable,pending,single labeling; random stratum not yet adjudicated,"l1_accuracy_f1,l2_commit_rate"
AOBv2-REAL-536,recommended_action,pending,single labeling; random stratum not yet adjudicated,l3_action_accuracy
AOBv2-REAL-536,category,pending,single labeling; random stratum not yet adjudicated,a12_recovery_rung
AOBv2-REAL-536,image_role,pending,single labeling; random stratum not yet adjudicated,scenario_membership
AOBv2-REAL-536,gauge_value,pending,single labeling; random stratum not yet adjudicated,l1_mae
AOBv2-REAL-536,asset,pending,single labeling; random stratum not yet adjudicated,
AOBv2-REAL-537,gauge_readable,pending,single labeling; random stratum not yet adjudicated,"l1_accuracy_f1,l2_commit_rate"
AOBv2-REAL-537,recommended_action,pending,single labeling; random stratum not yet adjudicated,l3_action_accuracy
AOBv2-REAL-537,category,pending,single labeling; random stratum not yet adjudicated,a12_recovery_rung
AOBv2-REAL-537,image_role,pending,single labeling; random stratum not yet adjudicated,scenario_membership
AOBv2-REAL-537,gauge_value,pending,single labeling; random stratum not yet adjudicated,l1_mae
AOBv2-REAL-537,asset,pending,single labeling; random stratum not yet adjudicated,
AOBv2-REAL-538,gauge_readable,pending,single labeling; random stratum not yet adjudicated,"l1_accuracy_f1,l2_commit_rate"
AOBv2-REAL-538,recommended_action,pending,single labeling; random stratum not yet adjudicated,l3_action_accuracy
AOBv2-REAL-538,category,pending,single labeling; random stratum not yet adjudicated,a12_recovery_rung
AOBv2-REAL-538,image_role,pending,single labeling; random stratum not yet adjudicated,scenario_membership
AOBv2-REAL-538,gauge_value,pending,single labeling; random stratum not yet adjudicated,l1_mae
AOBv2-REAL-538,asset,pending,single labeling; random stratum not yet adjudicated,
AOBv2-REAL-539,gauge_readable,pending,single labeling; random stratum not yet adjudicated,"l1_accuracy_f1,l2_commit_rate"
AOBv2-REAL-539,recommended_action,pending,single labeling; random stratum not yet adjudicated,l3_action_accuracy
AOBv2-REAL-539,category,pending,single labeling; random stratum not yet adjudicated,a12_recovery_rung
AOBv2-REAL-539,image_role,pending,single labeling; random stratum not yet adjudicated,scenario_membership
AOBv2-REAL-539,gauge_value,pending,single labeling; random stratum not yet adjudicated,l1_mae
AOBv2-REAL-539,asset,pending,single labeling; random stratum not yet adjudicated,
AOBv2-REAL-540,gauge_readable,pending,single labeling; random stratum not yet adjudicated,"l1_accuracy_f1,l2_commit_rate"
AOBv2-REAL-540,recommended_action,pending,single labeling; random stratum not yet adjudicated,l3_action_accuracy
AOBv2-REAL-540,category,pending,single labeling; random stratum not yet adjudicated,a12_recovery_rung
AOBv2-REAL-540,image_role,pending,single labeling; random stratum not yet adjudicated,scenario_membership
AOBv2-REAL-540,gauge_value,pending,single labeling; random stratum not yet adjudicated,l1_mae
AOBv2-REAL-540,asset,pending,single labeling; random stratum not yet adjudicated,
AOBv2-REAL-541,gauge_readable,pending,single labeling; random stratum not yet adjudicated,"l1_accuracy_f1,l2_commit_rate"
AOBv2-REAL-541,recommended_action,pending,single labeling; random stratum not yet adjudicated,l3_action_accuracy
AOBv2-REAL-541,category,pending,single labeling; random stratum not yet adjudicated,a12_recovery_rung
AOBv2-REAL-541,image_role,pending,single labeling; random stratum not yet adjudicated,scenario_membership
AOBv2-REAL-541,gauge_value,pending,single labeling; random stratum not yet adjudicated,l1_mae
AOBv2-REAL-541,asset,pending,single labeling; random stratum not yet adjudicated,
AOBv2-REAL-542,gauge_readable,pending,single labeling; random stratum not yet adjudicated,"l1_accuracy_f1,l2_commit_rate"
AOBv2-REAL-542,recommended_action,pending,single labeling; random stratum not yet adjudicated,l3_action_accuracy
AOBv2-REAL-542,category,pending,single labeling; random stratum not yet adjudicated,a12_recovery_rung
AOBv2-REAL-542,image_role,pending,single labeling; random stratum not yet adjudicated,scenario_membership
AOBv2-REAL-542,gauge_value,pending,single labeling; random stratum not yet adjudicated,l1_mae
AOBv2-REAL-542,asset,pending,single labeling; random stratum not yet adjudicated,
AOBv2-REAL-543,gauge_readable,pending,single labeling; random stratum not yet adjudicated,"l1_accuracy_f1,l2_commit_rate"
AOBv2-REAL-543,recommended_action,pending,single labeling; random stratum not yet adjudicated,l3_action_accuracy
AOBv2-REAL-543,category,pending,single labeling; random stratum not yet adjudicated,a12_recovery_rung
AOBv2-REAL-543,image_role,pending,single labeling; random stratum not yet adjudicated,scenario_membership
AOBv2-REAL-543,gauge_value,pending,single labeling; random stratum not yet adjudicated,l1_mae
AOBv2-REAL-543,asset,pending,single labeling; random stratum not yet adjudicated,
AOBv2-REAL-544,gauge_readable,pending,single labeling; random stratum not yet adjudicated,"l1_accuracy_f1,l2_commit_rate"
AOBv2-REAL-544,recommended_action,pending,single labeling; random stratum not yet adjudicated,l3_action_accuracy
AOBv2-REAL-544,category,pending,single labeling; random stratum not yet adjudicated,a12_recovery_rung
AOBv2-REAL-544,image_role,pending,single labeling; random stratum not yet adjudicated,scenario_membership
AOBv2-REAL-544,gauge_value,pending,single labeling; random stratum not yet adjudicated,l1_mae
AOBv2-REAL-544,asset,pending,single labeling; random stratum not yet adjudicated,
AOBv2-REAL-545,gauge_readable,pending,single labeling; random stratum not yet adjudicated,"l1_accuracy_f1,l2_commit_rate"
AOBv2-REAL-545,recommended_action,pending,single labeling; random stratum not yet adjudicated,l3_action_accuracy
AOBv2-REAL-545,category,pending,single labeling; random stratum not yet adjudicated,a12_recovery_rung
AOBv2-REAL-545,image_role,pending,single labeling; random stratum not yet adjudicated,scenario_membership
AOBv2-REAL-545,gauge_value,pending,single labeling; random stratum not yet adjudicated,l1_mae
AOBv2-REAL-545,asset,pending,single labeling; random stratum not yet adjudicated,
AOBv2-REAL-546,gauge_readable,pending,single labeling; random stratum not yet adjudicated,"l1_accuracy_f1,l2_commit_rate"
AOBv2-REAL-546,recommended_action,pending,single labeling; random stratum not yet adjudicated,l3_action_accuracy
AOBv2-REAL-546,category,pending,single labeling; random stratum not yet adjudicated,a12_recovery_rung
AOBv2-REAL-546,image_role,pending,single labeling; random stratum not yet adjudicated,scenario_membership
AOBv2-REAL-546,gauge_value,pending,single labeling; random stratum not yet adjudicated,l1_mae
AOBv2-REAL-546,asset,pending,single labeling; random stratum not yet adjudicated,
AOBv2-REAL-547,gauge_readable,pending,single labeling; random stratum not yet adjudicated,"l1_accuracy_f1,l2_commit_rate"
AOBv2-REAL-547,recommended_action,pending,single labeling; random stratum not yet adjudicated,l3_action_accuracy
AOBv2-REAL-547,category,pending,single labeling; random stratum not yet adjudicated,a12_recovery_rung
AOBv2-REAL-547,image_role,pending,single labeling; random stratum not yet adjudicated,scenario_membership
AOBv2-REAL-547,gauge_value,pending,single labeling; random stratum not yet adjudicated,l1_mae
AOBv2-REAL-547,asset,pending,single labeling; random stratum not yet adjudicated,
AOBv2-REAL-548,gauge_readable,pending,single labeling; random stratum not yet adjudicated,"l1_accuracy_f1,l2_commit_rate"
AOBv2-REAL-548,recommended_action,pending,single labeling; random stratum not yet adjudicated,l3_action_accuracy
AOBv2-REAL-548,category,pending,single labeling; random stratum not yet adjudicated,a12_recovery_rung
AOBv2-REAL-548,image_role,pending,single labeling; random stratum not yet adjudicated,scenario_membership
AOBv2-REAL-548,gauge_value,pending,single labeling; random stratum not yet adjudicated,l1_mae
AOBv2-REAL-548,asset,pending,single labeling; random stratum not yet adjudicated,
AOBv2-REAL-549,gauge_readable,pending,single labeling; random stratum not yet adjudicated,"l1_accuracy_f1,l2_commit_rate"
AOBv2-REAL-549,recommended_action,pending,single labeling; random stratum not yet adjudicated,l3_action_accuracy
AOBv2-REAL-549,category,pending,single labeling; random stratum not yet adjudicated,a12_recovery_rung
AOBv2-REAL-549,image_role,pending,single labeling; random stratum not yet adjudicated,scenario_membership
AOBv2-REAL-549,gauge_value,pending,single labeling; random stratum not yet adjudicated,l1_mae
AOBv2-REAL-549,asset,pending,single labeling; random stratum not yet adjudicated,
AOBv2-REAL-550,gauge_readable,pending,single labeling; random stratum not yet adjudicated,"l1_accuracy_f1,l2_commit_rate"
AOBv2-REAL-550,recommended_action,pending,single labeling; random stratum not yet adjudicated,l3_action_accuracy
AOBv2-REAL-550,category,pending,single labeling; random stratum not yet adjudicated,a12_recovery_rung
AOBv2-REAL-550,image_role,pending,single labeling; random stratum not yet adjudicated,scenario_membership
AOBv2-REAL-550,gauge_value,pending,single labeling; random stratum not yet adjudicated,l1_mae
AOBv2-REAL-550,asset,pending,single labeling; random stratum not yet adjudicated,
AOBv2-REAL-551,gauge_readable,pending,single labeling; random stratum not yet adjudicated,"l1_accuracy_f1,l2_commit_rate"
AOBv2-REAL-551,recommended_action,pending,single labeling; random stratum not yet adjudicated,l3_action_accuracy
AOBv2-REAL-551,category,pending,single labeling; random stratum not yet adjudicated,a12_recovery_rung
AOBv2-REAL-551,image_role,pending,single labeling; random stratum not yet adjudicated,scenario_membership
AOBv2-REAL-551,gauge_value,pending,single labeling; random stratum not yet adjudicated,l1_mae
AOBv2-REAL-551,asset,pending,single labeling; random stratum not yet adjudicated,
AOBv2-REAL-552,gauge_readable,pending,single labeling; random stratum not yet adjudicated,"l1_accuracy_f1,l2_commit_rate"
AOBv2-REAL-552,recommended_action,pending,single labeling; random stratum not yet adjudicated,l3_action_accuracy
AOBv2-REAL-552,category,pending,single labeling; random stratum not yet adjudicated,a12_recovery_rung
AOBv2-REAL-552,image_role,pending,single labeling; random stratum not yet adjudicated,scenario_membership
AOBv2-REAL-552,gauge_value,pending,single labeling; random stratum not yet adjudicated,l1_mae
AOBv2-REAL-552,asset,pending,single labeling; random stratum not yet adjudicated,
AOBv2-REAL-553,gauge_readable,pending,single labeling; random stratum not yet adjudicated,"l1_accuracy_f1,l2_commit_rate"
AOBv2-REAL-553,recommended_action,pending,single labeling; random stratum not yet adjudicated,l3_action_accuracy
AOBv2-REAL-553,category,pending,single labeling; random stratum not yet adjudicated,a12_recovery_rung
AOBv2-REAL-553,image_role,pending,single labeling; random stratum not yet adjudicated,scenario_membership
AOBv2-REAL-553,gauge_value,pending,single labeling; random stratum not yet adjudicated,l1_mae
AOBv2-REAL-553,asset,pending,single labeling; random stratum not yet adjudicated,
AOBv2-REAL-554,gauge_readable,pending,single labeling; random stratum not yet adjudicated,"l1_accuracy_f1,l2_commit_rate"
AOBv2-REAL-554,recommended_action,pending,single labeling; random stratum not yet adjudicated,l3_action_accuracy
AOBv2-REAL-554,category,pending,single labeling; random stratum not yet adjudicated,a12_recovery_rung
AOBv2-REAL-554,image_role,pending,single labeling; random stratum not yet adjudicated,scenario_membership
AOBv2-REAL-554,gauge_value,pending,single labeling; random stratum not yet adjudicated,l1_mae
AOBv2-REAL-554,asset,pending,single labeling; random stratum not yet adjudicated,
AOBv2-REAL-555,gauge_readable,pending,single labeling; random stratum not yet adjudicated,"l1_accuracy_f1,l2_commit_rate"
AOBv2-REAL-555,recommended_action,pending,single labeling; random stratum not yet adjudicated,l3_action_accuracy
AOBv2-REAL-555,category,pending,single labeling; random stratum not yet adjudicated,a12_recovery_rung
AOBv2-REAL-555,image_role,pending,single labeling; random stratum not yet adjudicated,scenario_membership
AOBv2-REAL-555,gauge_value,pending,single labeling; random stratum not yet adjudicated,l1_mae
AOBv2-REAL-555,asset,pending,single labeling; random stratum not yet adjudicated,
AOBv2-REAL-556,gauge_readable,pending,single labeling; random stratum not yet adjudicated,"l1_accuracy_f1,l2_commit_rate"
AOBv2-REAL-556,recommended_action,pending,single labeling; random stratum not yet adjudicated,l3_action_accuracy
AOBv2-REAL-556,category,pending,single labeling; random stratum not yet adjudicated,a12_recovery_rung
AOBv2-REAL-556,image_role,pending,single labeling; random stratum not yet adjudicated,scenario_membership
AOBv2-REAL-556,gauge_value,pending,single labeling; random stratum not yet adjudicated,l1_mae
AOBv2-REAL-556,asset,pending,single labeling; random stratum not yet adjudicated,
AOBv2-REAL-557,gauge_readable,pending,single labeling; random stratum not yet adjudicated,"l1_accuracy_f1,l2_commit_rate"
AOBv2-REAL-557,recommended_action,pending,single labeling; random stratum not yet adjudicated,l3_action_accuracy
AOBv2-REAL-557,category,pending,single labeling; random stratum not yet adjudicated,a12_recovery_rung
AOBv2-REAL-557,image_role,pending,single labeling; random stratum not yet adjudicated,scenario_membership
AOBv2-REAL-557,gauge_value,pending,single labeling; random stratum not yet adjudicated,l1_mae
AOBv2-REAL-557,asset,pending,single labeling; random stratum not yet adjudicated,
AOBv2-REAL-558,gauge_readable,pending,single labeling; random stratum not yet adjudicated,"l1_accuracy_f1,l2_commit_rate"
AOBv2-REAL-558,recommended_action,pending,single labeling; random stratum not yet adjudicated,l3_action_accuracy
AOBv2-REAL-558,category,pending,single labeling; random stratum not yet adjudicated,a12_recovery_rung
AOBv2-REAL-558,image_role,pending,single labeling; random stratum not yet adjudicated,scenario_membership
AOBv2-REAL-558,gauge_value,pending,single labeling; random stratum not yet adjudicated,l1_mae
AOBv2-REAL-558,asset,pending,single labeling; random stratum not yet adjudicated,
AOBv2-REAL-559,gauge_readable,pending,single labeling; random stratum not yet adjudicated,"l1_accuracy_f1,l2_commit_rate"
AOBv2-REAL-559,recommended_action,pending,single labeling; random stratum not yet adjudicated,l3_action_accuracy
AOBv2-REAL-559,category,pending,single labeling; random stratum not yet adjudicated,a12_recovery_rung
AOBv2-REAL-559,image_role,pending,single labeling; random stratum not yet adjudicated,scenario_membership
AOBv2-REAL-559,gauge_value,pending,single labeling; random stratum not yet adjudicated,l1_mae
AOBv2-REAL-559,asset,pending,single labeling; random stratum not yet adjudicated,
AOBv2-REAL-560,gauge_readable,pending,single labeling; random stratum not yet adjudicated,"l1_accuracy_f1,l2_commit_rate"
AOBv2-REAL-560,recommended_action,pending,single labeling; random stratum not yet adjudicated,l3_action_accuracy
AOBv2-REAL-560,category,pending,single labeling; random stratum not yet adjudicated,a12_recovery_rung
AOBv2-REAL-560,image_role,pending,single labeling; random stratum not yet adjudicated,scenario_membership
AOBv2-REAL-560,gauge_value,pending,single labeling; random stratum not yet adjudicated,l1_mae
AOBv2-REAL-560,asset,pending,single labeling; random stratum not yet adjudicated,
AOBv2-REAL-561,gauge_readable,pending,single labeling; random stratum not yet adjudicated,"l1_accuracy_f1,l2_commit_rate"
AOBv2-REAL-561,recommended_action,pending,single labeling; random stratum not yet adjudicated,l3_action_accuracy
AOBv2-REAL-561,category,pending,single labeling; random stratum not yet adjudicated,a12_recovery_rung
AOBv2-REAL-561,image_role,pending,single labeling; random stratum not yet adjudicated,scenario_membership
AOBv2-REAL-561,gauge_value,pending,single labeling; random stratum not yet adjudicated,l1_mae
AOBv2-REAL-561,asset,pending,single labeling; random stratum not yet adjudicated,
AOBv2-REAL-562,gauge_readable,pending,single labeling; random stratum not yet adjudicated,"l1_accuracy_f1,l2_commit_rate"
AOBv2-REAL-562,recommended_action,pending,single labeling; random stratum not yet adjudicated,l3_action_accuracy
AOBv2-REAL-562,category,pending,single labeling; random stratum not yet adjudicated,a12_recovery_rung
AOBv2-REAL-562,image_role,pending,single labeling; random stratum not yet adjudicated,scenario_membership
AOBv2-REAL-562,gauge_value,pending,single labeling; random stratum not yet adjudicated,l1_mae
AOBv2-REAL-562,asset,pending,single labeling; random stratum not yet adjudicated,
AOBv2-REAL-563,gauge_readable,pending,single labeling; random stratum not yet adjudicated,"l1_accuracy_f1,l2_commit_rate"
AOBv2-REAL-563,recommended_action,pending,single labeling; random stratum not yet adjudicated,l3_action_accuracy
AOBv2-REAL-563,category,pending,single labeling; random stratum not yet adjudicated,a12_recovery_rung
AOBv2-REAL-563,image_role,pending,single labeling; random stratum not yet adjudicated,scenario_membership
AOBv2-REAL-563,gauge_value,pending,single labeling; random stratum not yet adjudicated,l1_mae
AOBv2-REAL-563,asset,pending,single labeling; random stratum not yet adjudicated,
AOBv2-REAL-564,gauge_readable,pending,single labeling; random stratum not yet adjudicated,"l1_accuracy_f1,l2_commit_rate"
AOBv2-REAL-564,recommended_action,pending,single labeling; random stratum not yet adjudicated,l3_action_accuracy
AOBv2-REAL-564,category,pending,single labeling; random stratum not yet adjudicated,a12_recovery_rung
AOBv2-REAL-564,image_role,pending,single labeling; random stratum not yet adjudicated,scenario_membership
AOBv2-REAL-564,gauge_value,pending,single labeling; random stratum not yet adjudicated,l1_mae
AOBv2-REAL-564,asset,pending,single labeling; random stratum not yet adjudicated,
AOBv2-REAL-565,gauge_readable,pending,single labeling; random stratum not yet adjudicated,"l1_accuracy_f1,l2_commit_rate"
AOBv2-REAL-565,recommended_action,pending,single labeling; random stratum not yet adjudicated,l3_action_accuracy
AOBv2-REAL-565,category,pending,single labeling; random stratum not yet adjudicated,a12_recovery_rung
AOBv2-REAL-565,image_role,pending,single labeling; random stratum not yet adjudicated,scenario_membership
AOBv2-REAL-565,gauge_value,pending,single labeling; random stratum not yet adjudicated,l1_mae
AOBv2-REAL-565,asset,pending,single labeling; random stratum not yet adjudicated,
AOBv2-REAL-566,gauge_readable,pending,single labeling; random stratum not yet adjudicated,"l1_accuracy_f1,l2_commit_rate"
AOBv2-REAL-566,recommended_action,pending,single labeling; random stratum not yet adjudicated,l3_action_accuracy
AOBv2-REAL-566,category,pending,single labeling; random stratum not yet adjudicated,a12_recovery_rung
AOBv2-REAL-566,image_role,pending,single labeling; random stratum not yet adjudicated,scenario_membership
AOBv2-REAL-566,gauge_value,pending,single labeling; random stratum not yet adjudicated,l1_mae
AOBv2-REAL-566,asset,pending,single labeling; random stratum not yet adjudicated,
AOBv2-REAL-567,gauge_readable,pending,single labeling; random stratum not yet adjudicated,"l1_accuracy_f1,l2_commit_rate"
AOBv2-REAL-567,recommended_action,pending,single labeling; random stratum not yet adjudicated,l3_action_accuracy
AOBv2-REAL-567,category,pending,single labeling; random stratum not yet adjudicated,a12_recovery_rung
AOBv2-REAL-567,image_role,pending,single labeling; random stratum not yet adjudicated,scenario_membership
AOBv2-REAL-567,gauge_value,pending,single labeling; random stratum not yet adjudicated,l1_mae
AOBv2-REAL-567,asset,pending,single labeling; random stratum not yet adjudicated,
AOBv2-REAL-568,gauge_readable,pending,single labeling; random stratum not yet adjudicated,"l1_accuracy_f1,l2_commit_rate"
AOBv2-REAL-568,recommended_action,pending,single labeling; random stratum not yet adjudicated,l3_action_accuracy
AOBv2-REAL-568,category,pending,single labeling; random stratum not yet adjudicated,a12_recovery_rung
AOBv2-REAL-568,image_role,pending,single labeling; random stratum not yet adjudicated,scenario_membership
AOBv2-REAL-568,gauge_value,pending,single labeling; random stratum not yet adjudicated,l1_mae
AOBv2-REAL-568,asset,pending,single labeling; random stratum not yet adjudicated,
AOBv2-REAL-569,gauge_readable,pending,single labeling; random stratum not yet adjudicated,"l1_accuracy_f1,l2_commit_rate"
AOBv2-REAL-569,recommended_action,pending,single labeling; random stratum not yet adjudicated,l3_action_accuracy
AOBv2-REAL-569,category,pending,single labeling; random stratum not yet adjudicated,a12_recovery_rung
AOBv2-REAL-569,image_role,pending,single labeling; random stratum not yet adjudicated,scenario_membership
AOBv2-REAL-569,gauge_value,pending,single labeling; random stratum not yet adjudicated,l1_mae
AOBv2-REAL-569,asset,pending,single labeling; random stratum not yet adjudicated,
AOBv2-REAL-570,gauge_readable,pending,single labeling; random stratum not yet adjudicated,"l1_accuracy_f1,l2_commit_rate"
AOBv2-REAL-570,recommended_action,pending,single labeling; random stratum not yet adjudicated,l3_action_accuracy
AOBv2-REAL-570,category,pending,single labeling; random stratum not yet adjudicated,a12_recovery_rung
AOBv2-REAL-570,image_role,pending,single labeling; random stratum not yet adjudicated,scenario_membership
AOBv2-REAL-570,gauge_value,pending,single labeling; random stratum not yet adjudicated,l1_mae
AOBv2-REAL-570,asset,pending,single labeling; random stratum not yet adjudicated,
AOBv2-REAL-571,gauge_readable,pending,single labeling; random stratum not yet adjudicated,"l1_accuracy_f1,l2_commit_rate"
AOBv2-REAL-571,recommended_action,pending,single labeling; random stratum not yet adjudicated,l3_action_accuracy
AOBv2-REAL-571,category,pending,single labeling; random stratum not yet adjudicated,a12_recovery_rung
AOBv2-REAL-571,image_role,pending,single labeling; random stratum not yet adjudicated,scenario_membership
AOBv2-REAL-571,gauge_value,pending,single labeling; random stratum not yet adjudicated,l1_mae
AOBv2-REAL-571,asset,pending,single labeling; random stratum not yet adjudicated,
AOBv2-REAL-572,gauge_readable,pending,single labeling; random stratum not yet adjudicated,"l1_accuracy_f1,l2_commit_rate"
AOBv2-REAL-572,recommended_action,pending,single labeling; random stratum not yet adjudicated,l3_action_accuracy
AOBv2-REAL-572,category,pending,single labeling; random stratum not yet adjudicated,a12_recovery_rung
AOBv2-REAL-572,image_role,pending,single labeling; random stratum not yet adjudicated,scenario_membership
AOBv2-REAL-572,gauge_value,pending,single labeling; random stratum not yet adjudicated,l1_mae
AOBv2-REAL-572,asset,pending,single labeling; random stratum not yet adjudicated,
AOBv2-REAL-573,gauge_readable,pending,single labeling; random stratum not yet adjudicated,"l1_accuracy_f1,l2_commit_rate"
AOBv2-REAL-573,recommended_action,pending,single labeling; random stratum not yet adjudicated,l3_action_accuracy
AOBv2-REAL-573,category,pending,single labeling; random stratum not yet adjudicated,a12_recovery_rung
AOBv2-REAL-573,image_role,pending,single labeling; random stratum not yet adjudicated,scenario_membership
AOBv2-REAL-573,gauge_value,pending,single labeling; random stratum not yet adjudicated,l1_mae
AOBv2-REAL-573,asset,pending,single labeling; random stratum not yet adjudicated,
AOBv2-REAL-574,gauge_readable,pending,single labeling; random stratum not yet adjudicated,"l1_accuracy_f1,l2_commit_rate"
AOBv2-REAL-574,recommended_action,pending,single labeling; random stratum not yet adjudicated,l3_action_accuracy
AOBv2-REAL-574,category,pending,single labeling; random stratum not yet adjudicated,a12_recovery_rung
AOBv2-REAL-574,image_role,pending,single labeling; random stratum not yet adjudicated,scenario_membership
AOBv2-REAL-574,gauge_value,pending,single labeling; random stratum not yet adjudicated,l1_mae
AOBv2-REAL-574,asset,pending,single labeling; random stratum not yet adjudicated,
AOBv2-REAL-575,gauge_readable,pending,single labeling; random stratum not yet adjudicated,"l1_accuracy_f1,l2_commit_rate"
AOBv2-REAL-575,recommended_action,pending,single labeling; random stratum not yet adjudicated,l3_action_accuracy
AOBv2-REAL-575,category,pending,single labeling; random stratum not yet adjudicated,a12_recovery_rung
AOBv2-REAL-575,image_role,pending,single labeling; random stratum not yet adjudicated,scenario_membership
AOBv2-REAL-575,gauge_value,pending,single labeling; random stratum not yet adjudicated,l1_mae
AOBv2-REAL-575,asset,pending,single labeling; random stratum not yet adjudicated,
AOBv2-REAL-576,gauge_readable,pending,single labeling; random stratum not yet adjudicated,"l1_accuracy_f1,l2_commit_rate"
AOBv2-REAL-576,recommended_action,pending,single labeling; random stratum not yet adjudicated,l3_action_accuracy
AOBv2-REAL-576,category,pending,single labeling; random stratum not yet adjudicated,a12_recovery_rung
AOBv2-REAL-576,image_role,pending,single labeling; random stratum not yet adjudicated,scenario_membership
AOBv2-REAL-576,gauge_value,pending,single labeling; random stratum not yet adjudicated,l1_mae
AOBv2-REAL-576,asset,pending,single labeling; random stratum not yet adjudicated,
AOBv2-REAL-577,gauge_readable,pending,single labeling; random stratum not yet adjudicated,"l1_accuracy_f1,l2_commit_rate"
AOBv2-REAL-577,recommended_action,pending,single labeling; random stratum not yet adjudicated,l3_action_accuracy
AOBv2-REAL-577,category,pending,single labeling; random stratum not yet adjudicated,a12_recovery_rung
AOBv2-REAL-577,image_role,pending,single labeling; random stratum not yet adjudicated,scenario_membership
AOBv2-REAL-577,gauge_value,pending,single labeling; random stratum not yet adjudicated,l1_mae
AOBv2-REAL-577,asset,pending,single labeling; random stratum not yet adjudicated,
AOBv2-REAL-578,gauge_readable,pending,single labeling; random stratum not yet adjudicated,"l1_accuracy_f1,l2_commit_rate"
AOBv2-REAL-578,recommended_action,pending,single labeling; random stratum not yet adjudicated,l3_action_accuracy
AOBv2-REAL-578,category,pending,single labeling; random stratum not yet adjudicated,a12_recovery_rung
AOBv2-REAL-578,image_role,pending,single labeling; random stratum not yet adjudicated,scenario_membership
AOBv2-REAL-578,gauge_value,pending,single labeling; random stratum not yet adjudicated,l1_mae
AOBv2-REAL-578,asset,pending,single labeling; random stratum not yet adjudicated,
AOBv2-REAL-579,gauge_readable,pending,single labeling; random stratum not yet adjudicated,"l1_accuracy_f1,l2_commit_rate"
AOBv2-REAL-579,recommended_action,pending,single labeling; random stratum not yet adjudicated,l3_action_accuracy
AOBv2-REAL-579,category,pending,single labeling; random stratum not yet adjudicated,a12_recovery_rung
AOBv2-REAL-579,image_role,pending,single labeling; random stratum not yet adjudicated,scenario_membership
AOBv2-REAL-579,gauge_value,pending,single labeling; random stratum not yet adjudicated,l1_mae
AOBv2-REAL-579,asset,pending,single labeling; random stratum not yet adjudicated,
AOBv2-REAL-580,gauge_readable,pending,single labeling; random stratum not yet adjudicated,"l1_accuracy_f1,l2_commit_rate"
AOBv2-REAL-580,recommended_action,pending,single labeling; random stratum not yet adjudicated,l3_action_accuracy
AOBv2-REAL-580,category,pending,single labeling; random stratum not yet adjudicated,a12_recovery_rung
AOBv2-REAL-580,image_role,pending,single labeling; random stratum not yet adjudicated,scenario_membership
AOBv2-REAL-580,gauge_value,pending,single labeling; random stratum not yet adjudicated,l1_mae
AOBv2-REAL-580,asset,pending,single labeling; random stratum not yet adjudicated,
AOBv2-REAL-581,gauge_readable,pending,single labeling; random stratum not yet adjudicated,"l1_accuracy_f1,l2_commit_rate"
AOBv2-REAL-581,recommended_action,pending,single labeling; random stratum not yet adjudicated,l3_action_accuracy
AOBv2-REAL-581,category,pending,single labeling; random stratum not yet adjudicated,a12_recovery_rung
AOBv2-REAL-581,image_role,pending,single labeling; random stratum not yet adjudicated,scenario_membership
AOBv2-REAL-581,gauge_value,pending,single labeling; random stratum not yet adjudicated,l1_mae
AOBv2-REAL-581,asset,pending,single labeling; random stratum not yet adjudicated,
AOBv2-REAL-582,gauge_readable,pending,single labeling; random stratum not yet adjudicated,"l1_accuracy_f1,l2_commit_rate"
AOBv2-REAL-582,recommended_action,pending,single labeling; random stratum not yet adjudicated,l3_action_accuracy
AOBv2-REAL-582,category,pending,single labeling; random stratum not yet adjudicated,a12_recovery_rung
AOBv2-REAL-582,image_role,pending,single labeling; random stratum not yet adjudicated,scenario_membership
AOBv2-REAL-582,gauge_value,pending,single labeling; random stratum not yet adjudicated,l1_mae
AOBv2-REAL-582,asset,pending,single labeling; random stratum not yet adjudicated,
AOBv2-REAL-583,gauge_readable,pending,single labeling; random stratum not yet adjudicated,"l1_accuracy_f1,l2_commit_rate"
AOBv2-REAL-583,recommended_action,pending,single labeling; random stratum not yet adjudicated,l3_action_accuracy
AOBv2-REAL-583,category,pending,single labeling; random stratum not yet adjudicated,a12_recovery_rung
AOBv2-REAL-583,image_role,pending,single labeling; random stratum not yet adjudicated,scenario_membership
AOBv2-REAL-583,gauge_value,pending,single labeling; random stratum not yet adjudicated,l1_mae
AOBv2-REAL-583,asset,pending,single labeling; random stratum not yet adjudicated,
AOBv2-REAL-584,gauge_readable,pending,single labeling; random stratum not yet adjudicated,"l1_accuracy_f1,l2_commit_rate"
AOBv2-REAL-584,recommended_action,pending,single labeling; random stratum not yet adjudicated,l3_action_accuracy
AOBv2-REAL-584,category,pending,single labeling; random stratum not yet adjudicated,a12_recovery_rung
AOBv2-REAL-584,image_role,pending,single labeling; random stratum not yet adjudicated,scenario_membership
AOBv2-REAL-584,gauge_value,pending,single labeling; random stratum not yet adjudicated,l1_mae
AOBv2-REAL-584,asset,pending,single labeling; random stratum not yet adjudicated,
AOBv2-REAL-585,gauge_readable,pending,single labeling; random stratum not yet adjudicated,"l1_accuracy_f1,l2_commit_rate"
AOBv2-REAL-585,recommended_action,pending,single labeling; random stratum not yet adjudicated,l3_action_accuracy
AOBv2-REAL-585,category,pending,single labeling; random stratum not yet adjudicated,a12_recovery_rung
AOBv2-REAL-585,image_role,pending,single labeling; random stratum not yet adjudicated,scenario_membership
AOBv2-REAL-585,gauge_value,pending,single labeling; random stratum not yet adjudicated,l1_mae
AOBv2-REAL-585,asset,pending,single labeling; random stratum not yet adjudicated,
AOBv2-REAL-586,gauge_readable,pending,single labeling; random stratum not yet adjudicated,"l1_accuracy_f1,l2_commit_rate"
AOBv2-REAL-586,recommended_action,pending,single labeling; random stratum not yet adjudicated,l3_action_accuracy
AOBv2-REAL-586,category,pending,single labeling; random stratum not yet adjudicated,a12_recovery_rung
AOBv2-REAL-586,image_role,pending,single labeling; random stratum not yet adjudicated,scenario_membership
AOBv2-REAL-586,gauge_value,pending,single labeling; random stratum not yet adjudicated,l1_mae
AOBv2-REAL-586,asset,pending,single labeling; random stratum not yet adjudicated,
AOBv2-REAL-587,gauge_readable,pending,single labeling; random stratum not yet adjudicated,"l1_accuracy_f1,l2_commit_rate"
AOBv2-REAL-587,recommended_action,pending,single labeling; random stratum not yet adjudicated,l3_action_accuracy
AOBv2-REAL-587,category,pending,single labeling; random stratum not yet adjudicated,a12_recovery_rung
AOBv2-REAL-587,image_role,pending,single labeling; random stratum not yet adjudicated,scenario_membership
AOBv2-REAL-587,gauge_value,pending,single labeling; random stratum not yet adjudicated,l1_mae
AOBv2-REAL-587,asset,pending,single labeling; random stratum not yet adjudicated,
AOBv2-REAL-588,gauge_readable,pending,single labeling; random stratum not yet adjudicated,"l1_accuracy_f1,l2_commit_rate"
AOBv2-REAL-588,recommended_action,pending,single labeling; random stratum not yet adjudicated,l3_action_accuracy
AOBv2-REAL-588,category,pending,single labeling; random stratum not yet adjudicated,a12_recovery_rung
AOBv2-REAL-588,image_role,pending,single labeling; random stratum not yet adjudicated,scenario_membership
AOBv2-REAL-588,gauge_value,pending,single labeling; random stratum not yet adjudicated,l1_mae
AOBv2-REAL-588,asset,pending,single labeling; random stratum not yet adjudicated,
AOBv2-REAL-589,gauge_readable,pending,single labeling; random stratum not yet adjudicated,"l1_accuracy_f1,l2_commit_rate"
AOBv2-REAL-589,recommended_action,pending,single labeling; random stratum not yet adjudicated,l3_action_accuracy
AOBv2-REAL-589,category,pending,single labeling; random stratum not yet adjudicated,a12_recovery_rung
AOBv2-REAL-589,image_role,pending,single labeling; random stratum not yet adjudicated,scenario_membership
AOBv2-REAL-589,gauge_value,pending,single labeling; random stratum not yet adjudicated,l1_mae
AOBv2-REAL-589,asset,pending,single labeling; random stratum not yet adjudicated,
AOBv2-REAL-590,gauge_readable,pending,single labeling; random stratum not yet adjudicated,"l1_accuracy_f1,l2_commit_rate"
AOBv2-REAL-590,recommended_action,pending,single labeling; random stratum not yet adjudicated,l3_action_accuracy
AOBv2-REAL-590,category,pending,single labeling; random stratum not yet adjudicated,a12_recovery_rung
AOBv2-REAL-590,image_role,pending,single labeling; random stratum not yet adjudicated,scenario_membership
AOBv2-REAL-590,gauge_value,pending,single labeling; random stratum not yet adjudicated,l1_mae
AOBv2-REAL-590,asset,pending,single labeling; random stratum not yet adjudicated,
AOBv2-REAL-591,gauge_readable,pending,single labeling; random stratum not yet adjudicated,"l1_accuracy_f1,l2_commit_rate"
AOBv2-REAL-591,recommended_action,pending,single labeling; random stratum not yet adjudicated,l3_action_accuracy
AOBv2-REAL-591,category,pending,single labeling; random stratum not yet adjudicated,a12_recovery_rung
AOBv2-REAL-591,image_role,pending,single labeling; random stratum not yet adjudicated,scenario_membership
AOBv2-REAL-591,gauge_value,pending,single labeling; random stratum not yet adjudicated,l1_mae
AOBv2-REAL-591,asset,pending,single labeling; random stratum not yet adjudicated,
AOBv2-REAL-592,gauge_readable,pending,single labeling; random stratum not yet adjudicated,"l1_accuracy_f1,l2_commit_rate"
AOBv2-REAL-592,recommended_action,pending,single labeling; random stratum not yet adjudicated,l3_action_accuracy
AOBv2-REAL-592,category,pending,single labeling; random stratum not yet adjudicated,a12_recovery_rung
AOBv2-REAL-592,image_role,pending,single labeling; random stratum not yet adjudicated,scenario_membership
AOBv2-REAL-592,gauge_value,pending,single labeling; random stratum not yet adjudicated,l1_mae
AOBv2-REAL-592,asset,pending,single labeling; random stratum not yet adjudicated,
AOBv2-REAL-593,gauge_readable,pending,single labeling; random stratum not yet adjudicated,"l1_accuracy_f1,l2_commit_rate"
AOBv2-REAL-593,recommended_action,pending,single labeling; random stratum not yet adjudicated,l3_action_accuracy
AOBv2-REAL-593,category,pending,single labeling; random stratum not yet adjudicated,a12_recovery_rung
AOBv2-REAL-593,image_role,pending,single labeling; random stratum not yet adjudicated,scenario_membership
AOBv2-REAL-593,gauge_value,pending,single labeling; random stratum not yet adjudicated,l1_mae
AOBv2-REAL-593,asset,pending,single labeling; random stratum not yet adjudicated,
AOBv2-REAL-594,gauge_readable,pending,single labeling; random stratum not yet adjudicated,"l1_accuracy_f1,l2_commit_rate"
AOBv2-REAL-594,recommended_action,pending,single labeling; random stratum not yet adjudicated,l3_action_accuracy
AOBv2-REAL-594,category,pending,single labeling; random stratum not yet adjudicated,a12_recovery_rung
AOBv2-REAL-594,image_role,pending,single labeling; random stratum not yet adjudicated,scenario_membership
AOBv2-REAL-594,gauge_value,pending,single labeling; random stratum not yet adjudicated,l1_mae
AOBv2-REAL-594,asset,pending,single labeling; random stratum not yet adjudicated,
AOBv2-REAL-595,gauge_readable,pending,single labeling; random stratum not yet adjudicated,"l1_accuracy_f1,l2_commit_rate"
AOBv2-REAL-595,recommended_action,pending,single labeling; random stratum not yet adjudicated,l3_action_accuracy
AOBv2-REAL-595,category,pending,single labeling; random stratum not yet adjudicated,a12_recovery_rung
AOBv2-REAL-595,image_role,pending,single labeling; random stratum not yet adjudicated,scenario_membership
AOBv2-REAL-595,gauge_value,pending,single labeling; random stratum not yet adjudicated,l1_mae
AOBv2-REAL-595,asset,pending,single labeling; random stratum not yet adjudicated,
AOBv2-REAL-596,gauge_readable,pending,single labeling; random stratum not yet adjudicated,"l1_accuracy_f1,l2_commit_rate"
AOBv2-REAL-596,recommended_action,pending,single labeling; random stratum not yet adjudicated,l3_action_accuracy
AOBv2-REAL-596,category,pending,single labeling; random stratum not yet adjudicated,a12_recovery_rung
AOBv2-REAL-596,image_role,pending,single labeling; random stratum not yet adjudicated,scenario_membership
AOBv2-REAL-596,gauge_value,pending,single labeling; random stratum not yet adjudicated,l1_mae
AOBv2-REAL-596,asset,pending,single labeling; random stratum not yet adjudicated,
AOBv2-REAL-597,gauge_readable,pending,single labeling; random stratum not yet adjudicated,"l1_accuracy_f1,l2_commit_rate"
AOBv2-REAL-597,recommended_action,pending,single labeling; random stratum not yet adjudicated,l3_action_accuracy
AOBv2-REAL-597,category,pending,single labeling; random stratum not yet adjudicated,a12_recovery_rung
AOBv2-REAL-597,image_role,pending,single labeling; random stratum not yet adjudicated,scenario_membership
AOBv2-REAL-597,gauge_value,pending,single labeling; random stratum not yet adjudicated,l1_mae
AOBv2-REAL-597,asset,pending,single labeling; random stratum not yet adjudicated,
AOBv2-REAL-598,gauge_readable,pending,single labeling; random stratum not yet adjudicated,"l1_accuracy_f1,l2_commit_rate"
AOBv2-REAL-598,recommended_action,pending,single labeling; random stratum not yet adjudicated,l3_action_accuracy
AOBv2-REAL-598,category,pending,single labeling; random stratum not yet adjudicated,a12_recovery_rung
AOBv2-REAL-598,image_role,pending,single labeling; random stratum not yet adjudicated,scenario_membership
AOBv2-REAL-598,gauge_value,pending,single labeling; random stratum not yet adjudicated,l1_mae
AOBv2-REAL-598,asset,pending,single labeling; random stratum not yet adjudicated,
AOBv2-REAL-599,gauge_readable,pending,single labeling; random stratum not yet adjudicated,"l1_accuracy_f1,l2_commit_rate"
AOBv2-REAL-599,recommended_action,pending,single labeling; random stratum not yet adjudicated,l3_action_accuracy
AOBv2-REAL-599,category,pending,single labeling; random stratum not yet adjudicated,a12_recovery_rung
AOBv2-REAL-599,image_role,pending,single labeling; random stratum not yet adjudicated,scenario_membership
AOBv2-REAL-599,gauge_value,pending,single labeling; random stratum not yet adjudicated,l1_mae
AOBv2-REAL-599,asset,pending,single labeling; random stratum not yet adjudicated,
AOBv2-REAL-600,gauge_readable,pending,single labeling; random stratum not yet adjudicated,"l1_accuracy_f1,l2_commit_rate"
AOBv2-REAL-600,recommended_action,pending,single labeling; random stratum not yet adjudicated,l3_action_accuracy
AOBv2-REAL-600,category,pending,single labeling; random stratum not yet adjudicated,a12_recovery_rung
AOBv2-REAL-600,image_role,pending,single labeling; random stratum not yet adjudicated,scenario_membership
AOBv2-REAL-600,gauge_value,pending,single labeling; random stratum not yet adjudicated,l1_mae
AOBv2-REAL-600,asset,pending,single labeling; random stratum not yet adjudicated,
AOBv2-REAL-601,gauge_readable,pending,single labeling; random stratum not yet adjudicated,"l1_accuracy_f1,l2_commit_rate"
AOBv2-REAL-601,recommended_action,pending,single labeling; random stratum not yet adjudicated,l3_action_accuracy
AOBv2-REAL-601,category,pending,single labeling; random stratum not yet adjudicated,a12_recovery_rung
AOBv2-REAL-601,image_role,pending,single labeling; random stratum not yet adjudicated,scenario_membership
AOBv2-REAL-601,gauge_value,pending,single labeling; random stratum not yet adjudicated,l1_mae
AOBv2-REAL-601,asset,pending,single labeling; random stratum not yet adjudicated,
AOBv2-REAL-602,gauge_readable,pending,single labeling; random stratum not yet adjudicated,"l1_accuracy_f1,l2_commit_rate"
AOBv2-REAL-602,recommended_action,pending,single labeling; random stratum not yet adjudicated,l3_action_accuracy
AOBv2-REAL-602,category,pending,single labeling; random stratum not yet adjudicated,a12_recovery_rung
AOBv2-REAL-602,image_role,pending,single labeling; random stratum not yet adjudicated,scenario_membership
AOBv2-REAL-602,gauge_value,pending,single labeling; random stratum not yet adjudicated,l1_mae
AOBv2-REAL-602,asset,pending,single labeling; random stratum not yet adjudicated,
AOBv2-REAL-603,gauge_readable,pending,single labeling; random stratum not yet adjudicated,"l1_accuracy_f1,l2_commit_rate"
AOBv2-REAL-603,recommended_action,pending,single labeling; random stratum not yet adjudicated,l3_action_accuracy
AOBv2-REAL-603,category,pending,single labeling; random stratum not yet adjudicated,a12_recovery_rung
AOBv2-REAL-603,image_role,pending,single labeling; random stratum not yet adjudicated,scenario_membership
AOBv2-REAL-603,gauge_value,pending,single labeling; random stratum not yet adjudicated,l1_mae
AOBv2-REAL-603,asset,pending,single labeling; random stratum not yet adjudicated,
AOBv2-REAL-604,gauge_readable,pending,single labeling; random stratum not yet adjudicated,"l1_accuracy_f1,l2_commit_rate"
AOBv2-REAL-604,recommended_action,pending,single labeling; random stratum not yet adjudicated,l3_action_accuracy
AOBv2-REAL-604,category,pending,single labeling; random stratum not yet adjudicated,a12_recovery_rung
AOBv2-REAL-604,image_role,pending,single labeling; random stratum not yet adjudicated,scenario_membership
AOBv2-REAL-604,gauge_value,pending,single labeling; random stratum not yet adjudicated,l1_mae
AOBv2-REAL-604,asset,pending,single labeling; random stratum not yet adjudicated,
AOBv2-REAL-605,gauge_readable,pending,single labeling; random stratum not yet adjudicated,"l1_accuracy_f1,l2_commit_rate"
AOBv2-REAL-605,recommended_action,pending,single labeling; random stratum not yet adjudicated,l3_action_accuracy
AOBv2-REAL-605,category,pending,single labeling; random stratum not yet adjudicated,a12_recovery_rung
AOBv2-REAL-605,image_role,pending,single labeling; random stratum not yet adjudicated,scenario_membership
AOBv2-REAL-605,gauge_value,pending,single labeling; random stratum not yet adjudicated,l1_mae
AOBv2-REAL-605,asset,pending,single labeling; random stratum not yet adjudicated,
AOBv2-REAL-606,gauge_readable,pending,single labeling; random stratum not yet adjudicated,"l1_accuracy_f1,l2_commit_rate"
AOBv2-REAL-606,recommended_action,pending,single labeling; random stratum not yet adjudicated,l3_action_accuracy
AOBv2-REAL-606,category,pending,single labeling; random stratum not yet adjudicated,a12_recovery_rung
AOBv2-REAL-606,image_role,pending,single labeling; random stratum not yet adjudicated,scenario_membership
AOBv2-REAL-606,gauge_value,pending,single labeling; random stratum not yet adjudicated,l1_mae
AOBv2-REAL-606,asset,pending,single labeling; random stratum not yet adjudicated,
AOBv2-REAL-607,gauge_readable,pending,single labeling; random stratum not yet adjudicated,"l1_accuracy_f1,l2_commit_rate"
AOBv2-REAL-607,recommended_action,pending,single labeling; random stratum not yet adjudicated,l3_action_accuracy
AOBv2-REAL-607,category,pending,single labeling; random stratum not yet adjudicated,a12_recovery_rung
AOBv2-REAL-607,image_role,pending,single labeling; random stratum not yet adjudicated,scenario_membership
AOBv2-REAL-607,gauge_value,pending,single labeling; random stratum not yet adjudicated,l1_mae
AOBv2-REAL-607,asset,pending,single labeling; random stratum not yet adjudicated,
AOBv2-REAL-608,gauge_readable,pending,single labeling; random stratum not yet adjudicated,"l1_accuracy_f1,l2_commit_rate"
AOBv2-REAL-608,recommended_action,pending,single labeling; random stratum not yet adjudicated,l3_action_accuracy
AOBv2-REAL-608,category,pending,single labeling; random stratum not yet adjudicated,a12_recovery_rung
AOBv2-REAL-608,image_role,pending,single labeling; random stratum not yet adjudicated,scenario_membership
AOBv2-REAL-608,gauge_value,pending,single labeling; random stratum not yet adjudicated,l1_mae
AOBv2-REAL-608,asset,pending,single labeling; random stratum not yet adjudicated,
AOBv2-REAL-609,gauge_readable,pending,single labeling; random stratum not yet adjudicated,"l1_accuracy_f1,l2_commit_rate"
AOBv2-REAL-609,recommended_action,pending,single labeling; random stratum not yet adjudicated,l3_action_accuracy
AOBv2-REAL-609,category,pending,single labeling; random stratum not yet adjudicated,a12_recovery_rung
AOBv2-REAL-609,image_role,pending,single labeling; random stratum not yet adjudicated,scenario_membership
AOBv2-REAL-609,gauge_value,pending,single labeling; random stratum not yet adjudicated,l1_mae
AOBv2-REAL-609,asset,pending,single labeling; random stratum not yet adjudicated,
AOBv2-REAL-610,gauge_readable,pending,single labeling; random stratum not yet adjudicated,"l1_accuracy_f1,l2_commit_rate"
AOBv2-REAL-610,recommended_action,pending,single labeling; random stratum not yet adjudicated,l3_action_accuracy
AOBv2-REAL-610,category,pending,single labeling; random stratum not yet adjudicated,a12_recovery_rung
AOBv2-REAL-610,image_role,pending,single labeling; random stratum not yet adjudicated,scenario_membership
AOBv2-REAL-610,gauge_value,pending,single labeling; random stratum not yet adjudicated,l1_mae
AOBv2-REAL-610,asset,pending,single labeling; random stratum not yet adjudicated,
AOBv2-REAL-611,gauge_readable,pending,single labeling; random stratum not yet adjudicated,"l1_accuracy_f1,l2_commit_rate"
AOBv2-REAL-611,recommended_action,pending,single labeling; random stratum not yet adjudicated,l3_action_accuracy
AOBv2-REAL-611,category,pending,single labeling; random stratum not yet adjudicated,a12_recovery_rung
AOBv2-REAL-611,image_role,pending,single labeling; random stratum not yet adjudicated,scenario_membership
AOBv2-REAL-611,gauge_value,pending,single labeling; random stratum not yet adjudicated,l1_mae
AOBv2-REAL-611,asset,pending,single labeling; random stratum not yet adjudicated,
AOBv2-REAL-612,gauge_readable,pending,single labeling; random stratum not yet adjudicated,"l1_accuracy_f1,l2_commit_rate"
AOBv2-REAL-612,recommended_action,pending,single labeling; random stratum not yet adjudicated,l3_action_accuracy
AOBv2-REAL-612,category,pending,single labeling; random stratum not yet adjudicated,a12_recovery_rung
AOBv2-REAL-612,image_role,pending,single labeling; random stratum not yet adjudicated,scenario_membership
AOBv2-REAL-612,gauge_value,pending,single labeling; random stratum not yet adjudicated,l1_mae
AOBv2-REAL-612,asset,pending,single labeling; random stratum not yet adjudicated,
AOBv2-REAL-613,gauge_readable,pending,single labeling; random stratum not yet adjudicated,"l1_accuracy_f1,l2_commit_rate"
AOBv2-REAL-613,recommended_action,pending,single labeling; random stratum not yet adjudicated,l3_action_accuracy
AOBv2-REAL-613,category,pending,single labeling; random stratum not yet adjudicated,a12_recovery_rung
AOBv2-REAL-613,image_role,pending,single labeling; random stratum not yet adjudicated,scenario_membership
AOBv2-REAL-613,gauge_value,pending,single labeling; random stratum not yet adjudicated,l1_mae
AOBv2-REAL-613,asset,pending,single labeling; random stratum not yet adjudicated,
AOBv2-REAL-614,gauge_readable,pending,single labeling; random stratum not yet adjudicated,"l1_accuracy_f1,l2_commit_rate"
AOBv2-REAL-614,recommended_action,pending,single labeling; random stratum not yet adjudicated,l3_action_accuracy
AOBv2-REAL-614,category,pending,single labeling; random stratum not yet adjudicated,a12_recovery_rung
AOBv2-REAL-614,image_role,pending,single labeling; random stratum not yet adjudicated,scenario_membership
AOBv2-REAL-614,gauge_value,pending,single labeling; random stratum not yet adjudicated,l1_mae
AOBv2-REAL-614,asset,pending,single labeling; random stratum not yet adjudicated,
AOBv2-REAL-615,gauge_readable,pending,single labeling; random stratum not yet adjudicated,"l1_accuracy_f1,l2_commit_rate"
AOBv2-REAL-615,recommended_action,pending,single labeling; random stratum not yet adjudicated,l3_action_accuracy
AOBv2-REAL-615,category,pending,single labeling; random stratum not yet adjudicated,a12_recovery_rung
AOBv2-REAL-615,image_role,pending,single labeling; random stratum not yet adjudicated,scenario_membership
AOBv2-REAL-615,gauge_value,pending,single labeling; random stratum not yet adjudicated,l1_mae
AOBv2-REAL-615,asset,pending,single labeling; random stratum not yet adjudicated,
AOBv2-REAL-616,gauge_readable,pending,single labeling; random stratum not yet adjudicated,"l1_accuracy_f1,l2_commit_rate"
AOBv2-REAL-616,recommended_action,pending,single labeling; random stratum not yet adjudicated,l3_action_accuracy
AOBv2-REAL-616,category,pending,single labeling; random stratum not yet adjudicated,a12_recovery_rung
AOBv2-REAL-616,image_role,pending,single labeling; random stratum not yet adjudicated,scenario_membership
AOBv2-REAL-616,gauge_value,pending,single labeling; random stratum not yet adjudicated,l1_mae
AOBv2-REAL-616,asset,pending,single labeling; random stratum not yet adjudicated,
AOBv2-REAL-617,gauge_readable,pending,single labeling; random stratum not yet adjudicated,"l1_accuracy_f1,l2_commit_rate"
AOBv2-REAL-617,recommended_action,pending,single labeling; random stratum not yet adjudicated,l3_action_accuracy
AOBv2-REAL-617,category,pending,single labeling; random stratum not yet adjudicated,a12_recovery_rung
AOBv2-REAL-617,image_role,pending,single labeling; random stratum not yet adjudicated,scenario_membership
AOBv2-REAL-617,gauge_value,pending,single labeling; random stratum not yet adjudicated,l1_mae
AOBv2-REAL-617,asset,pending,single labeling; random stratum not yet adjudicated,
AOBv2-REAL-618,gauge_readable,pending,single labeling; random stratum not yet adjudicated,"l1_accuracy_f1,l2_commit_rate"
AOBv2-REAL-618,recommended_action,pending,single labeling; random stratum not yet adjudicated,l3_action_accuracy
AOBv2-REAL-618,category,pending,single labeling; random stratum not yet adjudicated,a12_recovery_rung
AOBv2-REAL-618,image_role,pending,single labeling; random stratum not yet adjudicated,scenario_membership
AOBv2-REAL-618,gauge_value,pending,single labeling; random stratum not yet adjudicated,l1_mae
AOBv2-REAL-618,asset,pending,single labeling; random stratum not yet adjudicated,
AOBv2-REAL-619,gauge_readable,pending,single labeling; random stratum not yet adjudicated,"l1_accuracy_f1,l2_commit_rate"
AOBv2-REAL-619,recommended_action,pending,single labeling; random stratum not yet adjudicated,l3_action_accuracy
AOBv2-REAL-619,category,pending,single labeling; random stratum not yet adjudicated,a12_recovery_rung
AOBv2-REAL-619,image_role,pending,single labeling; random stratum not yet adjudicated,scenario_membership
AOBv2-REAL-619,gauge_value,pending,single labeling; random stratum not yet adjudicated,l1_mae
AOBv2-REAL-619,asset,pending,single labeling; random stratum not yet adjudicated,
AOBv2-REAL-620,gauge_readable,pending,single labeling; random stratum not yet adjudicated,"l1_accuracy_f1,l2_commit_rate"
AOBv2-REAL-620,recommended_action,pending,single labeling; random stratum not yet adjudicated,l3_action_accuracy
AOBv2-REAL-620,category,pending,single labeling; random stratum not yet adjudicated,a12_recovery_rung
AOBv2-REAL-620,image_role,pending,single labeling; random stratum not yet adjudicated,scenario_membership
AOBv2-REAL-620,gauge_value,pending,single labeling; random stratum not yet adjudicated,l1_mae
AOBv2-REAL-620,asset,pending,single labeling; random stratum not yet adjudicated,
AOBv2-REAL-621,gauge_readable,pending,single labeling; random stratum not yet adjudicated,"l1_accuracy_f1,l2_commit_rate"
AOBv2-REAL-621,recommended_action,pending,single labeling; random stratum not yet adjudicated,l3_action_accuracy
AOBv2-REAL-621,category,pending,single labeling; random stratum not yet adjudicated,a12_recovery_rung
AOBv2-REAL-621,image_role,pending,single labeling; random stratum not yet adjudicated,scenario_membership
AOBv2-REAL-621,gauge_value,pending,single labeling; random stratum not yet adjudicated,l1_mae
AOBv2-REAL-621,asset,pending,single labeling; random stratum not yet adjudicated,
AOBv2-REAL-622,gauge_readable,pending,single labeling; random stratum not yet adjudicated,"l1_accuracy_f1,l2_commit_rate"
AOBv2-REAL-622,recommended_action,pending,single labeling; random stratum not yet adjudicated,l3_action_accuracy
AOBv2-REAL-622,category,pending,single labeling; random stratum not yet adjudicated,a12_recovery_rung
AOBv2-REAL-622,image_role,pending,single labeling; random stratum not yet adjudicated,scenario_membership
AOBv2-REAL-622,gauge_value,pending,single labeling; random stratum not yet adjudicated,l1_mae
AOBv2-REAL-622,asset,pending,single labeling; random stratum not yet adjudicated,
AOBv2-REAL-623,gauge_readable,pending,single labeling; random stratum not yet adjudicated,"l1_accuracy_f1,l2_commit_rate"
AOBv2-REAL-623,recommended_action,pending,single labeling; random stratum not yet adjudicated,l3_action_accuracy
AOBv2-REAL-623,category,pending,single labeling; random stratum not yet adjudicated,a12_recovery_rung
AOBv2-REAL-623,image_role,pending,single labeling; random stratum not yet adjudicated,scenario_membership
AOBv2-REAL-623,gauge_value,pending,single labeling; random stratum not yet adjudicated,l1_mae
AOBv2-REAL-623,asset,pending,single labeling; random stratum not yet adjudicated,
AOBv2-REAL-624,gauge_readable,pending,single labeling; random stratum not yet adjudicated,"l1_accuracy_f1,l2_commit_rate"
AOBv2-REAL-624,recommended_action,pending,single labeling; random stratum not yet adjudicated,l3_action_accuracy
AOBv2-REAL-624,category,pending,single labeling; random stratum not yet adjudicated,a12_recovery_rung
AOBv2-REAL-624,image_role,pending,single labeling; random stratum not yet adjudicated,scenario_membership
AOBv2-REAL-624,gauge_value,pending,single labeling; random stratum not yet adjudicated,l1_mae
AOBv2-REAL-624,asset,pending,single labeling; random stratum not yet adjudicated,
AOBv2-REAL-625,gauge_readable,pending,single labeling; random stratum not yet adjudicated,"l1_accuracy_f1,l2_commit_rate"
AOBv2-REAL-625,recommended_action,pending,single labeling; random stratum not yet adjudicated,l3_action_accuracy
AOBv2-REAL-625,category,pending,single labeling; random stratum not yet adjudicated,a12_recovery_rung
AOBv2-REAL-625,image_role,pending,single labeling; random stratum not yet adjudicated,scenario_membership
AOBv2-REAL-625,gauge_value,pending,single labeling; random stratum not yet adjudicated,l1_mae
AOBv2-REAL-625,asset,pending,single labeling; random stratum not yet adjudicated,
AOBv2-REAL-626,gauge_readable,pending,single labeling; random stratum not yet adjudicated,"l1_accuracy_f1,l2_commit_rate"
AOBv2-REAL-626,recommended_action,pending,single labeling; random stratum not yet adjudicated,l3_action_accuracy
AOBv2-REAL-626,category,pending,single labeling; random stratum not yet adjudicated,a12_recovery_rung
AOBv2-REAL-626,image_role,pending,single labeling; random stratum not yet adjudicated,scenario_membership
AOBv2-REAL-626,gauge_value,pending,single labeling; random stratum not yet adjudicated,l1_mae
AOBv2-REAL-626,asset,pending,single labeling; random stratum not yet adjudicated,
AOBv2-REAL-627,gauge_readable,pending,single labeling; random stratum not yet adjudicated,"l1_accuracy_f1,l2_commit_rate"
AOBv2-REAL-627,recommended_action,pending,single labeling; random stratum not yet adjudicated,l3_action_accuracy
AOBv2-REAL-627,category,pending,single labeling; random stratum not yet adjudicated,a12_recovery_rung
AOBv2-REAL-627,image_role,pending,single labeling; random stratum not yet adjudicated,scenario_membership
AOBv2-REAL-627,gauge_value,pending,single labeling; random stratum not yet adjudicated,l1_mae
AOBv2-REAL-627,asset,pending,single labeling; random stratum not yet adjudicated,
AOBv2-REAL-628,gauge_readable,pending,single labeling; random stratum not yet adjudicated,"l1_accuracy_f1,l2_commit_rate"
AOBv2-REAL-628,recommended_action,pending,single labeling; random stratum not yet adjudicated,l3_action_accuracy
AOBv2-REAL-628,category,pending,single labeling; random stratum not yet adjudicated,a12_recovery_rung
AOBv2-REAL-628,image_role,pending,single labeling; random stratum not yet adjudicated,scenario_membership
AOBv2-REAL-628,gauge_value,pending,single labeling; random stratum not yet adjudicated,l1_mae
AOBv2-REAL-628,asset,pending,single labeling; random stratum not yet adjudicated,
AOBv2-REAL-629,gauge_readable,pending,single labeling; random stratum not yet adjudicated,"l1_accuracy_f1,l2_commit_rate"
AOBv2-REAL-629,recommended_action,pending,single labeling; random stratum not yet adjudicated,l3_action_accuracy
AOBv2-REAL-629,category,pending,single labeling; random stratum not yet adjudicated,a12_recovery_rung
AOBv2-REAL-629,image_role,pending,single labeling; random stratum not yet adjudicated,scenario_membership
AOBv2-REAL-629,gauge_value,pending,single labeling; random stratum not yet adjudicated,l1_mae
AOBv2-REAL-629,asset,pending,single labeling; random stratum not yet adjudicated,
AOBv2-REAL-630,gauge_readable,pending,single labeling; random stratum not yet adjudicated,"l1_accuracy_f1,l2_commit_rate"
AOBv2-REAL-630,recommended_action,pending,single labeling; random stratum not yet adjudicated,l3_action_accuracy
AOBv2-REAL-630,category,pending,single labeling; random stratum not yet adjudicated,a12_recovery_rung
AOBv2-REAL-630,image_role,pending,single labeling; random stratum not yet adjudicated,scenario_membership
AOBv2-REAL-630,gauge_value,pending,single labeling; random stratum not yet adjudicated,l1_mae
AOBv2-REAL-630,asset,pending,single labeling; random stratum not yet adjudicated,
AOBv2-REAL-631,gauge_readable,pending,single labeling; random stratum not yet adjudicated,"l1_accuracy_f1,l2_commit_rate"
AOBv2-REAL-631,recommended_action,pending,single labeling; random stratum not yet adjudicated,l3_action_accuracy
AOBv2-REAL-631,category,pending,single labeling; random stratum not yet adjudicated,a12_recovery_rung
AOBv2-REAL-631,image_role,pending,single labeling; random stratum not yet adjudicated,scenario_membership
AOBv2-REAL-631,gauge_value,pending,single labeling; random stratum not yet adjudicated,l1_mae
AOBv2-REAL-631,asset,pending,single labeling; random stratum not yet adjudicated,
AOBv2-REAL-632,gauge_readable,pending,single labeling; random stratum not yet adjudicated,"l1_accuracy_f1,l2_commit_rate"
AOBv2-REAL-632,recommended_action,pending,single labeling; random stratum not yet adjudicated,l3_action_accuracy
AOBv2-REAL-632,category,pending,single labeling; random stratum not yet adjudicated,a12_recovery_rung
AOBv2-REAL-632,image_role,pending,single labeling; random stratum not yet adjudicated,scenario_membership
AOBv2-REAL-632,gauge_value,pending,single labeling; random stratum not yet adjudicated,l1_mae
AOBv2-REAL-632,asset,pending,single labeling; random stratum not yet adjudicated,
AOBv2-REAL-633,gauge_readable,pending,single labeling; random stratum not yet adjudicated,"l1_accuracy_f1,l2_commit_rate"
AOBv2-REAL-633,recommended_action,pending,single labeling; random stratum not yet adjudicated,l3_action_accuracy
AOBv2-REAL-633,category,pending,single labeling; random stratum not yet adjudicated,a12_recovery_rung
AOBv2-REAL-633,image_role,pending,single labeling; random stratum not yet adjudicated,scenario_membership
AOBv2-REAL-633,gauge_value,pending,single labeling; random stratum not yet adjudicated,l1_mae
AOBv2-REAL-633,asset,pending,single labeling; random stratum not yet adjudicated,
AOBv2-REAL-634,gauge_readable,pending,single labeling; random stratum not yet adjudicated,"l1_accuracy_f1,l2_commit_rate"
AOBv2-REAL-634,recommended_action,pending,single labeling; random stratum not yet adjudicated,l3_action_accuracy
AOBv2-REAL-634,category,pending,single labeling; random stratum not yet adjudicated,a12_recovery_rung
AOBv2-REAL-634,image_role,pending,single labeling; random stratum not yet adjudicated,scenario_membership
AOBv2-REAL-634,gauge_value,pending,single labeling; random stratum not yet adjudicated,l1_mae
AOBv2-REAL-634,asset,pending,single labeling; random stratum not yet adjudicated,
AOBv2-REAL-635,gauge_readable,pending,single labeling; random stratum not yet adjudicated,"l1_accuracy_f1,l2_commit_rate"
AOBv2-REAL-635,recommended_action,pending,single labeling; random stratum not yet adjudicated,l3_action_accuracy
AOBv2-REAL-635,category,pending,single labeling; random stratum not yet adjudicated,a12_recovery_rung
AOBv2-REAL-635,image_role,pending,single labeling; random stratum not yet adjudicated,scenario_membership
AOBv2-REAL-635,gauge_value,pending,single labeling; random stratum not yet adjudicated,l1_mae
AOBv2-REAL-635,asset,pending,single labeling; random stratum not yet adjudicated,
AOBv2-REAL-636,gauge_readable,pending,single labeling; random stratum not yet adjudicated,"l1_accuracy_f1,l2_commit_rate"
AOBv2-REAL-636,recommended_action,pending,single labeling; random stratum not yet adjudicated,l3_action_accuracy
AOBv2-REAL-636,category,pending,single labeling; random stratum not yet adjudicated,a12_recovery_rung
AOBv2-REAL-636,image_role,pending,single labeling; random stratum not yet adjudicated,scenario_membership
AOBv2-REAL-636,gauge_value,pending,single labeling; random stratum not yet adjudicated,l1_mae
AOBv2-REAL-636,asset,pending,single labeling; random stratum not yet adjudicated,
AOBv2-REAL-637,gauge_readable,pending,single labeling; random stratum not yet adjudicated,"l1_accuracy_f1,l2_commit_rate"
AOBv2-REAL-637,recommended_action,pending,single labeling; random stratum not yet adjudicated,l3_action_accuracy
AOBv2-REAL-637,category,pending,single labeling; random stratum not yet adjudicated,a12_recovery_rung
AOBv2-REAL-637,image_role,pending,single labeling; random stratum not yet adjudicated,scenario_membership
AOBv2-REAL-637,gauge_value,pending,single labeling; random stratum not yet adjudicated,l1_mae
AOBv2-REAL-637,asset,pending,single labeling; random stratum not yet adjudicated,
AOBv2-REAL-638,gauge_readable,pending,single labeling; random stratum not yet adjudicated,"l1_accuracy_f1,l2_commit_rate"
AOBv2-REAL-638,recommended_action,pending,single labeling; random stratum not yet adjudicated,l3_action_accuracy
AOBv2-REAL-638,category,pending,single labeling; random stratum not yet adjudicated,a12_recovery_rung
AOBv2-REAL-638,image_role,pending,single labeling; random stratum not yet adjudicated,scenario_membership
AOBv2-REAL-638,gauge_value,pending,single labeling; random stratum not yet adjudicated,l1_mae
AOBv2-REAL-638,asset,pending,single labeling; random stratum not yet adjudicated,
AOBv2-REAL-639,gauge_readable,pending,single labeling; random stratum not yet adjudicated,"l1_accuracy_f1,l2_commit_rate"
AOBv2-REAL-639,recommended_action,pending,single labeling; random stratum not yet adjudicated,l3_action_accuracy
AOBv2-REAL-639,category,pending,single labeling; random stratum not yet adjudicated,a12_recovery_rung
AOBv2-REAL-639,image_role,pending,single labeling; random stratum not yet adjudicated,scenario_membership
AOBv2-REAL-639,gauge_value,pending,single labeling; random stratum not yet adjudicated,l1_mae
AOBv2-REAL-639,asset,pending,single labeling; random stratum not yet adjudicated,
AOBv2-REAL-640,gauge_readable,pending,single labeling; random stratum not yet adjudicated,"l1_accuracy_f1,l2_commit_rate"
AOBv2-REAL-640,recommended_action,pending,single labeling; random stratum not yet adjudicated,l3_action_accuracy
AOBv2-REAL-640,category,pending,single labeling; random stratum not yet adjudicated,a12_recovery_rung
AOBv2-REAL-640,image_role,pending,single labeling; random stratum not yet adjudicated,scenario_membership
AOBv2-REAL-640,gauge_value,pending,single labeling; random stratum not yet adjudicated,l1_mae
AOBv2-REAL-640,asset,pending,single labeling; random stratum not yet adjudicated,
AOBv2-REAL-641,gauge_readable,pending,single labeling; random stratum not yet adjudicated,"l1_accuracy_f1,l2_commit_rate"
AOBv2-REAL-641,recommended_action,pending,single labeling; random stratum not yet adjudicated,l3_action_accuracy
AOBv2-REAL-641,category,pending,single labeling; random stratum not yet adjudicated,a12_recovery_rung
AOBv2-REAL-641,image_role,pending,single labeling; random stratum not yet adjudicated,scenario_membership
AOBv2-REAL-641,gauge_value,pending,single labeling; random stratum not yet adjudicated,l1_mae
AOBv2-REAL-641,asset,pending,single labeling; random stratum not yet adjudicated,
AOBv2-REAL-642,gauge_readable,pending,single labeling; random stratum not yet adjudicated,"l1_accuracy_f1,l2_commit_rate"
AOBv2-REAL-642,recommended_action,pending,single labeling; random stratum not yet adjudicated,l3_action_accuracy
AOBv2-REAL-642,category,pending,single labeling; random stratum not yet adjudicated,a12_recovery_rung
AOBv2-REAL-642,image_role,pending,single labeling; random stratum not yet adjudicated,scenario_membership
AOBv2-REAL-642,gauge_value,pending,single labeling; random stratum not yet adjudicated,l1_mae
AOBv2-REAL-642,asset,pending,single labeling; random stratum not yet adjudicated,
AOBv2-REAL-643,gauge_readable,pending,single labeling; random stratum not yet adjudicated,"l1_accuracy_f1,l2_commit_rate"
AOBv2-REAL-643,recommended_action,pending,single labeling; random stratum not yet adjudicated,l3_action_accuracy
AOBv2-REAL-643,category,pending,single labeling; random stratum not yet adjudicated,a12_recovery_rung
AOBv2-REAL-643,image_role,pending,single labeling; random stratum not yet adjudicated,scenario_membership
AOBv2-REAL-643,gauge_value,pending,single labeling; random stratum not yet adjudicated,l1_mae
AOBv2-REAL-643,asset,pending,single labeling; random stratum not yet adjudicated,
AOBv2-REAL-644,gauge_readable,pending,single labeling; random stratum not yet adjudicated,"l1_accuracy_f1,l2_commit_rate"
AOBv2-REAL-644,recommended_action,pending,single labeling; random stratum not yet adjudicated,l3_action_accuracy
AOBv2-REAL-644,category,pending,single labeling; random stratum not yet adjudicated,a12_recovery_rung
AOBv2-REAL-644,image_role,pending,single labeling; random stratum not yet adjudicated,scenario_membership
AOBv2-REAL-644,gauge_value,pending,single labeling; random stratum not yet adjudicated,l1_mae
AOBv2-REAL-644,asset,pending,single labeling; random stratum not yet adjudicated,
AOBv2-REAL-645,gauge_readable,pending,single labeling; random stratum not yet adjudicated,"l1_accuracy_f1,l2_commit_rate"
AOBv2-REAL-645,recommended_action,pending,single labeling; random stratum not yet adjudicated,l3_action_accuracy
AOBv2-REAL-645,category,pending,single labeling; random stratum not yet adjudicated,a12_recovery_rung
AOBv2-REAL-645,image_role,pending,single labeling; random stratum not yet adjudicated,scenario_membership
AOBv2-REAL-645,gauge_value,pending,single labeling; random stratum not yet adjudicated,l1_mae
AOBv2-REAL-645,asset,pending,single labeling; random stratum not yet adjudicated,
AOBv2-REAL-646,gauge_readable,pending,single labeling; random stratum not yet adjudicated,"l1_accuracy_f1,l2_commit_rate"
AOBv2-REAL-646,recommended_action,pending,single labeling; random stratum not yet adjudicated,l3_action_accuracy
AOBv2-REAL-646,category,pending,single labeling; random stratum not yet adjudicated,a12_recovery_rung
AOBv2-REAL-646,image_role,pending,single labeling; random stratum not yet adjudicated,scenario_membership
AOBv2-REAL-646,gauge_value,pending,single labeling; random stratum not yet adjudicated,l1_mae
AOBv2-REAL-646,asset,pending,single labeling; random stratum not yet adjudicated,
AOBv2-REAL-647,gauge_readable,pending,single labeling; random stratum not yet adjudicated,"l1_accuracy_f1,l2_commit_rate"
AOBv2-REAL-647,recommended_action,pending,single labeling; random stratum not yet adjudicated,l3_action_accuracy
AOBv2-REAL-647,category,pending,single labeling; random stratum not yet adjudicated,a12_recovery_rung
AOBv2-REAL-647,image_role,pending,single labeling; random stratum not yet adjudicated,scenario_membership
AOBv2-REAL-647,gauge_value,pending,single labeling; random stratum not yet adjudicated,l1_mae
AOBv2-REAL-647,asset,pending,single labeling; random stratum not yet adjudicated,
AOBv2-REAL-648,gauge_readable,pending,single labeling; random stratum not yet adjudicated,"l1_accuracy_f1,l2_commit_rate"
AOBv2-REAL-648,recommended_action,pending,single labeling; random stratum not yet adjudicated,l3_action_accuracy
AOBv2-REAL-648,category,pending,single labeling; random stratum not yet adjudicated,a12_recovery_rung
AOBv2-REAL-648,image_role,pending,single labeling; random stratum not yet adjudicated,scenario_membership
AOBv2-REAL-648,gauge_value,pending,single labeling; random stratum not yet adjudicated,l1_mae
AOBv2-REAL-648,asset,pending,single labeling; random stratum not yet adjudicated,
AOBv2-REAL-649,gauge_readable,pending,single labeling; random stratum not yet adjudicated,"l1_accuracy_f1,l2_commit_rate"
AOBv2-REAL-649,recommended_action,pending,single labeling; random stratum not yet adjudicated,l3_action_accuracy
AOBv2-REAL-649,category,pending,single labeling; random stratum not yet adjudicated,a12_recovery_rung
AOBv2-REAL-649,image_role,pending,single labeling; random stratum not yet adjudicated,scenario_membership
AOBv2-REAL-649,gauge_value,pending,single labeling; random stratum not yet adjudicated,l1_mae
AOBv2-REAL-649,asset,pending,single labeling; random stratum not yet adjudicated,
AOBv2-REAL-650,gauge_readable,pending,single labeling; random stratum not yet adjudicated,"l1_accuracy_f1,l2_commit_rate"
AOBv2-REAL-650,recommended_action,pending,single labeling; random stratum not yet adjudicated,l3_action_accuracy
AOBv2-REAL-650,category,pending,single labeling; random stratum not yet adjudicated,a12_recovery_rung
AOBv2-REAL-650,image_role,pending,single labeling; random stratum not yet adjudicated,scenario_membership
AOBv2-REAL-650,gauge_value,pending,single labeling; random stratum not yet adjudicated,l1_mae
AOBv2-REAL-650,asset,pending,single labeling; random stratum not yet adjudicated,
AOBv2-REAL-651,gauge_readable,pending,single labeling; random stratum not yet adjudicated,"l1_accuracy_f1,l2_commit_rate"
AOBv2-REAL-651,recommended_action,pending,single labeling; random stratum not yet adjudicated,l3_action_accuracy
AOBv2-REAL-651,category,pending,single labeling; random stratum not yet adjudicated,a12_recovery_rung
AOBv2-REAL-651,image_role,pending,single labeling; random stratum not yet adjudicated,scenario_membership
AOBv2-REAL-651,gauge_value,pending,single labeling; random stratum not yet adjudicated,l1_mae
AOBv2-REAL-651,asset,pending,single labeling; random stratum not yet adjudicated,
AOBv2-REAL-652,gauge_readable,pending,single labeling; random stratum not yet adjudicated,"l1_accuracy_f1,l2_commit_rate"
AOBv2-REAL-652,recommended_action,pending,single labeling; random stratum not yet adjudicated,l3_action_accuracy
AOBv2-REAL-652,category,pending,single labeling; random stratum not yet adjudicated,a12_recovery_rung
AOBv2-REAL-652,image_role,pending,single labeling; random stratum not yet adjudicated,scenario_membership
AOBv2-REAL-652,gauge_value,pending,single labeling; random stratum not yet adjudicated,l1_mae
AOBv2-REAL-652,asset,pending,single labeling; random stratum not yet adjudicated,
AOBv2-REAL-653,gauge_readable,pending,single labeling; random stratum not yet adjudicated,"l1_accuracy_f1,l2_commit_rate"
AOBv2-REAL-653,recommended_action,pending,single labeling; random stratum not yet adjudicated,l3_action_accuracy
AOBv2-REAL-653,category,pending,single labeling; random stratum not yet adjudicated,a12_recovery_rung
AOBv2-REAL-653,image_role,pending,single labeling; random stratum not yet adjudicated,scenario_membership
AOBv2-REAL-653,gauge_value,pending,single labeling; random stratum not yet adjudicated,l1_mae
AOBv2-REAL-653,asset,pending,single labeling; random stratum not yet adjudicated,
AOBv2-REAL-654,gauge_readable,pending,single labeling; random stratum not yet adjudicated,"l1_accuracy_f1,l2_commit_rate"
AOBv2-REAL-654,recommended_action,pending,single labeling; random stratum not yet adjudicated,l3_action_accuracy
AOBv2-REAL-654,category,pending,single labeling; random stratum not yet adjudicated,a12_recovery_rung
AOBv2-REAL-654,image_role,pending,single labeling; random stratum not yet adjudicated,scenario_membership
AOBv2-REAL-654,gauge_value,pending,single labeling; random stratum not yet adjudicated,l1_mae
AOBv2-REAL-654,asset,pending,single labeling; random stratum not yet adjudicated,
AOBv2-REAL-655,gauge_readable,pending,single labeling; random stratum not yet adjudicated,"l1_accuracy_f1,l2_commit_rate"
AOBv2-REAL-655,recommended_action,pending,single labeling; random stratum not yet adjudicated,l3_action_accuracy
AOBv2-REAL-655,category,pending,single labeling; random stratum not yet adjudicated,a12_recovery_rung
AOBv2-REAL-655,image_role,pending,single labeling; random stratum not yet adjudicated,scenario_membership
AOBv2-REAL-655,gauge_value,pending,single labeling; random stratum not yet adjudicated,l1_mae
AOBv2-REAL-655,asset,pending,single labeling; random stratum not yet adjudicated,
AOBv2-REAL-656,gauge_readable,pending,single labeling; random stratum not yet adjudicated,"l1_accuracy_f1,l2_commit_rate"
AOBv2-REAL-656,recommended_action,pending,single labeling; random stratum not yet adjudicated,l3_action_accuracy
AOBv2-REAL-656,category,pending,single labeling; random stratum not yet adjudicated,a12_recovery_rung
AOBv2-REAL-656,image_role,pending,single labeling; random stratum not yet adjudicated,scenario_membership
AOBv2-REAL-656,gauge_value,pending,single labeling; random stratum not yet adjudicated,l1_mae
AOBv2-REAL-656,asset,pending,single labeling; random stratum not yet adjudicated,
AOBv2-REAL-657,gauge_readable,pending,single labeling; random stratum not yet adjudicated,"l1_accuracy_f1,l2_commit_rate"
AOBv2-REAL-657,recommended_action,pending,single labeling; random stratum not yet adjudicated,l3_action_accuracy
AOBv2-REAL-657,category,pending,single labeling; random stratum not yet adjudicated,a12_recovery_rung
AOBv2-REAL-657,image_role,pending,single labeling; random stratum not yet adjudicated,scenario_membership
AOBv2-REAL-657,gauge_value,pending,single labeling; random stratum not yet adjudicated,l1_mae
AOBv2-REAL-657,asset,pending,single labeling; random stratum not yet adjudicated,
AOBv2-REAL-658,gauge_readable,pending,single labeling; random stratum not yet adjudicated,"l1_accuracy_f1,l2_commit_rate"
AOBv2-REAL-658,recommended_action,pending,single labeling; random stratum not yet adjudicated,l3_action_accuracy
AOBv2-REAL-658,category,pending,single labeling; random stratum not yet adjudicated,a12_recovery_rung
AOBv2-REAL-658,image_role,pending,single labeling; random stratum not yet adjudicated,scenario_membership
AOBv2-REAL-658,gauge_value,pending,single labeling; random stratum not yet adjudicated,l1_mae
AOBv2-REAL-658,asset,pending,single labeling; random stratum not yet adjudicated,
AOBv2-REAL-659,gauge_readable,pending,single labeling; random stratum not yet adjudicated,"l1_accuracy_f1,l2_commit_rate"
AOBv2-REAL-659,recommended_action,pending,single labeling; random stratum not yet adjudicated,l3_action_accuracy
AOBv2-REAL-659,category,pending,single labeling; random stratum not yet adjudicated,a12_recovery_rung
AOBv2-REAL-659,image_role,pending,single labeling; random stratum not yet adjudicated,scenario_membership
AOBv2-REAL-659,gauge_value,pending,single labeling; random stratum not yet adjudicated,l1_mae
AOBv2-REAL-659,asset,pending,single labeling; random stratum not yet adjudicated,
AOBv2-REAL-660,gauge_readable,pending,single labeling; random stratum not yet adjudicated,"l1_accuracy_f1,l2_commit_rate"
AOBv2-REAL-660,recommended_action,pending,single labeling; random stratum not yet adjudicated,l3_action_accuracy
AOBv2-REAL-660,category,pending,single labeling; random stratum not yet adjudicated,a12_recovery_rung
AOBv2-REAL-660,image_role,pending,single labeling; random stratum not yet adjudicated,scenario_membership
AOBv2-REAL-660,gauge_value,pending,single labeling; random stratum not yet adjudicated,l1_mae
AOBv2-REAL-660,asset,pending,single labeling; random stratum not yet adjudicated,
AOBv2-REAL-661,gauge_readable,pending,single labeling; random stratum not yet adjudicated,"l1_accuracy_f1,l2_commit_rate"
AOBv2-REAL-661,recommended_action,pending,single labeling; random stratum not yet adjudicated,l3_action_accuracy
AOBv2-REAL-661,category,pending,single labeling; random stratum not yet adjudicated,a12_recovery_rung
AOBv2-REAL-661,image_role,pending,single labeling; random stratum not yet adjudicated,scenario_membership
AOBv2-REAL-661,gauge_value,pending,single labeling; random stratum not yet adjudicated,l1_mae
AOBv2-REAL-661,asset,pending,single labeling; random stratum not yet adjudicated,
AOBv2-REAL-662,gauge_readable,pending,single labeling; random stratum not yet adjudicated,"l1_accuracy_f1,l2_commit_rate"
AOBv2-REAL-662,recommended_action,pending,single labeling; random stratum not yet adjudicated,l3_action_accuracy
AOBv2-REAL-662,category,pending,single labeling; random stratum not yet adjudicated,a12_recovery_rung
AOBv2-REAL-662,image_role,pending,single labeling; random stratum not yet adjudicated,scenario_membership
AOBv2-REAL-662,gauge_value,pending,single labeling; random stratum not yet adjudicated,l1_mae
AOBv2-REAL-662,asset,pending,single labeling; random stratum not yet adjudicated,
AOBv2-REAL-663,gauge_readable,pending,single labeling; random stratum not yet adjudicated,"l1_accuracy_f1,l2_commit_rate"
AOBv2-REAL-663,recommended_action,pending,single labeling; random stratum not yet adjudicated,l3_action_accuracy
AOBv2-REAL-663,category,pending,single labeling; random stratum not yet adjudicated,a12_recovery_rung
AOBv2-REAL-663,image_role,pending,single labeling; random stratum not yet adjudicated,scenario_membership
AOBv2-REAL-663,gauge_value,pending,single labeling; random stratum not yet adjudicated,l1_mae
AOBv2-REAL-663,asset,pending,single labeling; random stratum not yet adjudicated,
AOBv2-REAL-664,gauge_readable,pending,single labeling; random stratum not yet adjudicated,"l1_accuracy_f1,l2_commit_rate"
AOBv2-REAL-664,recommended_action,pending,single labeling; random stratum not yet adjudicated,l3_action_accuracy
AOBv2-REAL-664,category,pending,single labeling; random stratum not yet adjudicated,a12_recovery_rung
AOBv2-REAL-664,image_role,pending,single labeling; random stratum not yet adjudicated,scenario_membership
AOBv2-REAL-664,gauge_value,pending,single labeling; random stratum not yet adjudicated,l1_mae
AOBv2-REAL-664,asset,pending,single labeling; random stratum not yet adjudicated,
AOBv2-REAL-665,gauge_readable,pending,single labeling; random stratum not yet adjudicated,"l1_accuracy_f1,l2_commit_rate"
AOBv2-REAL-665,recommended_action,pending,single labeling; random stratum not yet adjudicated,l3_action_accuracy
AOBv2-REAL-665,category,pending,single labeling; random stratum not yet adjudicated,a12_recovery_rung
AOBv2-REAL-665,image_role,pending,single labeling; random stratum not yet adjudicated,scenario_membership
AOBv2-REAL-665,gauge_value,pending,single labeling; random stratum not yet adjudicated,l1_mae
AOBv2-REAL-665,asset,pending,single labeling; random stratum not yet adjudicated,
AOBv2-REAL-666,gauge_readable,pending,single labeling; random stratum not yet adjudicated,"l1_accuracy_f1,l2_commit_rate"
AOBv2-REAL-666,recommended_action,pending,single labeling; random stratum not yet adjudicated,l3_action_accuracy
AOBv2-REAL-666,category,pending,single labeling; random stratum not yet adjudicated,a12_recovery_rung
AOBv2-REAL-666,image_role,pending,single labeling; random stratum not yet adjudicated,scenario_membership
AOBv2-REAL-666,gauge_value,pending,single labeling; random stratum not yet adjudicated,l1_mae
AOBv2-REAL-666,asset,pending,single labeling; random stratum not yet adjudicated,
AOBv2-REAL-667,gauge_readable,pending,single labeling; random stratum not yet adjudicated,"l1_accuracy_f1,l2_commit_rate"
AOBv2-REAL-667,recommended_action,pending,single labeling; random stratum not yet adjudicated,l3_action_accuracy
AOBv2-REAL-667,category,pending,single labeling; random stratum not yet adjudicated,a12_recovery_rung
AOBv2-REAL-667,image_role,pending,single labeling; random stratum not yet adjudicated,scenario_membership
AOBv2-REAL-667,gauge_value,pending,single labeling; random stratum not yet adjudicated,l1_mae
AOBv2-REAL-667,asset,pending,single labeling; random stratum not yet adjudicated,
AOBv2-REAL-668,gauge_readable,pending,single labeling; random stratum not yet adjudicated,"l1_accuracy_f1,l2_commit_rate"
AOBv2-REAL-668,recommended_action,pending,single labeling; random stratum not yet adjudicated,l3_action_accuracy
AOBv2-REAL-668,category,pending,single labeling; random stratum not yet adjudicated,a12_recovery_rung
AOBv2-REAL-668,image_role,pending,single labeling; random stratum not yet adjudicated,scenario_membership
AOBv2-REAL-668,gauge_value,pending,single labeling; random stratum not yet adjudicated,l1_mae
AOBv2-REAL-668,asset,pending,single labeling; random stratum not yet adjudicated,
AOBv2-REAL-669,gauge_readable,pending,single labeling; random stratum not yet adjudicated,"l1_accuracy_f1,l2_commit_rate"
AOBv2-REAL-669,recommended_action,pending,single labeling; random stratum not yet adjudicated,l3_action_accuracy
AOBv2-REAL-669,category,pending,single labeling; random stratum not yet adjudicated,a12_recovery_rung
AOBv2-REAL-669,image_role,pending,single labeling; random stratum not yet adjudicated,scenario_membership
AOBv2-REAL-669,gauge_value,pending,single labeling; random stratum not yet adjudicated,l1_mae
AOBv2-REAL-669,asset,pending,single labeling; random stratum not yet adjudicated,
AOBv2-REAL-670,gauge_readable,pending,single labeling; random stratum not yet adjudicated,"l1_accuracy_f1,l2_commit_rate"
AOBv2-REAL-670,recommended_action,pending,single labeling; random stratum not yet adjudicated,l3_action_accuracy
AOBv2-REAL-670,category,pending,single labeling; random stratum not yet adjudicated,a12_recovery_rung
AOBv2-REAL-670,image_role,pending,single labeling; random stratum not yet adjudicated,scenario_membership
AOBv2-REAL-670,gauge_value,pending,single labeling; random stratum not yet adjudicated,l1_mae
AOBv2-REAL-670,asset,pending,single labeling; random stratum not yet adjudicated,
AOBv2-REAL-671,gauge_readable,pending,single labeling; random stratum not yet adjudicated,"l1_accuracy_f1,l2_commit_rate"
AOBv2-REAL-671,recommended_action,pending,single labeling; random stratum not yet adjudicated,l3_action_accuracy
AOBv2-REAL-671,category,pending,single labeling; random stratum not yet adjudicated,a12_recovery_rung
AOBv2-REAL-671,image_role,pending,single labeling; random stratum not yet adjudicated,scenario_membership
AOBv2-REAL-671,gauge_value,pending,single labeling; random stratum not yet adjudicated,l1_mae
AOBv2-REAL-671,asset,pending,single labeling; random stratum not yet adjudicated,
AOBv2-REAL-672,gauge_readable,pending,single labeling; random stratum not yet adjudicated,"l1_accuracy_f1,l2_commit_rate"
AOBv2-REAL-672,recommended_action,pending,single labeling; random stratum not yet adjudicated,l3_action_accuracy
AOBv2-REAL-672,category,pending,single labeling; random stratum not yet adjudicated,a12_recovery_rung
AOBv2-REAL-672,image_role,pending,single labeling; random stratum not yet adjudicated,scenario_membership
AOBv2-REAL-672,gauge_value,pending,single labeling; random stratum not yet adjudicated,l1_mae
AOBv2-REAL-672,asset,pending,single labeling; random stratum not yet adjudicated,
AOBv2-REAL-673,gauge_readable,pending,single labeling; random stratum not yet adjudicated,"l1_accuracy_f1,l2_commit_rate"
AOBv2-REAL-673,recommended_action,pending,single labeling; random stratum not yet adjudicated,l3_action_accuracy
AOBv2-REAL-673,category,pending,single labeling; random stratum not yet adjudicated,a12_recovery_rung
AOBv2-REAL-673,image_role,pending,single labeling; random stratum not yet adjudicated,scenario_membership
AOBv2-REAL-673,gauge_value,pending,single labeling; random stratum not yet adjudicated,l1_mae
AOBv2-REAL-673,asset,pending,single labeling; random stratum not yet adjudicated,
AOBv2-REAL-674,gauge_readable,pending,single labeling; random stratum not yet adjudicated,"l1_accuracy_f1,l2_commit_rate"
AOBv2-REAL-674,recommended_action,pending,single labeling; random stratum not yet adjudicated,l3_action_accuracy
AOBv2-REAL-674,category,pending,single labeling; random stratum not yet adjudicated,a12_recovery_rung
AOBv2-REAL-674,image_role,pending,single labeling; random stratum not yet adjudicated,scenario_membership
AOBv2-REAL-674,gauge_value,pending,single labeling; random stratum not yet adjudicated,l1_mae
AOBv2-REAL-674,asset,pending,single labeling; random stratum not yet adjudicated,
AOBv2-REAL-675,gauge_readable,pending,single labeling; random stratum not yet adjudicated,"l1_accuracy_f1,l2_commit_rate"
AOBv2-REAL-675,recommended_action,pending,single labeling; random stratum not yet adjudicated,l3_action_accuracy
AOBv2-REAL-675,category,pending,single labeling; random stratum not yet adjudicated,a12_recovery_rung
AOBv2-REAL-675,image_role,pending,single labeling; random stratum not yet adjudicated,scenario_membership
AOBv2-REAL-675,gauge_value,pending,single labeling; random stratum not yet adjudicated,l1_mae
AOBv2-REAL-675,asset,pending,single labeling; random stratum not yet adjudicated,
AOBv2-REAL-676,gauge_readable,pending,single labeling; random stratum not yet adjudicated,"l1_accuracy_f1,l2_commit_rate"
AOBv2-REAL-676,recommended_action,pending,single labeling; random stratum not yet adjudicated,l3_action_accuracy
AOBv2-REAL-676,category,pending,single labeling; random stratum not yet adjudicated,a12_recovery_rung
AOBv2-REAL-676,image_role,pending,single labeling; random stratum not yet adjudicated,scenario_membership
AOBv2-REAL-676,gauge_value,pending,single labeling; random stratum not yet adjudicated,l1_mae
AOBv2-REAL-676,asset,pending,single labeling; random stratum not yet adjudicated,
AOBv2-REAL-677,gauge_readable,pending,single labeling; random stratum not yet adjudicated,"l1_accuracy_f1,l2_commit_rate"
AOBv2-REAL-677,recommended_action,pending,single labeling; random stratum not yet adjudicated,l3_action_accuracy
AOBv2-REAL-677,category,pending,single labeling; random stratum not yet adjudicated,a12_recovery_rung
AOBv2-REAL-677,image_role,pending,single labeling; random stratum not yet adjudicated,scenario_membership
AOBv2-REAL-677,gauge_value,pending,single labeling; random stratum not yet adjudicated,l1_mae
AOBv2-REAL-677,asset,pending,single labeling; random stratum not yet adjudicated,
AOBv2-REAL-678,gauge_readable,pending,single labeling; random stratum not yet adjudicated,"l1_accuracy_f1,l2_commit_rate"
AOBv2-REAL-678,recommended_action,pending,single labeling; random stratum not yet adjudicated,l3_action_accuracy
AOBv2-REAL-678,category,pending,single labeling; random stratum not yet adjudicated,a12_recovery_rung
AOBv2-REAL-678,image_role,pending,single labeling; random stratum not yet adjudicated,scenario_membership
AOBv2-REAL-678,gauge_value,pending,single labeling; random stratum not yet adjudicated,l1_mae
AOBv2-REAL-678,asset,pending,single labeling; random stratum not yet adjudicated,
AOBv2-REAL-679,gauge_readable,pending,single labeling; random stratum not yet adjudicated,"l1_accuracy_f1,l2_commit_rate"
AOBv2-REAL-679,recommended_action,pending,single labeling; random stratum not yet adjudicated,l3_action_accuracy
AOBv2-REAL-679,category,pending,single labeling; random stratum not yet adjudicated,a12_recovery_rung
AOBv2-REAL-679,image_role,pending,single labeling; random stratum not yet adjudicated,scenario_membership
AOBv2-REAL-679,gauge_value,pending,single labeling; random stratum not yet adjudicated,l1_mae
AOBv2-REAL-679,asset,pending,single labeling; random stratum not yet adjudicated,
AOBv2-REAL-680,gauge_readable,pending,single labeling; random stratum not yet adjudicated,"l1_accuracy_f1,l2_commit_rate"
AOBv2-REAL-680,recommended_action,pending,single labeling; random stratum not yet adjudicated,l3_action_accuracy
AOBv2-REAL-680,category,pending,single labeling; random stratum not yet adjudicated,a12_recovery_rung
AOBv2-REAL-680,image_role,pending,single labeling; random stratum not yet adjudicated,scenario_membership
AOBv2-REAL-680,gauge_value,pending,single labeling; random stratum not yet adjudicated,l1_mae
AOBv2-REAL-680,asset,pending,single labeling; random stratum not yet adjudicated,
AOBv2-REAL-681,gauge_readable,pending,single labeling; random stratum not yet adjudicated,"l1_accuracy_f1,l2_commit_rate"
AOBv2-REAL-681,recommended_action,pending,single labeling; random stratum not yet adjudicated,l3_action_accuracy
AOBv2-REAL-681,category,pending,single labeling; random stratum not yet adjudicated,a12_recovery_rung
AOBv2-REAL-681,image_role,pending,single labeling; random stratum not yet adjudicated,scenario_membership
AOBv2-REAL-681,gauge_value,pending,single labeling; random stratum not yet adjudicated,l1_mae
AOBv2-REAL-681,asset,pending,single labeling; random stratum not yet adjudicated,
AOBv2-REAL-682,gauge_readable,pending,single labeling; random stratum not yet adjudicated,"l1_accuracy_f1,l2_commit_rate"
AOBv2-REAL-682,recommended_action,pending,single labeling; random stratum not yet adjudicated,l3_action_accuracy
AOBv2-REAL-682,category,pending,single labeling; random stratum not yet adjudicated,a12_recovery_rung
AOBv2-REAL-682,image_role,pending,single labeling; random stratum not yet adjudicated,scenario_membership
AOBv2-REAL-682,gauge_value,pending,single labeling; random stratum not yet adjudicated,l1_mae
AOBv2-REAL-682,asset,pending,single labeling; random stratum not yet adjudicated,
AOBv2-REAL-683,gauge_readable,pending,single labeling; random stratum not yet adjudicated,"l1_accuracy_f1,l2_commit_rate"
AOBv2-REAL-683,recommended_action,pending,single labeling; random stratum not yet adjudicated,l3_action_accuracy
AOBv2-REAL-683,category,pending,single labeling; random stratum not yet adjudicated,a12_recovery_rung
AOBv2-REAL-683,image_role,pending,single labeling; random stratum not yet adjudicated,scenario_membership
AOBv2-REAL-683,gauge_value,pending,single labeling; random stratum not yet adjudicated,l1_mae
AOBv2-REAL-683,asset,pending,single labeling; random stratum not yet adjudicated,
AOBv2-REAL-684,gauge_readable,pending,single labeling; random stratum not yet adjudicated,"l1_accuracy_f1,l2_commit_rate"
AOBv2-REAL-684,recommended_action,pending,single labeling; random stratum not yet adjudicated,l3_action_accuracy
AOBv2-REAL-684,category,pending,single labeling; random stratum not yet adjudicated,a12_recovery_rung
AOBv2-REAL-684,image_role,pending,single labeling; random stratum not yet adjudicated,scenario_membership
AOBv2-REAL-684,gauge_value,pending,single labeling; random stratum not yet adjudicated,l1_mae
AOBv2-REAL-684,asset,pending,single labeling; random stratum not yet adjudicated,
AOBv2-REAL-685,gauge_readable,pending,single labeling; random stratum not yet adjudicated,"l1_accuracy_f1,l2_commit_rate"
AOBv2-REAL-685,recommended_action,pending,single labeling; random stratum not yet adjudicated,l3_action_accuracy
AOBv2-REAL-685,category,pending,single labeling; random stratum not yet adjudicated,a12_recovery_rung
AOBv2-REAL-685,image_role,pending,single labeling; random stratum not yet adjudicated,scenario_membership
AOBv2-REAL-685,gauge_value,pending,single labeling; random stratum not yet adjudicated,l1_mae
AOBv2-REAL-685,asset,pending,single labeling; random stratum not yet adjudicated,
AOBv2-REAL-686,gauge_readable,pending,single labeling; random stratum not yet adjudicated,"l1_accuracy_f1,l2_commit_rate"
AOBv2-REAL-686,recommended_action,pending,single labeling; random stratum not yet adjudicated,l3_action_accuracy
AOBv2-REAL-686,category,pending,single labeling; random stratum not yet adjudicated,a12_recovery_rung
AOBv2-REAL-686,image_role,pending,single labeling; random stratum not yet adjudicated,scenario_membership
AOBv2-REAL-686,gauge_value,pending,single labeling; random stratum not yet adjudicated,l1_mae
AOBv2-REAL-686,asset,pending,single labeling; random stratum not yet adjudicated,
AOBv2-REAL-687,gauge_readable,pending,single labeling; random stratum not yet adjudicated,"l1_accuracy_f1,l2_commit_rate"
AOBv2-REAL-687,recommended_action,pending,single labeling; random stratum not yet adjudicated,l3_action_accuracy
AOBv2-REAL-687,category,pending,single labeling; random stratum not yet adjudicated,a12_recovery_rung
AOBv2-REAL-687,image_role,pending,single labeling; random stratum not yet adjudicated,scenario_membership
AOBv2-REAL-687,gauge_value,pending,single labeling; random stratum not yet adjudicated,l1_mae
AOBv2-REAL-687,asset,pending,single labeling; random stratum not yet adjudicated,
AOBv2-REAL-688,gauge_readable,pending,single labeling; random stratum not yet adjudicated,"l1_accuracy_f1,l2_commit_rate"
AOBv2-REAL-688,recommended_action,pending,single labeling; random stratum not yet adjudicated,l3_action_accuracy
AOBv2-REAL-688,category,pending,single labeling; random stratum not yet adjudicated,a12_recovery_rung
AOBv2-REAL-688,image_role,pending,single labeling; random stratum not yet adjudicated,scenario_membership
AOBv2-REAL-688,gauge_value,pending,single labeling; random stratum not yet adjudicated,l1_mae
AOBv2-REAL-688,asset,pending,single labeling; random stratum not yet adjudicated,
AOBv2-REAL-689,gauge_readable,pending,single labeling; random stratum not yet adjudicated,"l1_accuracy_f1,l2_commit_rate"
AOBv2-REAL-689,recommended_action,pending,single labeling; random stratum not yet adjudicated,l3_action_accuracy
AOBv2-REAL-689,category,pending,single labeling; random stratum not yet adjudicated,a12_recovery_rung
AOBv2-REAL-689,image_role,pending,single labeling; random stratum not yet adjudicated,scenario_membership
AOBv2-REAL-689,gauge_value,pending,single labeling; random stratum not yet adjudicated,l1_mae
AOBv2-REAL-689,asset,pending,single labeling; random stratum not yet adjudicated,
AOBv2-REAL-690,gauge_readable,pending,single labeling; random stratum not yet adjudicated,"l1_accuracy_f1,l2_commit_rate"
AOBv2-REAL-690,recommended_action,pending,single labeling; random stratum not yet adjudicated,l3_action_accuracy
AOBv2-REAL-690,category,pending,single labeling; random stratum not yet adjudicated,a12_recovery_rung
AOBv2-REAL-690,image_role,pending,single labeling; random stratum not yet adjudicated,scenario_membership
AOBv2-REAL-690,gauge_value,pending,single labeling; random stratum not yet adjudicated,l1_mae
AOBv2-REAL-690,asset,pending,single labeling; random stratum not yet adjudicated,
AOBv2-REAL-691,gauge_readable,pending,single labeling; random stratum not yet adjudicated,"l1_accuracy_f1,l2_commit_rate"
AOBv2-REAL-691,recommended_action,pending,single labeling; random stratum not yet adjudicated,l3_action_accuracy
AOBv2-REAL-691,category,pending,single labeling; random stratum not yet adjudicated,a12_recovery_rung
AOBv2-REAL-691,image_role,pending,single labeling; random stratum not yet adjudicated,scenario_membership
AOBv2-REAL-691,gauge_value,pending,single labeling; random stratum not yet adjudicated,l1_mae
AOBv2-REAL-691,asset,pending,single labeling; random stratum not yet adjudicated,
AOBv2-REAL-692,gauge_readable,pending,single labeling; random stratum not yet adjudicated,"l1_accuracy_f1,l2_commit_rate"
AOBv2-REAL-692,recommended_action,pending,single labeling; random stratum not yet adjudicated,l3_action_accuracy
AOBv2-REAL-692,category,pending,single labeling; random stratum not yet adjudicated,a12_recovery_rung
AOBv2-REAL-692,image_role,pending,single labeling; random stratum not yet adjudicated,scenario_membership
AOBv2-REAL-692,gauge_value,pending,single labeling; random stratum not yet adjudicated,l1_mae
AOBv2-REAL-692,asset,pending,single labeling; random stratum not yet adjudicated,
AOBv2-REAL-693,gauge_readable,pending,single labeling; random stratum not yet adjudicated,"l1_accuracy_f1,l2_commit_rate"
AOBv2-REAL-693,recommended_action,pending,single labeling; random stratum not yet adjudicated,l3_action_accuracy
AOBv2-REAL-693,category,pending,single labeling; random stratum not yet adjudicated,a12_recovery_rung
AOBv2-REAL-693,image_role,pending,single labeling; random stratum not yet adjudicated,scenario_membership
AOBv2-REAL-693,gauge_value,pending,single labeling; random stratum not yet adjudicated,l1_mae
AOBv2-REAL-693,asset,pending,single labeling; random stratum not yet adjudicated,
AOBv2-REAL-694,gauge_readable,pending,single labeling; random stratum not yet adjudicated,"l1_accuracy_f1,l2_commit_rate"
AOBv2-REAL-694,recommended_action,pending,single labeling; random stratum not yet adjudicated,l3_action_accuracy
AOBv2-REAL-694,category,pending,single labeling; random stratum not yet adjudicated,a12_recovery_rung
AOBv2-REAL-694,image_role,pending,single labeling; random stratum not yet adjudicated,scenario_membership
AOBv2-REAL-694,gauge_value,pending,single labeling; random stratum not yet adjudicated,l1_mae
AOBv2-REAL-694,asset,pending,single labeling; random stratum not yet adjudicated,
AOBv2-REAL-695,gauge_readable,pending,single labeling; random stratum not yet adjudicated,"l1_accuracy_f1,l2_commit_rate"
AOBv2-REAL-695,recommended_action,pending,single labeling; random stratum not yet adjudicated,l3_action_accuracy
AOBv2-REAL-695,category,pending,single labeling; random stratum not yet adjudicated,a12_recovery_rung
AOBv2-REAL-695,image_role,pending,single labeling; random stratum not yet adjudicated,scenario_membership
AOBv2-REAL-695,gauge_value,pending,single labeling; random stratum not yet adjudicated,l1_mae
AOBv2-REAL-695,asset,pending,single labeling; random stratum not yet adjudicated,
AOBv2-REAL-696,gauge_readable,pending,single labeling; random stratum not yet adjudicated,"l1_accuracy_f1,l2_commit_rate"
AOBv2-REAL-696,recommended_action,pending,single labeling; random stratum not yet adjudicated,l3_action_accuracy
AOBv2-REAL-696,category,pending,single labeling; random stratum not yet adjudicated,a12_recovery_rung
AOBv2-REAL-696,image_role,pending,single labeling; random stratum not yet adjudicated,scenario_membership
AOBv2-REAL-696,gauge_value,pending,single labeling; random stratum not yet adjudicated,l1_mae
AOBv2-REAL-696,asset,pending,single labeling; random stratum not yet adjudicated,
AOBv2-REAL-697,gauge_readable,pending,single labeling; random stratum not yet adjudicated,"l1_accuracy_f1,l2_commit_rate"
AOBv2-REAL-697,recommended_action,pending,single labeling; random stratum not yet adjudicated,l3_action_accuracy
AOBv2-REAL-697,category,pending,single labeling; random stratum not yet adjudicated,a12_recovery_rung
AOBv2-REAL-697,image_role,pending,single labeling; random stratum not yet adjudicated,scenario_membership
AOBv2-REAL-697,gauge_value,pending,single labeling; random stratum not yet adjudicated,l1_mae
AOBv2-REAL-697,asset,pending,single labeling; random stratum not yet adjudicated,
AOBv2-REAL-698,gauge_readable,pending,single labeling; random stratum not yet adjudicated,"l1_accuracy_f1,l2_commit_rate"
AOBv2-REAL-698,recommended_action,pending,single labeling; random stratum not yet adjudicated,l3_action_accuracy
AOBv2-REAL-698,category,pending,single labeling; random stratum not yet adjudicated,a12_recovery_rung
AOBv2-REAL-698,image_role,pending,single labeling; random stratum not yet adjudicated,scenario_membership
AOBv2-REAL-698,gauge_value,pending,single labeling; random stratum not yet adjudicated,l1_mae
AOBv2-REAL-698,asset,pending,single labeling; random stratum not yet adjudicated,
AOBv2-REAL-699,gauge_readable,pending,single labeling; random stratum not yet adjudicated,"l1_accuracy_f1,l2_commit_rate"
AOBv2-REAL-699,recommended_action,pending,single labeling; random stratum not yet adjudicated,l3_action_accuracy
AOBv2-REAL-699,category,pending,single labeling; random stratum not yet adjudicated,a12_recovery_rung
AOBv2-REAL-699,image_role,pending,single labeling; random stratum not yet adjudicated,scenario_membership
AOBv2-REAL-699,gauge_value,pending,single labeling; random stratum not yet adjudicated,l1_mae
AOBv2-REAL-699,asset,pending,single labeling; random stratum not yet adjudicated,
AOBv2-REAL-700,gauge_readable,pending,single labeling; random stratum not yet adjudicated,"l1_accuracy_f1,l2_commit_rate"
AOBv2-REAL-700,recommended_action,pending,single labeling; random stratum not yet adjudicated,l3_action_accuracy
AOBv2-REAL-700,category,pending,single labeling; random stratum not yet adjudicated,a12_recovery_rung
AOBv2-REAL-700,image_role,pending,single labeling; random stratum not yet adjudicated,scenario_membership
AOBv2-REAL-700,gauge_value,pending,single labeling; random stratum not yet adjudicated,l1_mae
AOBv2-REAL-700,asset,pending,single labeling; random stratum not yet adjudicated,
AOBv2-REAL-701,gauge_readable,pending,single labeling; random stratum not yet adjudicated,"l1_accuracy_f1,l2_commit_rate"
AOBv2-REAL-701,recommended_action,pending,single labeling; random stratum not yet adjudicated,l3_action_accuracy
AOBv2-REAL-701,category,pending,single labeling; random stratum not yet adjudicated,a12_recovery_rung
AOBv2-REAL-701,image_role,pending,single labeling; random stratum not yet adjudicated,scenario_membership
AOBv2-REAL-701,gauge_value,pending,single labeling; random stratum not yet adjudicated,l1_mae
AOBv2-REAL-701,asset,pending,single labeling; random stratum not yet adjudicated,
AOBv2-REAL-702,gauge_readable,pending,single labeling; random stratum not yet adjudicated,"l1_accuracy_f1,l2_commit_rate"
AOBv2-REAL-702,recommended_action,pending,single labeling; random stratum not yet adjudicated,l3_action_accuracy
AOBv2-REAL-702,category,pending,single labeling; random stratum not yet adjudicated,a12_recovery_rung
AOBv2-REAL-702,image_role,pending,single labeling; random stratum not yet adjudicated,scenario_membership
AOBv2-REAL-702,gauge_value,pending,single labeling; random stratum not yet adjudicated,l1_mae
AOBv2-REAL-702,asset,pending,single labeling; random stratum not yet adjudicated,
AOBv2-REAL-703,gauge_readable,pending,single labeling; random stratum not yet adjudicated,"l1_accuracy_f1,l2_commit_rate"
AOBv2-REAL-703,recommended_action,pending,single labeling; random stratum not yet adjudicated,l3_action_accuracy
AOBv2-REAL-703,category,pending,single labeling; random stratum not yet adjudicated,a12_recovery_rung
AOBv2-REAL-703,image_role,pending,single labeling; random stratum not yet adjudicated,scenario_membership
AOBv2-REAL-703,gauge_value,pending,single labeling; random stratum not yet adjudicated,l1_mae
AOBv2-REAL-703,asset,pending,single labeling; random stratum not yet adjudicated,
AOBv2-REAL-704,gauge_readable,pending,single labeling; random stratum not yet adjudicated,"l1_accuracy_f1,l2_commit_rate"
AOBv2-REAL-704,recommended_action,pending,single labeling; random stratum not yet adjudicated,l3_action_accuracy
AOBv2-REAL-704,category,pending,single labeling; random stratum not yet adjudicated,a12_recovery_rung
AOBv2-REAL-704,image_role,pending,single labeling; random stratum not yet adjudicated,scenario_membership
AOBv2-REAL-704,gauge_value,pending,single labeling; random stratum not yet adjudicated,l1_mae
AOBv2-REAL-704,asset,pending,single labeling; random stratum not yet adjudicated,
AOBv2-REAL-705,gauge_readable,pending,single labeling; random stratum not yet adjudicated,"l1_accuracy_f1,l2_commit_rate"
AOBv2-REAL-705,recommended_action,pending,single labeling; random stratum not yet adjudicated,l3_action_accuracy
AOBv2-REAL-705,category,pending,single labeling; random stratum not yet adjudicated,a12_recovery_rung
AOBv2-REAL-705,image_role,pending,single labeling; random stratum not yet adjudicated,scenario_membership
AOBv2-REAL-705,gauge_value,pending,single labeling; random stratum not yet adjudicated,l1_mae
AOBv2-REAL-705,asset,pending,single labeling; random stratum not yet adjudicated,
AOBv2-REAL-706,gauge_readable,pending,single labeling; random stratum not yet adjudicated,"l1_accuracy_f1,l2_commit_rate"
AOBv2-REAL-706,recommended_action,pending,single labeling; random stratum not yet adjudicated,l3_action_accuracy
AOBv2-REAL-706,category,pending,single labeling; random stratum not yet adjudicated,a12_recovery_rung
AOBv2-REAL-706,image_role,pending,single labeling; random stratum not yet adjudicated,scenario_membership
AOBv2-REAL-706,gauge_value,pending,single labeling; random stratum not yet adjudicated,l1_mae
AOBv2-REAL-706,asset,pending,single labeling; random stratum not yet adjudicated,
AOBv2-REAL-707,gauge_readable,pending,single labeling; random stratum not yet adjudicated,"l1_accuracy_f1,l2_commit_rate"
AOBv2-REAL-707,recommended_action,pending,single labeling; random stratum not yet adjudicated,l3_action_accuracy
AOBv2-REAL-707,category,pending,single labeling; random stratum not yet adjudicated,a12_recovery_rung
AOBv2-REAL-707,image_role,pending,single labeling; random stratum not yet adjudicated,scenario_membership
AOBv2-REAL-707,gauge_value,pending,single labeling; random stratum not yet adjudicated,l1_mae
AOBv2-REAL-707,asset,pending,single labeling; random stratum not yet adjudicated,
AOBv2-REAL-708,gauge_readable,pending,single labeling; random stratum not yet adjudicated,"l1_accuracy_f1,l2_commit_rate"
AOBv2-REAL-708,recommended_action,pending,single labeling; random stratum not yet adjudicated,l3_action_accuracy
AOBv2-REAL-708,category,pending,single labeling; random stratum not yet adjudicated,a12_recovery_rung
AOBv2-REAL-708,image_role,pending,single labeling; random stratum not yet adjudicated,scenario_membership
AOBv2-REAL-708,gauge_value,pending,single labeling; random stratum not yet adjudicated,l1_mae
AOBv2-REAL-708,asset,pending,single labeling; random stratum not yet adjudicated,
AOBv2-REAL-709,gauge_readable,pending,single labeling; random stratum not yet adjudicated,"l1_accuracy_f1,l2_commit_rate"
AOBv2-REAL-709,recommended_action,pending,single labeling; random stratum not yet adjudicated,l3_action_accuracy
AOBv2-REAL-709,category,pending,single labeling; random stratum not yet adjudicated,a12_recovery_rung
AOBv2-REAL-709,image_role,pending,single labeling; random stratum not yet adjudicated,scenario_membership
AOBv2-REAL-709,gauge_value,pending,single labeling; random stratum not yet adjudicated,l1_mae
AOBv2-REAL-709,asset,pending,single labeling; random stratum not yet adjudicated,
AOBv2-REAL-710,gauge_readable,pending,single labeling; random stratum not yet adjudicated,"l1_accuracy_f1,l2_commit_rate"
AOBv2-REAL-710,recommended_action,pending,single labeling; random stratum not yet adjudicated,l3_action_accuracy
AOBv2-REAL-710,category,pending,single labeling; random stratum not yet adjudicated,a12_recovery_rung
AOBv2-REAL-710,image_role,pending,single labeling; random stratum not yet adjudicated,scenario_membership
AOBv2-REAL-710,gauge_value,pending,single labeling; random stratum not yet adjudicated,l1_mae
AOBv2-REAL-710,asset,pending,single labeling; random stratum not yet adjudicated,
AOBv2-REAL-711,gauge_readable,pending,single labeling; random stratum not yet adjudicated,"l1_accuracy_f1,l2_commit_rate"
AOBv2-REAL-711,recommended_action,pending,single labeling; random stratum not yet adjudicated,l3_action_accuracy
AOBv2-REAL-711,category,pending,single labeling; random stratum not yet adjudicated,a12_recovery_rung
AOBv2-REAL-711,image_role,pending,single labeling; random stratum not yet adjudicated,scenario_membership
AOBv2-REAL-711,gauge_value,pending,single labeling; random stratum not yet adjudicated,l1_mae
AOBv2-REAL-711,asset,pending,single labeling; random stratum not yet adjudicated,
AOBv2-REAL-712,gauge_readable,pending,single labeling; random stratum not yet adjudicated,"l1_accuracy_f1,l2_commit_rate"
AOBv2-REAL-712,recommended_action,pending,single labeling; random stratum not yet adjudicated,l3_action_accuracy
AOBv2-REAL-712,category,pending,single labeling; random stratum not yet adjudicated,a12_recovery_rung
AOBv2-REAL-712,image_role,pending,single labeling; random stratum not yet adjudicated,scenario_membership
AOBv2-REAL-712,gauge_value,pending,single labeling; random stratum not yet adjudicated,l1_mae
AOBv2-REAL-712,asset,pending,single labeling; random stratum not yet adjudicated,
AOBv2-REAL-713,gauge_readable,pending,single labeling; random stratum not yet adjudicated,"l1_accuracy_f1,l2_commit_rate"
AOBv2-REAL-713,recommended_action,pending,single labeling; random stratum not yet adjudicated,l3_action_accuracy
AOBv2-REAL-713,category,pending,single labeling; random stratum not yet adjudicated,a12_recovery_rung
AOBv2-REAL-713,image_role,pending,single labeling; random stratum not yet adjudicated,scenario_membership
AOBv2-REAL-713,gauge_value,pending,single labeling; random stratum not yet adjudicated,l1_mae
AOBv2-REAL-713,asset,pending,single labeling; random stratum not yet adjudicated,
AOBv2-REAL-714,gauge_readable,pending,single labeling; random stratum not yet adjudicated,"l1_accuracy_f1,l2_commit_rate"
AOBv2-REAL-714,recommended_action,pending,single labeling; random stratum not yet adjudicated,l3_action_accuracy
AOBv2-REAL-714,category,pending,single labeling; random stratum not yet adjudicated,a12_recovery_rung
AOBv2-REAL-714,image_role,pending,single labeling; random stratum not yet adjudicated,scenario_membership
AOBv2-REAL-714,gauge_value,pending,single labeling; random stratum not yet adjudicated,l1_mae
AOBv2-REAL-714,asset,pending,single labeling; random stratum not yet adjudicated,
AOBv2-REAL-715,gauge_readable,pending,single labeling; random stratum not yet adjudicated,"l1_accuracy_f1,l2_commit_rate"
AOBv2-REAL-715,recommended_action,pending,single labeling; random stratum not yet adjudicated,l3_action_accuracy
AOBv2-REAL-715,category,pending,single labeling; random stratum not yet adjudicated,a12_recovery_rung
AOBv2-REAL-715,image_role,pending,single labeling; random stratum not yet adjudicated,scenario_membership
AOBv2-REAL-715,gauge_value,pending,single labeling; random stratum not yet adjudicated,l1_mae
AOBv2-REAL-715,asset,pending,single labeling; random stratum not yet adjudicated,
AOBv2-REAL-716,gauge_readable,pending,single labeling; random stratum not yet adjudicated,"l1_accuracy_f1,l2_commit_rate"
AOBv2-REAL-716,recommended_action,pending,single labeling; random stratum not yet adjudicated,l3_action_accuracy
AOBv2-REAL-716,category,pending,single labeling; random stratum not yet adjudicated,a12_recovery_rung
AOBv2-REAL-716,image_role,pending,single labeling; random stratum not yet adjudicated,scenario_membership
AOBv2-REAL-716,gauge_value,pending,single labeling; random stratum not yet adjudicated,l1_mae
AOBv2-REAL-716,asset,pending,single labeling; random stratum not yet adjudicated,
AOBv2-REAL-717,gauge_readable,pending,single labeling; random stratum not yet adjudicated,"l1_accuracy_f1,l2_commit_rate"
AOBv2-REAL-717,recommended_action,pending,single labeling; random stratum not yet adjudicated,l3_action_accuracy
AOBv2-REAL-717,category,pending,single labeling; random stratum not yet adjudicated,a12_recovery_rung
AOBv2-REAL-717,image_role,pending,single labeling; random stratum not yet adjudicated,scenario_membership
AOBv2-REAL-717,gauge_value,pending,single labeling; random stratum not yet adjudicated,l1_mae
AOBv2-REAL-717,asset,pending,single labeling; random stratum not yet adjudicated,
AOBv2-REAL-718,gauge_readable,pending,single labeling; random stratum not yet adjudicated,"l1_accuracy_f1,l2_commit_rate"
AOBv2-REAL-718,recommended_action,pending,single labeling; random stratum not yet adjudicated,l3_action_accuracy
AOBv2-REAL-718,category,pending,single labeling; random stratum not yet adjudicated,a12_recovery_rung
AOBv2-REAL-718,image_role,pending,single labeling; random stratum not yet adjudicated,scenario_membership
AOBv2-REAL-718,gauge_value,pending,single labeling; random stratum not yet adjudicated,l1_mae
AOBv2-REAL-718,asset,pending,single labeling; random stratum not yet adjudicated,
AOBv2-REAL-719,gauge_readable,pending,single labeling; random stratum not yet adjudicated,"l1_accuracy_f1,l2_commit_rate"
AOBv2-REAL-719,recommended_action,pending,single labeling; random stratum not yet adjudicated,l3_action_accuracy
AOBv2-REAL-719,category,pending,single labeling; random stratum not yet adjudicated,a12_recovery_rung
AOBv2-REAL-719,image_role,pending,single labeling; random stratum not yet adjudicated,scenario_membership
AOBv2-REAL-719,gauge_value,pending,single labeling; random stratum not yet adjudicated,l1_mae
AOBv2-REAL-719,asset,pending,single labeling; random stratum not yet adjudicated,
AOBv2-REAL-720,gauge_readable,pending,single labeling; random stratum not yet adjudicated,"l1_accuracy_f1,l2_commit_rate"
AOBv2-REAL-720,recommended_action,pending,single labeling; random stratum not yet adjudicated,l3_action_accuracy
AOBv2-REAL-720,category,pending,single labeling; random stratum not yet adjudicated,a12_recovery_rung
AOBv2-REAL-720,image_role,pending,single labeling; random stratum not yet adjudicated,scenario_membership
AOBv2-REAL-720,gauge_value,pending,single labeling; random stratum not yet adjudicated,l1_mae
AOBv2-REAL-720,asset,pending,single labeling; random stratum not yet adjudicated,
AOBv2-REAL-721,gauge_readable,pending,single labeling; random stratum not yet adjudicated,"l1_accuracy_f1,l2_commit_rate"
AOBv2-REAL-721,recommended_action,pending,single labeling; random stratum not yet adjudicated,l3_action_accuracy
AOBv2-REAL-721,category,pending,single labeling; random stratum not yet adjudicated,a12_recovery_rung
AOBv2-REAL-721,image_role,pending,single labeling; random stratum not yet adjudicated,scenario_membership
AOBv2-REAL-721,gauge_value,pending,single labeling; random stratum not yet adjudicated,l1_mae
AOBv2-REAL-721,asset,pending,single labeling; random stratum not yet adjudicated,
AOBv2-REAL-722,gauge_readable,pending,single labeling; random stratum not yet adjudicated,"l1_accuracy_f1,l2_commit_rate"
AOBv2-REAL-722,recommended_action,pending,single labeling; random stratum not yet adjudicated,l3_action_accuracy
AOBv2-REAL-722,category,pending,single labeling; random stratum not yet adjudicated,a12_recovery_rung
AOBv2-REAL-722,image_role,pending,single labeling; random stratum not yet adjudicated,scenario_membership
AOBv2-REAL-722,gauge_value,pending,single labeling; random stratum not yet adjudicated,l1_mae
AOBv2-REAL-722,asset,pending,single labeling; random stratum not yet adjudicated,
AOBv2-REAL-723,gauge_readable,pending,single labeling; random stratum not yet adjudicated,"l1_accuracy_f1,l2_commit_rate"
AOBv2-REAL-723,recommended_action,pending,single labeling; random stratum not yet adjudicated,l3_action_accuracy
AOBv2-REAL-723,category,pending,single labeling; random stratum not yet adjudicated,a12_recovery_rung
AOBv2-REAL-723,image_role,pending,single labeling; random stratum not yet adjudicated,scenario_membership
AOBv2-REAL-723,gauge_value,pending,single labeling; random stratum not yet adjudicated,l1_mae
AOBv2-REAL-723,asset,pending,single labeling; random stratum not yet adjudicated,
AOBv2-REAL-724,gauge_readable,pending,single labeling; random stratum not yet adjudicated,"l1_accuracy_f1,l2_commit_rate"
AOBv2-REAL-724,recommended_action,pending,single labeling; random stratum not yet adjudicated,l3_action_accuracy
AOBv2-REAL-724,category,pending,single labeling; random stratum not yet adjudicated,a12_recovery_rung
AOBv2-REAL-724,image_role,pending,single labeling; random stratum not yet adjudicated,scenario_membership
AOBv2-REAL-724,gauge_value,pending,single labeling; random stratum not yet adjudicated,l1_mae
AOBv2-REAL-724,asset,pending,single labeling; random stratum not yet adjudicated,
AOBv2-REAL-725,gauge_readable,pending,single labeling; random stratum not yet adjudicated,"l1_accuracy_f1,l2_commit_rate"
AOBv2-REAL-725,recommended_action,pending,single labeling; random stratum not yet adjudicated,l3_action_accuracy
AOBv2-REAL-725,category,pending,single labeling; random stratum not yet adjudicated,a12_recovery_rung
AOBv2-REAL-725,image_role,pending,single labeling; random stratum not yet adjudicated,scenario_membership
AOBv2-REAL-725,gauge_value,pending,single labeling; random stratum not yet adjudicated,l1_mae
AOBv2-REAL-725,asset,pending,single labeling; random stratum not yet adjudicated,
AOBv2-REAL-726,gauge_readable,pending,single labeling; random stratum not yet adjudicated,"l1_accuracy_f1,l2_commit_rate"
AOBv2-REAL-726,recommended_action,pending,single labeling; random stratum not yet adjudicated,l3_action_accuracy
AOBv2-REAL-726,category,pending,single labeling; random stratum not yet adjudicated,a12_recovery_rung
AOBv2-REAL-726,image_role,pending,single labeling; random stratum not yet adjudicated,scenario_membership
AOBv2-REAL-726,gauge_value,pending,single labeling; random stratum not yet adjudicated,l1_mae
AOBv2-REAL-726,asset,pending,single labeling; random stratum not yet adjudicated,
AOBv2-REAL-727,gauge_readable,pending,single labeling; random stratum not yet adjudicated,"l1_accuracy_f1,l2_commit_rate"
AOBv2-REAL-727,recommended_action,pending,single labeling; random stratum not yet adjudicated,l3_action_accuracy
AOBv2-REAL-727,category,pending,single labeling; random stratum not yet adjudicated,a12_recovery_rung
AOBv2-REAL-727,image_role,pending,single labeling; random stratum not yet adjudicated,scenario_membership
AOBv2-REAL-727,gauge_value,pending,single labeling; random stratum not yet adjudicated,l1_mae
AOBv2-REAL-727,asset,pending,single labeling; random stratum not yet adjudicated,
AOBv2-REAL-728,gauge_readable,pending,single labeling; random stratum not yet adjudicated,"l1_accuracy_f1,l2_commit_rate"
AOBv2-REAL-728,recommended_action,pending,single labeling; random stratum not yet adjudicated,l3_action_accuracy
AOBv2-REAL-728,category,pending,single labeling; random stratum not yet adjudicated,a12_recovery_rung
AOBv2-REAL-728,image_role,pending,single labeling; random stratum not yet adjudicated,scenario_membership
AOBv2-REAL-728,gauge_value,pending,single labeling; random stratum not yet adjudicated,l1_mae
AOBv2-REAL-728,asset,pending,single labeling; random stratum not yet adjudicated,
AOBv2-REAL-729,gauge_readable,pending,single labeling; random stratum not yet adjudicated,"l1_accuracy_f1,l2_commit_rate"
AOBv2-REAL-729,recommended_action,pending,single labeling; random stratum not yet adjudicated,l3_action_accuracy
AOBv2-REAL-729,category,pending,single labeling; random stratum not yet adjudicated,a12_recovery_rung
AOBv2-REAL-729,image_role,pending,single labeling; random stratum not yet adjudicated,scenario_membership
AOBv2-REAL-729,gauge_value,pending,single labeling; random stratum not yet adjudicated,l1_mae
AOBv2-REAL-729,asset,pending,single labeling; random stratum not yet adjudicated,
AOBv2-REAL-730,gauge_readable,pending,single labeling; random stratum not yet adjudicated,"l1_accuracy_f1,l2_commit_rate"
AOBv2-REAL-730,recommended_action,pending,single labeling; random stratum not yet adjudicated,l3_action_accuracy
AOBv2-REAL-730,category,pending,single labeling; random stratum not yet adjudicated,a12_recovery_rung
AOBv2-REAL-730,image_role,pending,single labeling; random stratum not yet adjudicated,scenario_membership
AOBv2-REAL-730,gauge_value,pending,single labeling; random stratum not yet adjudicated,l1_mae
AOBv2-REAL-730,asset,pending,single labeling; random stratum not yet adjudicated,
AOBv2-REAL-731,gauge_readable,pending,single labeling; random stratum not yet adjudicated,"l1_accuracy_f1,l2_commit_rate"
AOBv2-REAL-731,recommended_action,pending,single labeling; random stratum not yet adjudicated,l3_action_accuracy
AOBv2-REAL-731,category,pending,single labeling; random stratum not yet adjudicated,a12_recovery_rung
AOBv2-REAL-731,image_role,pending,single labeling; random stratum not yet adjudicated,scenario_membership
AOBv2-REAL-731,gauge_value,pending,single labeling; random stratum not yet adjudicated,l1_mae
AOBv2-REAL-731,asset,pending,single labeling; random stratum not yet adjudicated,
AOBv2-REAL-732,gauge_readable,pending,single labeling; random stratum not yet adjudicated,"l1_accuracy_f1,l2_commit_rate"
AOBv2-REAL-732,recommended_action,pending,single labeling; random stratum not yet adjudicated,l3_action_accuracy
AOBv2-REAL-732,category,pending,single labeling; random stratum not yet adjudicated,a12_recovery_rung
AOBv2-REAL-732,image_role,pending,single labeling; random stratum not yet adjudicated,scenario_membership
AOBv2-REAL-732,gauge_value,pending,single labeling; random stratum not yet adjudicated,l1_mae
AOBv2-REAL-732,asset,pending,single labeling; random stratum not yet adjudicated,
AOBv2-REAL-733,gauge_readable,pending,single labeling; random stratum not yet adjudicated,"l1_accuracy_f1,l2_commit_rate"
AOBv2-REAL-733,recommended_action,pending,single labeling; random stratum not yet adjudicated,l3_action_accuracy
AOBv2-REAL-733,category,pending,single labeling; random stratum not yet adjudicated,a12_recovery_rung
AOBv2-REAL-733,image_role,pending,single labeling; random stratum not yet adjudicated,scenario_membership
AOBv2-REAL-733,gauge_value,pending,single labeling; random stratum not yet adjudicated,l1_mae
AOBv2-REAL-733,asset,pending,single labeling; random stratum not yet adjudicated,
AOBv2-REAL-734,gauge_readable,pending,single labeling; random stratum not yet adjudicated,"l1_accuracy_f1,l2_commit_rate"
AOBv2-REAL-734,recommended_action,pending,single labeling; random stratum not yet adjudicated,l3_action_accuracy
AOBv2-REAL-734,category,pending,single labeling; random stratum not yet adjudicated,a12_recovery_rung
AOBv2-REAL-734,image_role,pending,single labeling; random stratum not yet adjudicated,scenario_membership
AOBv2-REAL-734,gauge_value,pending,single labeling; random stratum not yet adjudicated,l1_mae
AOBv2-REAL-734,asset,pending,single labeling; random stratum not yet adjudicated,
AOBv2-REAL-735,gauge_readable,pending,single labeling; random stratum not yet adjudicated,"l1_accuracy_f1,l2_commit_rate"
AOBv2-REAL-735,recommended_action,pending,single labeling; random stratum not yet adjudicated,l3_action_accuracy
AOBv2-REAL-735,category,pending,single labeling; random stratum not yet adjudicated,a12_recovery_rung
AOBv2-REAL-735,image_role,pending,single labeling; random stratum not yet adjudicated,scenario_membership
AOBv2-REAL-735,gauge_value,pending,single labeling; random stratum not yet adjudicated,l1_mae
AOBv2-REAL-735,asset,pending,single labeling; random stratum not yet adjudicated,
AOBv2-REAL-736,gauge_readable,pending,single labeling; random stratum not yet adjudicated,"l1_accuracy_f1,l2_commit_rate"
AOBv2-REAL-736,recommended_action,pending,single labeling; random stratum not yet adjudicated,l3_action_accuracy
AOBv2-REAL-736,category,pending,single labeling; random stratum not yet adjudicated,a12_recovery_rung
AOBv2-REAL-736,image_role,pending,single labeling; random stratum not yet adjudicated,scenario_membership
AOBv2-REAL-736,gauge_value,pending,single labeling; random stratum not yet adjudicated,l1_mae
AOBv2-REAL-736,asset,pending,single labeling; random stratum not yet adjudicated,
AOBv2-REAL-737,gauge_readable,pending,single labeling; random stratum not yet adjudicated,"l1_accuracy_f1,l2_commit_rate"
AOBv2-REAL-737,recommended_action,pending,single labeling; random stratum not yet adjudicated,l3_action_accuracy
AOBv2-REAL-737,category,pending,single labeling; random stratum not yet adjudicated,a12_recovery_rung
AOBv2-REAL-737,image_role,pending,single labeling; random stratum not yet adjudicated,scenario_membership
AOBv2-REAL-737,gauge_value,pending,single labeling; random stratum not yet adjudicated,l1_mae
AOBv2-REAL-737,asset,pending,single labeling; random stratum not yet adjudicated,
AOBv2-REAL-738,gauge_readable,pending,single labeling; random stratum not yet adjudicated,"l1_accuracy_f1,l2_commit_rate"
AOBv2-REAL-738,recommended_action,pending,single labeling; random stratum not yet adjudicated,l3_action_accuracy
AOBv2-REAL-738,category,pending,single labeling; random stratum not yet adjudicated,a12_recovery_rung
AOBv2-REAL-738,image_role,pending,single labeling; random stratum not yet adjudicated,scenario_membership
AOBv2-REAL-738,gauge_value,pending,single labeling; random stratum not yet adjudicated,l1_mae
AOBv2-REAL-738,asset,pending,single labeling; random stratum not yet adjudicated,
AOBv2-REAL-739,gauge_readable,pending,single labeling; random stratum not yet adjudicated,"l1_accuracy_f1,l2_commit_rate"
AOBv2-REAL-739,recommended_action,pending,single labeling; random stratum not yet adjudicated,l3_action_accuracy
AOBv2-REAL-739,category,pending,single labeling; random stratum not yet adjudicated,a12_recovery_rung
AOBv2-REAL-739,image_role,pending,single labeling; random stratum not yet adjudicated,scenario_membership
AOBv2-REAL-739,gauge_value,pending,single labeling; random stratum not yet adjudicated,l1_mae
AOBv2-REAL-739,asset,pending,single labeling; random stratum not yet adjudicated,
AOBv2-REAL-740,gauge_readable,pending,single labeling; random stratum not yet adjudicated,"l1_accuracy_f1,l2_commit_rate"
AOBv2-REAL-740,recommended_action,pending,single labeling; random stratum not yet adjudicated,l3_action_accuracy
AOBv2-REAL-740,category,pending,single labeling; random stratum not yet adjudicated,a12_recovery_rung
AOBv2-REAL-740,image_role,pending,single labeling; random stratum not yet adjudicated,scenario_membership
AOBv2-REAL-740,gauge_value,pending,single labeling; random stratum not yet adjudicated,l1_mae
AOBv2-REAL-740,asset,pending,single labeling; random stratum not yet adjudicated,
AOBv2-REAL-741,gauge_readable,pending,single labeling; random stratum not yet adjudicated,"l1_accuracy_f1,l2_commit_rate"
AOBv2-REAL-741,recommended_action,pending,single labeling; random stratum not yet adjudicated,l3_action_accuracy
AOBv2-REAL-741,category,pending,single labeling; random stratum not yet adjudicated,a12_recovery_rung
AOBv2-REAL-741,image_role,pending,single labeling; random stratum not yet adjudicated,scenario_membership
AOBv2-REAL-741,gauge_value,pending,single labeling; random stratum not yet adjudicated,l1_mae
AOBv2-REAL-741,asset,pending,single labeling; random stratum not yet adjudicated,
AOBv2-REAL-742,gauge_readable,pending,single labeling; random stratum not yet adjudicated,"l1_accuracy_f1,l2_commit_rate"
AOBv2-REAL-742,recommended_action,pending,single labeling; random stratum not yet adjudicated,l3_action_accuracy
AOBv2-REAL-742,category,pending,single labeling; random stratum not yet adjudicated,a12_recovery_rung
AOBv2-REAL-742,image_role,pending,single labeling; random stratum not yet adjudicated,scenario_membership
AOBv2-REAL-742,gauge_value,pending,single labeling; random stratum not yet adjudicated,l1_mae
AOBv2-REAL-742,asset,pending,single labeling; random stratum not yet adjudicated,
AOBv2-REAL-743,gauge_readable,pending,single labeling; random stratum not yet adjudicated,"l1_accuracy_f1,l2_commit_rate"
AOBv2-REAL-743,recommended_action,pending,single labeling; random stratum not yet adjudicated,l3_action_accuracy
AOBv2-REAL-743,category,pending,single labeling; random stratum not yet adjudicated,a12_recovery_rung
AOBv2-REAL-743,image_role,pending,single labeling; random stratum not yet adjudicated,scenario_membership
AOBv2-REAL-743,gauge_value,pending,single labeling; random stratum not yet adjudicated,l1_mae
AOBv2-REAL-743,asset,pending,single labeling; random stratum not yet adjudicated,
AOBv2-REAL-744,gauge_readable,pending,single labeling; random stratum not yet adjudicated,"l1_accuracy_f1,l2_commit_rate"
AOBv2-REAL-744,recommended_action,pending,single labeling; random stratum not yet adjudicated,l3_action_accuracy
AOBv2-REAL-744,category,pending,single labeling; random stratum not yet adjudicated,a12_recovery_rung
AOBv2-REAL-744,image_role,pending,single labeling; random stratum not yet adjudicated,scenario_membership
AOBv2-REAL-744,gauge_value,pending,single labeling; random stratum not yet adjudicated,l1_mae
AOBv2-REAL-744,asset,pending,single labeling; random stratum not yet adjudicated,
AOBv2-REAL-745,gauge_readable,pending,single labeling; random stratum not yet adjudicated,"l1_accuracy_f1,l2_commit_rate"
AOBv2-REAL-745,recommended_action,pending,single labeling; random stratum not yet adjudicated,l3_action_accuracy
AOBv2-REAL-745,category,pending,single labeling; random stratum not yet adjudicated,a12_recovery_rung
AOBv2-REAL-745,image_role,pending,single labeling; random stratum not yet adjudicated,scenario_membership
AOBv2-REAL-745,gauge_value,pending,single labeling; random stratum not yet adjudicated,l1_mae
AOBv2-REAL-745,asset,pending,single labeling; random stratum not yet adjudicated,
AOBv2-REAL-746,gauge_readable,pending,single labeling; random stratum not yet adjudicated,"l1_accuracy_f1,l2_commit_rate"
AOBv2-REAL-746,recommended_action,pending,single labeling; random stratum not yet adjudicated,l3_action_accuracy
AOBv2-REAL-746,category,pending,single labeling; random stratum not yet adjudicated,a12_recovery_rung
AOBv2-REAL-746,image_role,pending,single labeling; random stratum not yet adjudicated,scenario_membership
AOBv2-REAL-746,gauge_value,pending,single labeling; random stratum not yet adjudicated,l1_mae
AOBv2-REAL-746,asset,pending,single labeling; random stratum not yet adjudicated,
AOBv2-REAL-747,gauge_readable,pending,single labeling; random stratum not yet adjudicated,"l1_accuracy_f1,l2_commit_rate"
AOBv2-REAL-747,recommended_action,pending,single labeling; random stratum not yet adjudicated,l3_action_accuracy
AOBv2-REAL-747,category,pending,single labeling; random stratum not yet adjudicated,a12_recovery_rung
AOBv2-REAL-747,image_role,pending,single labeling; random stratum not yet adjudicated,scenario_membership
AOBv2-REAL-747,gauge_value,pending,single labeling; random stratum not yet adjudicated,l1_mae
AOBv2-REAL-747,asset,pending,single labeling; random stratum not yet adjudicated,
AOBv2-REAL-748,gauge_readable,pending,single labeling; random stratum not yet adjudicated,"l1_accuracy_f1,l2_commit_rate"
AOBv2-REAL-748,recommended_action,pending,single labeling; random stratum not yet adjudicated,l3_action_accuracy
AOBv2-REAL-748,category,pending,single labeling; random stratum not yet adjudicated,a12_recovery_rung
AOBv2-REAL-748,image_role,pending,single labeling; random stratum not yet adjudicated,scenario_membership
AOBv2-REAL-748,gauge_value,pending,single labeling; random stratum not yet adjudicated,l1_mae
AOBv2-REAL-748,asset,pending,single labeling; random stratum not yet adjudicated,
AOBv2-REAL-749,gauge_readable,pending,single labeling; random stratum not yet adjudicated,"l1_accuracy_f1,l2_commit_rate"
AOBv2-REAL-749,recommended_action,pending,single labeling; random stratum not yet adjudicated,l3_action_accuracy
AOBv2-REAL-749,category,pending,single labeling; random stratum not yet adjudicated,a12_recovery_rung
AOBv2-REAL-749,image_role,pending,single labeling; random stratum not yet adjudicated,scenario_membership
AOBv2-REAL-749,gauge_value,pending,single labeling; random stratum not yet adjudicated,l1_mae
AOBv2-REAL-749,asset,pending,single labeling; random stratum not yet adjudicated,
AOBv2-REAL-750,gauge_readable,pending,single labeling; random stratum not yet adjudicated,"l1_accuracy_f1,l2_commit_rate"
AOBv2-REAL-750,recommended_action,pending,single labeling; random stratum not yet adjudicated,l3_action_accuracy
AOBv2-REAL-750,category,pending,single labeling; random stratum not yet adjudicated,a12_recovery_rung
AOBv2-REAL-750,image_role,pending,single labeling; random stratum not yet adjudicated,scenario_membership
AOBv2-REAL-750,gauge_value,pending,single labeling; random stratum not yet adjudicated,l1_mae
AOBv2-REAL-750,asset,pending,single labeling; random stratum not yet adjudicated,
AOBv2-REAL-751,gauge_readable,pending,single labeling; random stratum not yet adjudicated,"l1_accuracy_f1,l2_commit_rate"
AOBv2-REAL-751,recommended_action,pending,single labeling; random stratum not yet adjudicated,l3_action_accuracy
AOBv2-REAL-751,category,pending,single labeling; random stratum not yet adjudicated,a12_recovery_rung
AOBv2-REAL-751,image_role,pending,single labeling; random stratum not yet adjudicated,scenario_membership
AOBv2-REAL-751,gauge_value,pending,single labeling; random stratum not yet adjudicated,l1_mae
AOBv2-REAL-751,asset,pending,single labeling; random stratum not yet adjudicated,
AOBv2-REAL-752,gauge_readable,pending,single labeling; random stratum not yet adjudicated,"l1_accuracy_f1,l2_commit_rate"
AOBv2-REAL-752,recommended_action,pending,single labeling; random stratum not yet adjudicated,l3_action_accuracy
AOBv2-REAL-752,category,pending,single labeling; random stratum not yet adjudicated,a12_recovery_rung
AOBv2-REAL-752,image_role,pending,single labeling; random stratum not yet adjudicated,scenario_membership
AOBv2-REAL-752,gauge_value,pending,single labeling; random stratum not yet adjudicated,l1_mae
AOBv2-REAL-752,asset,pending,single labeling; random stratum not yet adjudicated,
AOBv2-REAL-753,gauge_readable,pending,single labeling; random stratum not yet adjudicated,"l1_accuracy_f1,l2_commit_rate"
AOBv2-REAL-753,recommended_action,pending,single labeling; random stratum not yet adjudicated,l3_action_accuracy
AOBv2-REAL-753,category,pending,single labeling; random stratum not yet adjudicated,a12_recovery_rung
AOBv2-REAL-753,image_role,pending,single labeling; random stratum not yet adjudicated,scenario_membership
AOBv2-REAL-753,gauge_value,pending,single labeling; random stratum not yet adjudicated,l1_mae
AOBv2-REAL-753,asset,pending,single labeling; random stratum not yet adjudicated,
AOBv2-REAL-754,gauge_readable,pending,single labeling; random stratum not yet adjudicated,"l1_accuracy_f1,l2_commit_rate"
AOBv2-REAL-754,recommended_action,pending,single labeling; random stratum not yet adjudicated,l3_action_accuracy
AOBv2-REAL-754,category,pending,single labeling; random stratum not yet adjudicated,a12_recovery_rung
AOBv2-REAL-754,image_role,pending,single labeling; random stratum not yet adjudicated,scenario_membership
AOBv2-REAL-754,gauge_value,pending,single labeling; random stratum not yet adjudicated,l1_mae
AOBv2-REAL-754,asset,pending,single labeling; random stratum not yet adjudicated,
AOBv2-REAL-755,gauge_readable,pending,single labeling; random stratum not yet adjudicated,"l1_accuracy_f1,l2_commit_rate"
AOBv2-REAL-755,recommended_action,pending,single labeling; random stratum not yet adjudicated,l3_action_accuracy
AOBv2-REAL-755,category,pending,single labeling; random stratum not yet adjudicated,a12_recovery_rung
AOBv2-REAL-755,image_role,pending,single labeling; random stratum not yet adjudicated,scenario_membership
AOBv2-REAL-755,gauge_value,pending,single labeling; random stratum not yet adjudicated,l1_mae
AOBv2-REAL-755,asset,pending,single labeling; random stratum not yet adjudicated,
AOBv2-REAL-756,gauge_readable,pending,single labeling; random stratum not yet adjudicated,"l1_accuracy_f1,l2_commit_rate"
AOBv2-REAL-756,recommended_action,pending,single labeling; random stratum not yet adjudicated,l3_action_accuracy
AOBv2-REAL-756,category,pending,single labeling; random stratum not yet adjudicated,a12_recovery_rung
AOBv2-REAL-756,image_role,pending,single labeling; random stratum not yet adjudicated,scenario_membership
AOBv2-REAL-756,gauge_value,pending,single labeling; random stratum not yet adjudicated,l1_mae
AOBv2-REAL-756,asset,pending,single labeling; random stratum not yet adjudicated,
AOBv2-REAL-757,gauge_readable,pending,single labeling; random stratum not yet adjudicated,"l1_accuracy_f1,l2_commit_rate"
AOBv2-REAL-757,recommended_action,pending,single labeling; random stratum not yet adjudicated,l3_action_accuracy
AOBv2-REAL-757,category,pending,single labeling; random stratum not yet adjudicated,a12_recovery_rung
AOBv2-REAL-757,image_role,pending,single labeling; random stratum not yet adjudicated,scenario_membership
AOBv2-REAL-757,gauge_value,pending,single labeling; random stratum not yet adjudicated,l1_mae
AOBv2-REAL-757,asset,pending,single labeling; random stratum not yet adjudicated,
AOBv2-REAL-758,gauge_readable,pending,single labeling; random stratum not yet adjudicated,"l1_accuracy_f1,l2_commit_rate"
AOBv2-REAL-758,recommended_action,pending,single labeling; random stratum not yet adjudicated,l3_action_accuracy
AOBv2-REAL-758,category,pending,single labeling; random stratum not yet adjudicated,a12_recovery_rung
AOBv2-REAL-758,image_role,pending,single labeling; random stratum not yet adjudicated,scenario_membership
AOBv2-REAL-758,gauge_value,pending,single labeling; random stratum not yet adjudicated,l1_mae
AOBv2-REAL-758,asset,pending,single labeling; random stratum not yet adjudicated,
AOBv2-REAL-759,gauge_readable,pending,single labeling; random stratum not yet adjudicated,"l1_accuracy_f1,l2_commit_rate"
AOBv2-REAL-759,recommended_action,pending,single labeling; random stratum not yet adjudicated,l3_action_accuracy
AOBv2-REAL-759,category,pending,single labeling; random stratum not yet adjudicated,a12_recovery_rung
AOBv2-REAL-759,image_role,pending,single labeling; random stratum not yet adjudicated,scenario_membership
AOBv2-REAL-759,gauge_value,pending,single labeling; random stratum not yet adjudicated,l1_mae
AOBv2-REAL-759,asset,pending,single labeling; random stratum not yet adjudicated,
AOBv2-REAL-760,gauge_readable,pending,single labeling; random stratum not yet adjudicated,"l1_accuracy_f1,l2_commit_rate"
AOBv2-REAL-760,recommended_action,pending,single labeling; random stratum not yet adjudicated,l3_action_accuracy
AOBv2-REAL-760,category,pending,single labeling; random stratum not yet adjudicated,a12_recovery_rung
AOBv2-REAL-760,image_role,pending,single labeling; random stratum not yet adjudicated,scenario_membership
AOBv2-REAL-760,gauge_value,pending,single labeling; random stratum not yet adjudicated,l1_mae
AOBv2-REAL-760,asset,pending,single labeling; random stratum not yet adjudicated,
AOBv2-REAL-761,gauge_readable,pending,single labeling; random stratum not yet adjudicated,"l1_accuracy_f1,l2_commit_rate"
AOBv2-REAL-761,recommended_action,pending,single labeling; random stratum not yet adjudicated,l3_action_accuracy
AOBv2-REAL-761,category,pending,single labeling; random stratum not yet adjudicated,a12_recovery_rung
AOBv2-REAL-761,image_role,pending,single labeling; random stratum not yet adjudicated,scenario_membership
AOBv2-REAL-761,gauge_value,pending,single labeling; random stratum not yet adjudicated,l1_mae
AOBv2-REAL-761,asset,pending,single labeling; random stratum not yet adjudicated,
AOBv2-REAL-762,gauge_readable,pending,single labeling; random stratum not yet adjudicated,"l1_accuracy_f1,l2_commit_rate"
AOBv2-REAL-762,recommended_action,pending,single labeling; random stratum not yet adjudicated,l3_action_accuracy
AOBv2-REAL-762,category,pending,single labeling; random stratum not yet adjudicated,a12_recovery_rung
AOBv2-REAL-762,image_role,pending,single labeling; random stratum not yet adjudicated,scenario_membership
AOBv2-REAL-762,gauge_value,pending,single labeling; random stratum not yet adjudicated,l1_mae
AOBv2-REAL-762,asset,pending,single labeling; random stratum not yet adjudicated,
AOBv2-REAL-763,gauge_readable,pending,single labeling; random stratum not yet adjudicated,"l1_accuracy_f1,l2_commit_rate"
AOBv2-REAL-763,recommended_action,pending,single labeling; random stratum not yet adjudicated,l3_action_accuracy
AOBv2-REAL-763,category,pending,single labeling; random stratum not yet adjudicated,a12_recovery_rung
AOBv2-REAL-763,image_role,pending,single labeling; random stratum not yet adjudicated,scenario_membership
AOBv2-REAL-763,gauge_value,pending,single labeling; random stratum not yet adjudicated,l1_mae
AOBv2-REAL-763,asset,pending,single labeling; random stratum not yet adjudicated,
AOBv2-REAL-764,gauge_readable,pending,single labeling; random stratum not yet adjudicated,"l1_accuracy_f1,l2_commit_rate"
AOBv2-REAL-764,recommended_action,pending,single labeling; random stratum not yet adjudicated,l3_action_accuracy
AOBv2-REAL-764,category,pending,single labeling; random stratum not yet adjudicated,a12_recovery_rung
AOBv2-REAL-764,image_role,pending,single labeling; random stratum not yet adjudicated,scenario_membership
AOBv2-REAL-764,gauge_value,pending,single labeling; random stratum not yet adjudicated,l1_mae
AOBv2-REAL-764,asset,pending,single labeling; random stratum not yet adjudicated,
AOBv2-REAL-765,gauge_readable,pending,single labeling; random stratum not yet adjudicated,"l1_accuracy_f1,l2_commit_rate"
AOBv2-REAL-765,recommended_action,pending,single labeling; random stratum not yet adjudicated,l3_action_accuracy
AOBv2-REAL-765,category,pending,single labeling; random stratum not yet adjudicated,a12_recovery_rung
AOBv2-REAL-765,image_role,pending,single labeling; random stratum not yet adjudicated,scenario_membership
AOBv2-REAL-765,gauge_value,pending,single labeling; random stratum not yet adjudicated,l1_mae
AOBv2-REAL-765,asset,pending,single labeling; random stratum not yet adjudicated,
AOBv2-REAL-766,gauge_readable,pending,single labeling; random stratum not yet adjudicated,"l1_accuracy_f1,l2_commit_rate"
AOBv2-REAL-766,recommended_action,pending,single labeling; random stratum not yet adjudicated,l3_action_accuracy
AOBv2-REAL-766,category,pending,single labeling; random stratum not yet adjudicated,a12_recovery_rung
AOBv2-REAL-766,image_role,pending,single labeling; random stratum not yet adjudicated,scenario_membership
AOBv2-REAL-766,gauge_value,pending,single labeling; random stratum not yet adjudicated,l1_mae
AOBv2-REAL-766,asset,pending,single labeling; random stratum not yet adjudicated,
AOBv2-REAL-767,gauge_readable,pending,single labeling; random stratum not yet adjudicated,"l1_accuracy_f1,l2_commit_rate"
AOBv2-REAL-767,recommended_action,pending,single labeling; random stratum not yet adjudicated,l3_action_accuracy
AOBv2-REAL-767,category,pending,single labeling; random stratum not yet adjudicated,a12_recovery_rung
AOBv2-REAL-767,image_role,pending,single labeling; random stratum not yet adjudicated,scenario_membership
AOBv2-REAL-767,gauge_value,pending,single labeling; random stratum not yet adjudicated,l1_mae
AOBv2-REAL-767,asset,pending,single labeling; random stratum not yet adjudicated,
AOBv2-REAL-768,gauge_readable,pending,single labeling; random stratum not yet adjudicated,"l1_accuracy_f1,l2_commit_rate"
AOBv2-REAL-768,recommended_action,pending,single labeling; random stratum not yet adjudicated,l3_action_accuracy
AOBv2-REAL-768,category,pending,single labeling; random stratum not yet adjudicated,a12_recovery_rung
AOBv2-REAL-768,image_role,pending,single labeling; random stratum not yet adjudicated,scenario_membership
AOBv2-REAL-768,gauge_value,pending,single labeling; random stratum not yet adjudicated,l1_mae
AOBv2-REAL-768,asset,pending,single labeling; random stratum not yet adjudicated,
AOBv2-REAL-769,gauge_readable,pending,single labeling; random stratum not yet adjudicated,"l1_accuracy_f1,l2_commit_rate"
AOBv2-REAL-769,recommended_action,pending,single labeling; random stratum not yet adjudicated,l3_action_accuracy
AOBv2-REAL-769,category,pending,single labeling; random stratum not yet adjudicated,a12_recovery_rung
AOBv2-REAL-769,image_role,pending,single labeling; random stratum not yet adjudicated,scenario_membership
AOBv2-REAL-769,gauge_value,pending,single labeling; random stratum not yet adjudicated,l1_mae
AOBv2-REAL-769,asset,pending,single labeling; random stratum not yet adjudicated,
AOBv2-REAL-770,gauge_readable,pending,single labeling; random stratum not yet adjudicated,"l1_accuracy_f1,l2_commit_rate"
AOBv2-REAL-770,recommended_action,pending,single labeling; random stratum not yet adjudicated,l3_action_accuracy
AOBv2-REAL-770,category,pending,single labeling; random stratum not yet adjudicated,a12_recovery_rung
AOBv2-REAL-770,image_role,pending,single labeling; random stratum not yet adjudicated,scenario_membership
AOBv2-REAL-770,gauge_value,pending,single labeling; random stratum not yet adjudicated,l1_mae
AOBv2-REAL-770,asset,pending,single labeling; random stratum not yet adjudicated,
AOBv2-REAL-771,gauge_readable,pending,single labeling; random stratum not yet adjudicated,"l1_accuracy_f1,l2_commit_rate"
AOBv2-REAL-771,recommended_action,pending,single labeling; random stratum not yet adjudicated,l3_action_accuracy
AOBv2-REAL-771,category,pending,single labeling; random stratum not yet adjudicated,a12_recovery_rung
AOBv2-REAL-771,image_role,pending,single labeling; random stratum not yet adjudicated,scenario_membership
AOBv2-REAL-771,gauge_value,pending,single labeling; random stratum not yet adjudicated,l1_mae
AOBv2-REAL-771,asset,pending,single labeling; random stratum not yet adjudicated,
AOBv2-REAL-772,gauge_readable,pending,single labeling; random stratum not yet adjudicated,"l1_accuracy_f1,l2_commit_rate"
AOBv2-REAL-772,recommended_action,pending,single labeling; random stratum not yet adjudicated,l3_action_accuracy
AOBv2-REAL-772,category,pending,single labeling; random stratum not yet adjudicated,a12_recovery_rung
AOBv2-REAL-772,image_role,pending,single labeling; random stratum not yet adjudicated,scenario_membership
AOBv2-REAL-772,gauge_value,pending,single labeling; random stratum not yet adjudicated,l1_mae
AOBv2-REAL-772,asset,pending,single labeling; random stratum not yet adjudicated,
AOBv2-REAL-773,gauge_readable,pending,single labeling; random stratum not yet adjudicated,"l1_accuracy_f1,l2_commit_rate"
AOBv2-REAL-773,recommended_action,pending,single labeling; random stratum not yet adjudicated,l3_action_accuracy
AOBv2-REAL-773,category,pending,single labeling; random stratum not yet adjudicated,a12_recovery_rung
AOBv2-REAL-773,image_role,pending,single labeling; random stratum not yet adjudicated,scenario_membership
AOBv2-REAL-773,gauge_value,pending,single labeling; random stratum not yet adjudicated,l1_mae
AOBv2-REAL-773,asset,pending,single labeling; random stratum not yet adjudicated,
AOBv2-REAL-774,gauge_readable,pending,single labeling; random stratum not yet adjudicated,"l1_accuracy_f1,l2_commit_rate"
AOBv2-REAL-774,recommended_action,pending,single labeling; random stratum not yet adjudicated,l3_action_accuracy
AOBv2-REAL-774,category,pending,single labeling; random stratum not yet adjudicated,a12_recovery_rung
AOBv2-REAL-774,image_role,pending,single labeling; random stratum not yet adjudicated,scenario_membership
AOBv2-REAL-774,gauge_value,pending,single labeling; random stratum not yet adjudicated,l1_mae
AOBv2-REAL-774,asset,pending,single labeling; random stratum not yet adjudicated,
AOBv2-REAL-775,gauge_readable,pending,single labeling; random stratum not yet adjudicated,"l1_accuracy_f1,l2_commit_rate"
AOBv2-REAL-775,recommended_action,pending,single labeling; random stratum not yet adjudicated,l3_action_accuracy
AOBv2-REAL-775,category,pending,single labeling; random stratum not yet adjudicated,a12_recovery_rung
AOBv2-REAL-775,image_role,pending,single labeling; random stratum not yet adjudicated,scenario_membership
AOBv2-REAL-775,gauge_value,pending,single labeling; random stratum not yet adjudicated,l1_mae
AOBv2-REAL-775,asset,pending,single labeling; random stratum not yet adjudicated,
AOBv2-REAL-776,gauge_readable,pending,single labeling; random stratum not yet adjudicated,"l1_accuracy_f1,l2_commit_rate"
AOBv2-REAL-776,recommended_action,pending,single labeling; random stratum not yet adjudicated,l3_action_accuracy
AOBv2-REAL-776,category,pending,single labeling; random stratum not yet adjudicated,a12_recovery_rung
AOBv2-REAL-776,image_role,pending,single labeling; random stratum not yet adjudicated,scenario_membership
AOBv2-REAL-776,gauge_value,pending,single labeling; random stratum not yet adjudicated,l1_mae
AOBv2-REAL-776,asset,pending,single labeling; random stratum not yet adjudicated,
AOBv2-REAL-777,gauge_readable,pending,single labeling; random stratum not yet adjudicated,"l1_accuracy_f1,l2_commit_rate"
AOBv2-REAL-777,recommended_action,pending,single labeling; random stratum not yet adjudicated,l3_action_accuracy
AOBv2-REAL-777,category,pending,single labeling; random stratum not yet adjudicated,a12_recovery_rung
AOBv2-REAL-777,image_role,pending,single labeling; random stratum not yet adjudicated,scenario_membership
AOBv2-REAL-777,gauge_value,pending,single labeling; random stratum not yet adjudicated,l1_mae
AOBv2-REAL-777,asset,pending,single labeling; random stratum not yet adjudicated,
AOBv2-REAL-778,gauge_readable,pending,single labeling; random stratum not yet adjudicated,"l1_accuracy_f1,l2_commit_rate"
AOBv2-REAL-778,recommended_action,pending,single labeling; random stratum not yet adjudicated,l3_action_accuracy
AOBv2-REAL-778,category,pending,single labeling; random stratum not yet adjudicated,a12_recovery_rung
AOBv2-REAL-778,image_role,pending,single labeling; random stratum not yet adjudicated,scenario_membership
AOBv2-REAL-778,gauge_value,pending,single labeling; random stratum not yet adjudicated,l1_mae
AOBv2-REAL-778,asset,pending,single labeling; random stratum not yet adjudicated,
AOBv2-REAL-779,gauge_readable,pending,single labeling; random stratum not yet adjudicated,"l1_accuracy_f1,l2_commit_rate"
AOBv2-REAL-779,recommended_action,pending,single labeling; random stratum not yet adjudicated,l3_action_accuracy
AOBv2-REAL-779,category,pending,single labeling; random stratum not yet adjudicated,a12_recovery_rung
AOBv2-REAL-779,image_role,pending,single labeling; random stratum not yet adjudicated,scenario_membership
AOBv2-REAL-779,gauge_value,pending,single labeling; random stratum not yet adjudicated,l1_mae
AOBv2-REAL-779,asset,pending,single labeling; random stratum not yet adjudicated,
AOBv2-REAL-780,gauge_readable,pending,single labeling; random stratum not yet adjudicated,"l1_accuracy_f1,l2_commit_rate"
AOBv2-REAL-780,recommended_action,pending,single labeling; random stratum not yet adjudicated,l3_action_accuracy
AOBv2-REAL-780,category,pending,single labeling; random stratum not yet adjudicated,a12_recovery_rung
AOBv2-REAL-780,image_role,pending,single labeling; random stratum not yet adjudicated,scenario_membership
AOBv2-REAL-780,gauge_value,pending,single labeling; random stratum not yet adjudicated,l1_mae
AOBv2-REAL-780,asset,pending,single labeling; random stratum not yet adjudicated,
AOBv2-REAL-781,gauge_readable,pending,single labeling; random stratum not yet adjudicated,"l1_accuracy_f1,l2_commit_rate"
AOBv2-REAL-781,recommended_action,pending,single labeling; random stratum not yet adjudicated,l3_action_accuracy
AOBv2-REAL-781,category,pending,single labeling; random stratum not yet adjudicated,a12_recovery_rung
AOBv2-REAL-781,image_role,pending,single labeling; random stratum not yet adjudicated,scenario_membership
AOBv2-REAL-781,gauge_value,pending,single labeling; random stratum not yet adjudicated,l1_mae
AOBv2-REAL-781,asset,pending,single labeling; random stratum not yet adjudicated,
AOBv2-REAL-782,gauge_readable,pending,single labeling; random stratum not yet adjudicated,"l1_accuracy_f1,l2_commit_rate"
AOBv2-REAL-782,recommended_action,pending,single labeling; random stratum not yet adjudicated,l3_action_accuracy
AOBv2-REAL-782,category,pending,single labeling; random stratum not yet adjudicated,a12_recovery_rung
AOBv2-REAL-782,image_role,pending,single labeling; random stratum not yet adjudicated,scenario_membership
AOBv2-REAL-782,gauge_value,pending,single labeling; random stratum not yet adjudicated,l1_mae
AOBv2-REAL-782,asset,pending,single labeling; random stratum not yet adjudicated,
AOBv2-REAL-783,gauge_readable,pending,single labeling; random stratum not yet adjudicated,"l1_accuracy_f1,l2_commit_rate"
AOBv2-REAL-783,recommended_action,pending,single labeling; random stratum not yet adjudicated,l3_action_accuracy
AOBv2-REAL-783,category,pending,single labeling; random stratum not yet adjudicated,a12_recovery_rung
AOBv2-REAL-783,image_role,pending,single labeling; random stratum not yet adjudicated,scenario_membership
AOBv2-REAL-783,gauge_value,pending,single labeling; random stratum not yet adjudicated,l1_mae
AOBv2-REAL-783,asset,pending,single labeling; random stratum not yet adjudicated,
AOBv2-REAL-784,gauge_readable,pending,single labeling; random stratum not yet adjudicated,"l1_accuracy_f1,l2_commit_rate"
AOBv2-REAL-784,recommended_action,pending,single labeling; random stratum not yet adjudicated,l3_action_accuracy
AOBv2-REAL-784,category,pending,single labeling; random stratum not yet adjudicated,a12_recovery_rung
AOBv2-REAL-784,image_role,pending,single labeling; random stratum not yet adjudicated,scenario_membership
AOBv2-REAL-784,gauge_value,pending,single labeling; random stratum not yet adjudicated,l1_mae
AOBv2-REAL-784,asset,pending,single labeling; random stratum not yet adjudicated,
AOBv2-REAL-785,gauge_readable,pending,single labeling; random stratum not yet adjudicated,"l1_accuracy_f1,l2_commit_rate"
AOBv2-REAL-785,recommended_action,pending,single labeling; random stratum not yet adjudicated,l3_action_accuracy
AOBv2-REAL-785,category,pending,single labeling; random stratum not yet adjudicated,a12_recovery_rung
AOBv2-REAL-785,image_role,pending,single labeling; random stratum not yet adjudicated,scenario_membership
AOBv2-REAL-785,gauge_value,pending,single labeling; random stratum not yet adjudicated,l1_mae
AOBv2-REAL-785,asset,pending,single labeling; random stratum not yet adjudicated,
AOBv2-REAL-786,gauge_readable,pending,single labeling; random stratum not yet adjudicated,"l1_accuracy_f1,l2_commit_rate"
AOBv2-REAL-786,recommended_action,pending,single labeling; random stratum not yet adjudicated,l3_action_accuracy
AOBv2-REAL-786,category,pending,single labeling; random stratum not yet adjudicated,a12_recovery_rung
AOBv2-REAL-786,image_role,pending,single labeling; random stratum not yet adjudicated,scenario_membership
AOBv2-REAL-786,gauge_value,pending,single labeling; random stratum not yet adjudicated,l1_mae
AOBv2-REAL-786,asset,pending,single labeling; random stratum not yet adjudicated,
AOBv2-REAL-787,gauge_readable,pending,single labeling; random stratum not yet adjudicated,"l1_accuracy_f1,l2_commit_rate"
AOBv2-REAL-787,recommended_action,pending,single labeling; random stratum not yet adjudicated,l3_action_accuracy
AOBv2-REAL-787,category,pending,single labeling; random stratum not yet adjudicated,a12_recovery_rung
AOBv2-REAL-787,image_role,pending,single labeling; random stratum not yet adjudicated,scenario_membership
AOBv2-REAL-787,gauge_value,pending,single labeling; random stratum not yet adjudicated,l1_mae
AOBv2-REAL-787,asset,pending,single labeling; random stratum not yet adjudicated,
AOBv2-REAL-788,gauge_readable,pending,single labeling; random stratum not yet adjudicated,"l1_accuracy_f1,l2_commit_rate"
AOBv2-REAL-788,recommended_action,pending,single labeling; random stratum not yet adjudicated,l3_action_accuracy
AOBv2-REAL-788,category,pending,single labeling; random stratum not yet adjudicated,a12_recovery_rung
AOBv2-REAL-788,image_role,pending,single labeling; random stratum not yet adjudicated,scenario_membership
AOBv2-REAL-788,gauge_value,pending,single labeling; random stratum not yet adjudicated,l1_mae
AOBv2-REAL-788,asset,pending,single labeling; random stratum not yet adjudicated,
AOBv2-REAL-789,gauge_readable,pending,single labeling; random stratum not yet adjudicated,"l1_accuracy_f1,l2_commit_rate"
AOBv2-REAL-789,recommended_action,pending,single labeling; random stratum not yet adjudicated,l3_action_accuracy
AOBv2-REAL-789,category,pending,single labeling; random stratum not yet adjudicated,a12_recovery_rung
AOBv2-REAL-789,image_role,pending,single labeling; random stratum not yet adjudicated,scenario_membership
AOBv2-REAL-789,gauge_value,pending,single labeling; random stratum not yet adjudicated,l1_mae
AOBv2-REAL-789,asset,pending,single labeling; random stratum not yet adjudicated,
AOBv2-REAL-790,gauge_readable,pending,single labeling; random stratum not yet adjudicated,"l1_accuracy_f1,l2_commit_rate"
AOBv2-REAL-790,recommended_action,pending,single labeling; random stratum not yet adjudicated,l3_action_accuracy
AOBv2-REAL-790,category,pending,single labeling; random stratum not yet adjudicated,a12_recovery_rung
AOBv2-REAL-790,image_role,pending,single labeling; random stratum not yet adjudicated,scenario_membership
AOBv2-REAL-790,gauge_value,pending,single labeling; random stratum not yet adjudicated,l1_mae
AOBv2-REAL-790,asset,pending,single labeling; random stratum not yet adjudicated,
AOBv2-REAL-791,gauge_readable,pending,single labeling; random stratum not yet adjudicated,"l1_accuracy_f1,l2_commit_rate"
AOBv2-REAL-791,recommended_action,pending,single labeling; random stratum not yet adjudicated,l3_action_accuracy
AOBv2-REAL-791,category,pending,single labeling; random stratum not yet adjudicated,a12_recovery_rung
AOBv2-REAL-791,image_role,pending,single labeling; random stratum not yet adjudicated,scenario_membership
AOBv2-REAL-791,gauge_value,pending,single labeling; random stratum not yet adjudicated,l1_mae
AOBv2-REAL-791,asset,pending,single labeling; random stratum not yet adjudicated,
AOBv2-REAL-792,gauge_readable,pending,single labeling; random stratum not yet adjudicated,"l1_accuracy_f1,l2_commit_rate"
AOBv2-REAL-792,recommended_action,pending,single labeling; random stratum not yet adjudicated,l3_action_accuracy
AOBv2-REAL-792,category,pending,single labeling; random stratum not yet adjudicated,a12_recovery_rung
AOBv2-REAL-792,image_role,pending,single labeling; random stratum not yet adjudicated,scenario_membership
AOBv2-REAL-792,gauge_value,pending,single labeling; random stratum not yet adjudicated,l1_mae
AOBv2-REAL-792,asset,pending,single labeling; random stratum not yet adjudicated,
AOBv2-REAL-793,gauge_readable,pending,single labeling; random stratum not yet adjudicated,"l1_accuracy_f1,l2_commit_rate"
AOBv2-REAL-793,recommended_action,pending,single labeling; random stratum not yet adjudicated,l3_action_accuracy
AOBv2-REAL-793,category,pending,single labeling; random stratum not yet adjudicated,a12_recovery_rung
AOBv2-REAL-793,image_role,pending,single labeling; random stratum not yet adjudicated,scenario_membership
AOBv2-REAL-793,gauge_value,pending,single labeling; random stratum not yet adjudicated,l1_mae
AOBv2-REAL-793,asset,pending,single labeling; random stratum not yet adjudicated,
AOBv2-REAL-794,gauge_readable,pending,single labeling; random stratum not yet adjudicated,"l1_accuracy_f1,l2_commit_rate"
AOBv2-REAL-794,recommended_action,pending,single labeling; random stratum not yet adjudicated,l3_action_accuracy
AOBv2-REAL-794,category,pending,single labeling; random stratum not yet adjudicated,a12_recovery_rung
AOBv2-REAL-794,image_role,pending,single labeling; random stratum not yet adjudicated,scenario_membership
AOBv2-REAL-794,gauge_value,pending,single labeling; random stratum not yet adjudicated,l1_mae
AOBv2-REAL-794,asset,pending,single labeling; random stratum not yet adjudicated,
AOBv2-REAL-795,gauge_readable,pending,single labeling; random stratum not yet adjudicated,"l1_accuracy_f1,l2_commit_rate"
AOBv2-REAL-795,recommended_action,pending,single labeling; random stratum not yet adjudicated,l3_action_accuracy
AOBv2-REAL-795,category,pending,single labeling; random stratum not yet adjudicated,a12_recovery_rung
AOBv2-REAL-795,image_role,pending,single labeling; random stratum not yet adjudicated,scenario_membership
AOBv2-REAL-795,gauge_value,pending,single labeling; random stratum not yet adjudicated,l1_mae
AOBv2-REAL-795,asset,pending,single labeling; random stratum not yet adjudicated,
AOBv2-REAL-796,gauge_readable,pending,single labeling; random stratum not yet adjudicated,"l1_accuracy_f1,l2_commit_rate"
AOBv2-REAL-796,recommended_action,pending,single labeling; random stratum not yet adjudicated,l3_action_accuracy
AOBv2-REAL-796,category,pending,single labeling; random stratum not yet adjudicated,a12_recovery_rung
AOBv2-REAL-796,image_role,pending,single labeling; random stratum not yet adjudicated,scenario_membership
AOBv2-REAL-796,gauge_value,pending,single labeling; random stratum not yet adjudicated,l1_mae
AOBv2-REAL-796,asset,pending,single labeling; random stratum not yet adjudicated,
AOBv2-REAL-797,gauge_readable,pending,single labeling; random stratum not yet adjudicated,"l1_accuracy_f1,l2_commit_rate"
AOBv2-REAL-797,recommended_action,pending,single labeling; random stratum not yet adjudicated,l3_action_accuracy
AOBv2-REAL-797,category,pending,single labeling; random stratum not yet adjudicated,a12_recovery_rung
AOBv2-REAL-797,image_role,pending,single labeling; random stratum not yet adjudicated,scenario_membership
AOBv2-REAL-797,gauge_value,pending,single labeling; random stratum not yet adjudicated,l1_mae
AOBv2-REAL-797,asset,pending,single labeling; random stratum not yet adjudicated,
AOBv2-REAL-798,gauge_readable,pending,single labeling; random stratum not yet adjudicated,"l1_accuracy_f1,l2_commit_rate"
AOBv2-REAL-798,recommended_action,pending,single labeling; random stratum not yet adjudicated,l3_action_accuracy
AOBv2-REAL-798,category,pending,single labeling; random stratum not yet adjudicated,a12_recovery_rung
AOBv2-REAL-798,image_role,pending,single labeling; random stratum not yet adjudicated,scenario_membership
AOBv2-REAL-798,gauge_value,pending,single labeling; random stratum not yet adjudicated,l1_mae
AOBv2-REAL-798,asset,pending,single labeling; random stratum not yet adjudicated,
AOBv2-REAL-799,gauge_readable,pending,single labeling; random stratum not yet adjudicated,"l1_accuracy_f1,l2_commit_rate"
AOBv2-REAL-799,recommended_action,pending,single labeling; random stratum not yet adjudicated,l3_action_accuracy
AOBv2-REAL-799,category,pending,single labeling; random stratum not yet adjudicated,a12_recovery_rung
AOBv2-REAL-799,image_role,pending,single labeling; random stratum not yet adjudicated,scenario_membership
AOBv2-REAL-799,gauge_value,pending,single labeling; random stratum not yet adjudicated,l1_mae
AOBv2-REAL-799,asset,pending,single labeling; random stratum not yet adjudicated,
AOBv2-REAL-800,gauge_readable,pending,single labeling; random stratum not yet adjudicated,"l1_accuracy_f1,l2_commit_rate"
AOBv2-REAL-800,recommended_action,pending,single labeling; random stratum not yet adjudicated,l3_action_accuracy
AOBv2-REAL-800,category,pending,single labeling; random stratum not yet adjudicated,a12_recovery_rung
AOBv2-REAL-800,image_role,pending,single labeling; random stratum not yet adjudicated,scenario_membership
AOBv2-REAL-800,gauge_value,pending,single labeling; random stratum not yet adjudicated,l1_mae
AOBv2-REAL-800,asset,pending,single labeling; random stratum not yet adjudicated,
AOBv2-REAL-801,gauge_readable,pending,single labeling; random stratum not yet adjudicated,"l1_accuracy_f1,l2_commit_rate"
AOBv2-REAL-801,recommended_action,pending,single labeling; random stratum not yet adjudicated,l3_action_accuracy
AOBv2-REAL-801,category,pending,single labeling; random stratum not yet adjudicated,a12_recovery_rung
AOBv2-REAL-801,image_role,pending,single labeling; random stratum not yet adjudicated,scenario_membership
AOBv2-REAL-801,gauge_value,pending,single labeling; random stratum not yet adjudicated,l1_mae
AOBv2-REAL-801,asset,pending,single labeling; random stratum not yet adjudicated,
AOBv2-REAL-802,gauge_readable,pending,single labeling; random stratum not yet adjudicated,"l1_accuracy_f1,l2_commit_rate"
AOBv2-REAL-802,recommended_action,pending,single labeling; random stratum not yet adjudicated,l3_action_accuracy
AOBv2-REAL-802,category,pending,single labeling; random stratum not yet adjudicated,a12_recovery_rung
AOBv2-REAL-802,image_role,pending,single labeling; random stratum not yet adjudicated,scenario_membership
AOBv2-REAL-802,gauge_value,pending,single labeling; random stratum not yet adjudicated,l1_mae
AOBv2-REAL-802,asset,pending,single labeling; random stratum not yet adjudicated,
AOBv2-REAL-803,gauge_readable,pending,single labeling; random stratum not yet adjudicated,"l1_accuracy_f1,l2_commit_rate"
AOBv2-REAL-803,recommended_action,pending,single labeling; random stratum not yet adjudicated,l3_action_accuracy
AOBv2-REAL-803,category,pending,single labeling; random stratum not yet adjudicated,a12_recovery_rung
AOBv2-REAL-803,image_role,pending,single labeling; random stratum not yet adjudicated,scenario_membership
AOBv2-REAL-803,gauge_value,pending,single labeling; random stratum not yet adjudicated,l1_mae
AOBv2-REAL-803,asset,pending,single labeling; random stratum not yet adjudicated,
AOBv2-REAL-804,gauge_readable,pending,single labeling; random stratum not yet adjudicated,"l1_accuracy_f1,l2_commit_rate"
AOBv2-REAL-804,recommended_action,pending,single labeling; random stratum not yet adjudicated,l3_action_accuracy
AOBv2-REAL-804,category,pending,single labeling; random stratum not yet adjudicated,a12_recovery_rung
AOBv2-REAL-804,image_role,pending,single labeling; random stratum not yet adjudicated,scenario_membership
AOBv2-REAL-804,gauge_value,pending,single labeling; random stratum not yet adjudicated,l1_mae
AOBv2-REAL-804,asset,pending,single labeling; random stratum not yet adjudicated,
AOBv2-REAL-805,gauge_readable,pending,single labeling; random stratum not yet adjudicated,"l1_accuracy_f1,l2_commit_rate"
AOBv2-REAL-805,recommended_action,pending,single labeling; random stratum not yet adjudicated,l3_action_accuracy
AOBv2-REAL-805,category,pending,single labeling; random stratum not yet adjudicated,a12_recovery_rung
AOBv2-REAL-805,image_role,pending,single labeling; random stratum not yet adjudicated,scenario_membership
AOBv2-REAL-805,gauge_value,pending,single labeling; random stratum not yet adjudicated,l1_mae
AOBv2-REAL-805,asset,pending,single labeling; random stratum not yet adjudicated,
AOBv2-REAL-806,gauge_readable,pending,single labeling; random stratum not yet adjudicated,"l1_accuracy_f1,l2_commit_rate"
AOBv2-REAL-806,recommended_action,pending,single labeling; random stratum not yet adjudicated,l3_action_accuracy
AOBv2-REAL-806,category,pending,single labeling; random stratum not yet adjudicated,a12_recovery_rung
AOBv2-REAL-806,image_role,pending,single labeling; random stratum not yet adjudicated,scenario_membership
AOBv2-REAL-806,gauge_value,pending,single labeling; random stratum not yet adjudicated,l1_mae
AOBv2-REAL-806,asset,pending,single labeling; random stratum not yet adjudicated,
AOBv2-REAL-807,gauge_readable,pending,single labeling; random stratum not yet adjudicated,"l1_accuracy_f1,l2_commit_rate"
AOBv2-REAL-807,recommended_action,pending,single labeling; random stratum not yet adjudicated,l3_action_accuracy
AOBv2-REAL-807,category,pending,single labeling; random stratum not yet adjudicated,a12_recovery_rung
AOBv2-REAL-807,image_role,pending,single labeling; random stratum not yet adjudicated,scenario_membership
AOBv2-REAL-807,gauge_value,pending,single labeling; random stratum not yet adjudicated,l1_mae
AOBv2-REAL-807,asset,pending,single labeling; random stratum not yet adjudicated,
AOBv2-REAL-808,gauge_readable,pending,single labeling; random stratum not yet adjudicated,"l1_accuracy_f1,l2_commit_rate"
AOBv2-REAL-808,recommended_action,pending,single labeling; random stratum not yet adjudicated,l3_action_accuracy
AOBv2-REAL-808,category,pending,single labeling; random stratum not yet adjudicated,a12_recovery_rung
AOBv2-REAL-808,image_role,pending,single labeling; random stratum not yet adjudicated,scenario_membership
AOBv2-REAL-808,gauge_value,pending,single labeling; random stratum not yet adjudicated,l1_mae
AOBv2-REAL-808,asset,pending,single labeling; random stratum not yet adjudicated,
AOBv2-REAL-809,gauge_readable,pending,single labeling; random stratum not yet adjudicated,"l1_accuracy_f1,l2_commit_rate"
AOBv2-REAL-809,recommended_action,pending,single labeling; random stratum not yet adjudicated,l3_action_accuracy
AOBv2-REAL-809,category,pending,single labeling; random stratum not yet adjudicated,a12_recovery_rung
AOBv2-REAL-809,image_role,pending,single labeling; random stratum not yet adjudicated,scenario_membership
AOBv2-REAL-809,gauge_value,pending,single labeling; random stratum not yet adjudicated,l1_mae
AOBv2-REAL-809,asset,pending,single labeling; random stratum not yet adjudicated,
AOBv2-REAL-810,gauge_readable,pending,single labeling; random stratum not yet adjudicated,"l1_accuracy_f1,l2_commit_rate"
AOBv2-REAL-810,recommended_action,pending,single labeling; random stratum not yet adjudicated,l3_action_accuracy
AOBv2-REAL-810,category,pending,single labeling; random stratum not yet adjudicated,a12_recovery_rung
AOBv2-REAL-810,image_role,pending,single labeling; random stratum not yet adjudicated,scenario_membership
AOBv2-REAL-810,gauge_value,pending,single labeling; random stratum not yet adjudicated,l1_mae
AOBv2-REAL-810,asset,pending,single labeling; random stratum not yet adjudicated,
AOBv2-REAL-811,gauge_readable,pending,single labeling; random stratum not yet adjudicated,"l1_accuracy_f1,l2_commit_rate"
AOBv2-REAL-811,recommended_action,pending,single labeling; random stratum not yet adjudicated,l3_action_accuracy
AOBv2-REAL-811,category,pending,single labeling; random stratum not yet adjudicated,a12_recovery_rung
AOBv2-REAL-811,image_role,pending,single labeling; random stratum not yet adjudicated,scenario_membership
AOBv2-REAL-811,gauge_value,pending,single labeling; random stratum not yet adjudicated,l1_mae
AOBv2-REAL-811,asset,pending,single labeling; random stratum not yet adjudicated,
AOBv2-REAL-812,gauge_readable,pending,single labeling; random stratum not yet adjudicated,"l1_accuracy_f1,l2_commit_rate"
AOBv2-REAL-812,recommended_action,pending,single labeling; random stratum not yet adjudicated,l3_action_accuracy
AOBv2-REAL-812,category,pending,single labeling; random stratum not yet adjudicated,a12_recovery_rung
AOBv2-REAL-812,image_role,pending,single labeling; random stratum not yet adjudicated,scenario_membership
AOBv2-REAL-812,gauge_value,pending,single labeling; random stratum not yet adjudicated,l1_mae
AOBv2-REAL-812,asset,pending,single labeling; random stratum not yet adjudicated,
AOBv2-REAL-813,gauge_readable,pending,single labeling; random stratum not yet adjudicated,"l1_accuracy_f1,l2_commit_rate"
AOBv2-REAL-813,recommended_action,pending,single labeling; random stratum not yet adjudicated,l3_action_accuracy
AOBv2-REAL-813,category,pending,single labeling; random stratum not yet adjudicated,a12_recovery_rung
AOBv2-REAL-813,image_role,pending,single labeling; random stratum not yet adjudicated,scenario_membership
AOBv2-REAL-813,gauge_value,pending,single labeling; random stratum not yet adjudicated,l1_mae
AOBv2-REAL-813,asset,pending,single labeling; random stratum not yet adjudicated,
AOBv2-REAL-814,gauge_readable,pending,single labeling; random stratum not yet adjudicated,"l1_accuracy_f1,l2_commit_rate"
AOBv2-REAL-814,recommended_action,pending,single labeling; random stratum not yet adjudicated,l3_action_accuracy
AOBv2-REAL-814,category,pending,single labeling; random stratum not yet adjudicated,a12_recovery_rung
AOBv2-REAL-814,image_role,pending,single labeling; random stratum not yet adjudicated,scenario_membership
AOBv2-REAL-814,gauge_value,pending,single labeling; random stratum not yet adjudicated,l1_mae
AOBv2-REAL-814,asset,pending,single labeling; random stratum not yet adjudicated,
AOBv2-REAL-815,gauge_readable,pending,single labeling; random stratum not yet adjudicated,"l1_accuracy_f1,l2_commit_rate"
AOBv2-REAL-815,recommended_action,pending,single labeling; random stratum not yet adjudicated,l3_action_accuracy
AOBv2-REAL-815,category,pending,single labeling; random stratum not yet adjudicated,a12_recovery_rung
AOBv2-REAL-815,image_role,pending,single labeling; random stratum not yet adjudicated,scenario_membership
AOBv2-REAL-815,gauge_value,pending,single labeling; random stratum not yet adjudicated,l1_mae
AOBv2-REAL-815,asset,pending,single labeling; random stratum not yet adjudicated,
AOBv2-REAL-816,gauge_readable,pending,single labeling; random stratum not yet adjudicated,"l1_accuracy_f1,l2_commit_rate"
AOBv2-REAL-816,recommended_action,pending,single labeling; random stratum not yet adjudicated,l3_action_accuracy
AOBv2-REAL-816,category,pending,single labeling; random stratum not yet adjudicated,a12_recovery_rung
AOBv2-REAL-816,image_role,pending,single labeling; random stratum not yet adjudicated,scenario_membership
AOBv2-REAL-816,gauge_value,pending,single labeling; random stratum not yet adjudicated,l1_mae
AOBv2-REAL-816,asset,pending,single labeling; random stratum not yet adjudicated,
AOBv2-REAL-817,gauge_readable,pending,single labeling; random stratum not yet adjudicated,"l1_accuracy_f1,l2_commit_rate"
AOBv2-REAL-817,recommended_action,pending,single labeling; random stratum not yet adjudicated,l3_action_accuracy
AOBv2-REAL-817,category,pending,single labeling; random stratum not yet adjudicated,a12_recovery_rung
AOBv2-REAL-817,image_role,pending,single labeling; random stratum not yet adjudicated,scenario_membership
AOBv2-REAL-817,gauge_value,pending,single labeling; random stratum not yet adjudicated,l1_mae
AOBv2-REAL-817,asset,pending,single labeling; random stratum not yet adjudicated,
AOBv2-REAL-818,gauge_readable,pending,single labeling; random stratum not yet adjudicated,"l1_accuracy_f1,l2_commit_rate"
AOBv2-REAL-818,recommended_action,pending,single labeling; random stratum not yet adjudicated,l3_action_accuracy
AOBv2-REAL-818,category,pending,single labeling; random stratum not yet adjudicated,a12_recovery_rung
AOBv2-REAL-818,image_role,pending,single labeling; random stratum not yet adjudicated,scenario_membership
AOBv2-REAL-818,gauge_value,pending,single labeling; random stratum not yet adjudicated,l1_mae
AOBv2-REAL-818,asset,pending,single labeling; random stratum not yet adjudicated,
AOBv2-REAL-819,gauge_readable,pending,single labeling; random stratum not yet adjudicated,"l1_accuracy_f1,l2_commit_rate"
AOBv2-REAL-819,recommended_action,pending,single labeling; random stratum not yet adjudicated,l3_action_accuracy
AOBv2-REAL-819,category,pending,single labeling; random stratum not yet adjudicated,a12_recovery_rung
AOBv2-REAL-819,image_role,pending,single labeling; random stratum not yet adjudicated,scenario_membership
AOBv2-REAL-819,gauge_value,pending,single labeling; random stratum not yet adjudicated,l1_mae
AOBv2-REAL-819,asset,pending,single labeling; random stratum not yet adjudicated,
AOBv2-REAL-820,gauge_readable,pending,single labeling; random stratum not yet adjudicated,"l1_accuracy_f1,l2_commit_rate"
AOBv2-REAL-820,recommended_action,pending,single labeling; random stratum not yet adjudicated,l3_action_accuracy
AOBv2-REAL-820,category,pending,single labeling; random stratum not yet adjudicated,a12_recovery_rung
AOBv2-REAL-820,image_role,pending,single labeling; random stratum not yet adjudicated,scenario_membership
AOBv2-REAL-820,gauge_value,pending,single labeling; random stratum not yet adjudicated,l1_mae
AOBv2-REAL-820,asset,pending,single labeling; random stratum not yet adjudicated,
AOBv2-REAL-821,gauge_readable,pending,single labeling; random stratum not yet adjudicated,"l1_accuracy_f1,l2_commit_rate"
AOBv2-REAL-821,recommended_action,pending,single labeling; random stratum not yet adjudicated,l3_action_accuracy
AOBv2-REAL-821,category,pending,single labeling; random stratum not yet adjudicated,a12_recovery_rung
AOBv2-REAL-821,image_role,pending,single labeling; random stratum not yet adjudicated,scenario_membership
AOBv2-REAL-821,gauge_value,pending,single labeling; random stratum not yet adjudicated,l1_mae
AOBv2-REAL-821,asset,pending,single labeling; random stratum not yet adjudicated,
AOBv2-REAL-822,gauge_readable,pending,single labeling; random stratum not yet adjudicated,"l1_accuracy_f1,l2_commit_rate"
AOBv2-REAL-822,recommended_action,pending,single labeling; random stratum not yet adjudicated,l3_action_accuracy
AOBv2-REAL-822,category,pending,single labeling; random stratum not yet adjudicated,a12_recovery_rung
AOBv2-REAL-822,image_role,pending,single labeling; random stratum not yet adjudicated,scenario_membership
AOBv2-REAL-822,gauge_value,pending,single labeling; random stratum not yet adjudicated,l1_mae
AOBv2-REAL-822,asset,pending,single labeling; random stratum not yet adjudicated,
AOBv2-REAL-823,gauge_readable,pending,single labeling; random stratum not yet adjudicated,"l1_accuracy_f1,l2_commit_rate"
AOBv2-REAL-823,recommended_action,pending,single labeling; random stratum not yet adjudicated,l3_action_accuracy
AOBv2-REAL-823,category,pending,single labeling; random stratum not yet adjudicated,a12_recovery_rung
AOBv2-REAL-823,image_role,pending,single labeling; random stratum not yet adjudicated,scenario_membership
AOBv2-REAL-823,gauge_value,pending,single labeling; random stratum not yet adjudicated,l1_mae
AOBv2-REAL-823,asset,pending,single labeling; random stratum not yet adjudicated,
AOBv2-REAL-824,gauge_readable,pending,single labeling; random stratum not yet adjudicated,"l1_accuracy_f1,l2_commit_rate"
AOBv2-REAL-824,recommended_action,pending,single labeling; random stratum not yet adjudicated,l3_action_accuracy
AOBv2-REAL-824,category,pending,single labeling; random stratum not yet adjudicated,a12_recovery_rung
AOBv2-REAL-824,image_role,pending,single labeling; random stratum not yet adjudicated,scenario_membership
AOBv2-REAL-824,gauge_value,pending,single labeling; random stratum not yet adjudicated,l1_mae
AOBv2-REAL-824,asset,pending,single labeling; random stratum not yet adjudicated,
AOBv2-REAL-825,gauge_readable,pending,single labeling; random stratum not yet adjudicated,"l1_accuracy_f1,l2_commit_rate"
AOBv2-REAL-825,recommended_action,pending,single labeling; random stratum not yet adjudicated,l3_action_accuracy
AOBv2-REAL-825,category,pending,single labeling; random stratum not yet adjudicated,a12_recovery_rung
AOBv2-REAL-825,image_role,pending,single labeling; random stratum not yet adjudicated,scenario_membership
AOBv2-REAL-825,gauge_value,pending,single labeling; random stratum not yet adjudicated,l1_mae
AOBv2-REAL-825,asset,pending,single labeling; random stratum not yet adjudicated,
AOBv2-REAL-826,gauge_readable,pending,single labeling; random stratum not yet adjudicated,"l1_accuracy_f1,l2_commit_rate"
AOBv2-REAL-826,recommended_action,pending,single labeling; random stratum not yet adjudicated,l3_action_accuracy
AOBv2-REAL-826,category,pending,single labeling; random stratum not yet adjudicated,a12_recovery_rung
AOBv2-REAL-826,image_role,pending,single labeling; random stratum not yet adjudicated,scenario_membership
AOBv2-REAL-826,gauge_value,pending,single labeling; random stratum not yet adjudicated,l1_mae
AOBv2-REAL-826,asset,pending,single labeling; random stratum not yet adjudicated,
AOBv2-REAL-827,gauge_readable,pending,single labeling; random stratum not yet adjudicated,"l1_accuracy_f1,l2_commit_rate"
AOBv2-REAL-827,recommended_action,pending,single labeling; random stratum not yet adjudicated,l3_action_accuracy
AOBv2-REAL-827,category,pending,single labeling; random stratum not yet adjudicated,a12_recovery_rung
AOBv2-REAL-827,image_role,pending,single labeling; random stratum not yet adjudicated,scenario_membership
AOBv2-REAL-827,gauge_value,pending,single labeling; random stratum not yet adjudicated,l1_mae
AOBv2-REAL-827,asset,pending,single labeling; random stratum not yet adjudicated,
AOBv2-REAL-828,gauge_readable,pending,single labeling; random stratum not yet adjudicated,"l1_accuracy_f1,l2_commit_rate"
AOBv2-REAL-828,recommended_action,pending,single labeling; random stratum not yet adjudicated,l3_action_accuracy
AOBv2-REAL-828,category,pending,single labeling; random stratum not yet adjudicated,a12_recovery_rung
AOBv2-REAL-828,image_role,pending,single labeling; random stratum not yet adjudicated,scenario_membership
AOBv2-REAL-828,gauge_value,pending,single labeling; random stratum not yet adjudicated,l1_mae
AOBv2-REAL-828,asset,pending,single labeling; random stratum not yet adjudicated,
AOBv2-REAL-829,gauge_readable,pending,single labeling; random stratum not yet adjudicated,"l1_accuracy_f1,l2_commit_rate"
AOBv2-REAL-829,recommended_action,pending,single labeling; random stratum not yet adjudicated,l3_action_accuracy
AOBv2-REAL-829,category,pending,single labeling; random stratum not yet adjudicated,a12_recovery_rung
AOBv2-REAL-829,image_role,pending,single labeling; random stratum not yet adjudicated,scenario_membership
AOBv2-REAL-829,gauge_value,pending,single labeling; random stratum not yet adjudicated,l1_mae
AOBv2-REAL-829,asset,pending,single labeling; random stratum not yet adjudicated,
AOBv2-REAL-830,gauge_readable,pending,single labeling; random stratum not yet adjudicated,"l1_accuracy_f1,l2_commit_rate"
AOBv2-REAL-830,recommended_action,pending,single labeling; random stratum not yet adjudicated,l3_action_accuracy
AOBv2-REAL-830,category,pending,single labeling; random stratum not yet adjudicated,a12_recovery_rung
AOBv2-REAL-830,image_role,pending,single labeling; random stratum not yet adjudicated,scenario_membership
AOBv2-REAL-830,gauge_value,pending,single labeling; random stratum not yet adjudicated,l1_mae
AOBv2-REAL-830,asset,pending,single labeling; random stratum not yet adjudicated,
AOBv2-REAL-831,gauge_readable,pending,single labeling; random stratum not yet adjudicated,"l1_accuracy_f1,l2_commit_rate"
AOBv2-REAL-831,recommended_action,pending,single labeling; random stratum not yet adjudicated,l3_action_accuracy
AOBv2-REAL-831,category,pending,single labeling; random stratum not yet adjudicated,a12_recovery_rung
AOBv2-REAL-831,image_role,pending,single labeling; random stratum not yet adjudicated,scenario_membership
AOBv2-REAL-831,gauge_value,pending,single labeling; random stratum not yet adjudicated,l1_mae
AOBv2-REAL-831,asset,pending,single labeling; random stratum not yet adjudicated,
AOBv2-REAL-832,gauge_readable,pending,single labeling; random stratum not yet adjudicated,"l1_accuracy_f1,l2_commit_rate"
AOBv2-REAL-832,recommended_action,pending,single labeling; random stratum not yet adjudicated,l3_action_accuracy
AOBv2-REAL-832,category,pending,single labeling; random stratum not yet adjudicated,a12_recovery_rung
AOBv2-REAL-832,image_role,pending,single labeling; random stratum not yet adjudicated,scenario_membership
AOBv2-REAL-832,gauge_value,pending,single labeling; random stratum not yet adjudicated,l1_mae
AOBv2-REAL-832,asset,pending,single labeling; random stratum not yet adjudicated,
AOBv2-REAL-833,gauge_readable,pending,single labeling; random stratum not yet adjudicated,"l1_accuracy_f1,l2_commit_rate"
AOBv2-REAL-833,recommended_action,pending,single labeling; random stratum not yet adjudicated,l3_action_accuracy
AOBv2-REAL-833,category,pending,single labeling; random stratum not yet adjudicated,a12_recovery_rung
AOBv2-REAL-833,image_role,pending,single labeling; random stratum not yet adjudicated,scenario_membership
AOBv2-REAL-833,gauge_value,pending,single labeling; random stratum not yet adjudicated,l1_mae
AOBv2-REAL-833,asset,pending,single labeling; random stratum not yet adjudicated,
AOBv2-REAL-834,gauge_readable,pending,single labeling; random stratum not yet adjudicated,"l1_accuracy_f1,l2_commit_rate"
AOBv2-REAL-834,recommended_action,pending,single labeling; random stratum not yet adjudicated,l3_action_accuracy
AOBv2-REAL-834,category,pending,single labeling; random stratum not yet adjudicated,a12_recovery_rung
AOBv2-REAL-834,image_role,pending,single labeling; random stratum not yet adjudicated,scenario_membership
AOBv2-REAL-834,gauge_value,pending,single labeling; random stratum not yet adjudicated,l1_mae
AOBv2-REAL-834,asset,pending,single labeling; random stratum not yet adjudicated,
AOBv2-REAL-835,gauge_readable,pending,single labeling; random stratum not yet adjudicated,"l1_accuracy_f1,l2_commit_rate"
AOBv2-REAL-835,recommended_action,pending,single labeling; random stratum not yet adjudicated,l3_action_accuracy
AOBv2-REAL-835,category,pending,single labeling; random stratum not yet adjudicated,a12_recovery_rung
AOBv2-REAL-835,image_role,pending,single labeling; random stratum not yet adjudicated,scenario_membership
AOBv2-REAL-835,gauge_value,pending,single labeling; random stratum not yet adjudicated,l1_mae
AOBv2-REAL-835,asset,pending,single labeling; random stratum not yet adjudicated,
AOBv2-REAL-836,gauge_readable,pending,single labeling; random stratum not yet adjudicated,"l1_accuracy_f1,l2_commit_rate"
AOBv2-REAL-836,recommended_action,pending,single labeling; random stratum not yet adjudicated,l3_action_accuracy
AOBv2-REAL-836,category,pending,single labeling; random stratum not yet adjudicated,a12_recovery_rung
AOBv2-REAL-836,image_role,pending,single labeling; random stratum not yet adjudicated,scenario_membership
AOBv2-REAL-836,gauge_value,pending,single labeling; random stratum not yet adjudicated,l1_mae
AOBv2-REAL-836,asset,pending,single labeling; random stratum not yet adjudicated,
AOBv2-REAL-837,gauge_readable,pending,single labeling; random stratum not yet adjudicated,"l1_accuracy_f1,l2_commit_rate"
AOBv2-REAL-837,recommended_action,pending,single labeling; random stratum not yet adjudicated,l3_action_accuracy
AOBv2-REAL-837,category,pending,single labeling; random stratum not yet adjudicated,a12_recovery_rung
AOBv2-REAL-837,image_role,pending,single labeling; random stratum not yet adjudicated,scenario_membership
AOBv2-REAL-837,gauge_value,pending,single labeling; random stratum not yet adjudicated,l1_mae
AOBv2-REAL-837,asset,pending,single labeling; random stratum not yet adjudicated,
AOBv2-REAL-838,gauge_readable,pending,single labeling; random stratum not yet adjudicated,"l1_accuracy_f1,l2_commit_rate"
AOBv2-REAL-838,recommended_action,pending,single labeling; random stratum not yet adjudicated,l3_action_accuracy
AOBv2-REAL-838,category,pending,single labeling; random stratum not yet adjudicated,a12_recovery_rung
AOBv2-REAL-838,image_role,pending,single labeling; random stratum not yet adjudicated,scenario_membership
AOBv2-REAL-838,gauge_value,pending,single labeling; random stratum not yet adjudicated,l1_mae
AOBv2-REAL-838,asset,pending,single labeling; random stratum not yet adjudicated,
AOBv2-REAL-839,gauge_readable,pending,single labeling; random stratum not yet adjudicated,"l1_accuracy_f1,l2_commit_rate"
AOBv2-REAL-839,recommended_action,pending,single labeling; random stratum not yet adjudicated,l3_action_accuracy
AOBv2-REAL-839,category,pending,single labeling; random stratum not yet adjudicated,a12_recovery_rung
AOBv2-REAL-839,image_role,pending,single labeling; random stratum not yet adjudicated,scenario_membership
AOBv2-REAL-839,gauge_value,pending,single labeling; random stratum not yet adjudicated,l1_mae
AOBv2-REAL-839,asset,pending,single labeling; random stratum not yet adjudicated,
AOBv2-REAL-840,gauge_readable,pending,single labeling; random stratum not yet adjudicated,"l1_accuracy_f1,l2_commit_rate"
AOBv2-REAL-840,recommended_action,pending,single labeling; random stratum not yet adjudicated,l3_action_accuracy
AOBv2-REAL-840,category,pending,single labeling; random stratum not yet adjudicated,a12_recovery_rung
AOBv2-REAL-840,image_role,pending,single labeling; random stratum not yet adjudicated,scenario_membership
AOBv2-REAL-840,gauge_value,pending,single labeling; random stratum not yet adjudicated,l1_mae
AOBv2-REAL-840,asset,pending,single labeling; random stratum not yet adjudicated,
AOBv2-REAL-841,gauge_readable,pending,single labeling; random stratum not yet adjudicated,"l1_accuracy_f1,l2_commit_rate"
AOBv2-REAL-841,recommended_action,pending,single labeling; random stratum not yet adjudicated,l3_action_accuracy
AOBv2-REAL-841,category,pending,single labeling; random stratum not yet adjudicated,a12_recovery_rung
AOBv2-REAL-841,image_role,pending,single labeling; random stratum not yet adjudicated,scenario_membership
AOBv2-REAL-841,gauge_value,pending,single labeling; random stratum not yet adjudicated,l1_mae
AOBv2-REAL-841,asset,pending,single labeling; random stratum not yet adjudicated,
AOBv2-REAL-842,gauge_readable,pending,single labeling; random stratum not yet adjudicated,"l1_accuracy_f1,l2_commit_rate"
AOBv2-REAL-842,recommended_action,pending,single labeling; random stratum not yet adjudicated,l3_action_accuracy
AOBv2-REAL-842,category,pending,single labeling; random stratum not yet adjudicated,a12_recovery_rung
AOBv2-REAL-842,image_role,pending,single labeling; random stratum not yet adjudicated,scenario_membership
AOBv2-REAL-842,gauge_value,pending,single labeling; random stratum not yet adjudicated,l1_mae
AOBv2-REAL-842,asset,pending,single labeling; random stratum not yet adjudicated,
AOBv2-REAL-843,gauge_readable,pending,single labeling; random stratum not yet adjudicated,"l1_accuracy_f1,l2_commit_rate"
AOBv2-REAL-843,recommended_action,pending,single labeling; random stratum not yet adjudicated,l3_action_accuracy
AOBv2-REAL-843,category,pending,single labeling; random stratum not yet adjudicated,a12_recovery_rung
AOBv2-REAL-843,image_role,pending,single labeling; random stratum not yet adjudicated,scenario_membership
AOBv2-REAL-843,gauge_value,pending,single labeling; random stratum not yet adjudicated,l1_mae
AOBv2-REAL-843,asset,pending,single labeling; random stratum not yet adjudicated,
AOBv2-REAL-844,gauge_readable,pending,single labeling; random stratum not yet adjudicated,"l1_accuracy_f1,l2_commit_rate"
AOBv2-REAL-844,recommended_action,pending,single labeling; random stratum not yet adjudicated,l3_action_accuracy
AOBv2-REAL-844,category,pending,single labeling; random stratum not yet adjudicated,a12_recovery_rung
AOBv2-REAL-844,image_role,pending,single labeling; random stratum not yet adjudicated,scenario_membership
AOBv2-REAL-844,gauge_value,pending,single labeling; random stratum not yet adjudicated,l1_mae
AOBv2-REAL-844,asset,pending,single labeling; random stratum not yet adjudicated,
AOBv2-REAL-845,gauge_readable,pending,single labeling; random stratum not yet adjudicated,"l1_accuracy_f1,l2_commit_rate"
AOBv2-REAL-845,recommended_action,pending,single labeling; random stratum not yet adjudicated,l3_action_accuracy
AOBv2-REAL-845,category,pending,single labeling; random stratum not yet adjudicated,a12_recovery_rung
AOBv2-REAL-845,image_role,pending,single labeling; random stratum not yet adjudicated,scenario_membership
AOBv2-REAL-845,gauge_value,pending,single labeling; random stratum not yet adjudicated,l1_mae
AOBv2-REAL-845,asset,pending,single labeling; random stratum not yet adjudicated,
AOBv2-REAL-846,gauge_readable,pending,single labeling; random stratum not yet adjudicated,"l1_accuracy_f1,l2_commit_rate"
AOBv2-REAL-846,recommended_action,pending,single labeling; random stratum not yet adjudicated,l3_action_accuracy
AOBv2-REAL-846,category,pending,single labeling; random stratum not yet adjudicated,a12_recovery_rung
AOBv2-REAL-846,image_role,pending,single labeling; random stratum not yet adjudicated,scenario_membership
AOBv2-REAL-846,gauge_value,pending,single labeling; random stratum not yet adjudicated,l1_mae
AOBv2-REAL-846,asset,pending,single labeling; random stratum not yet adjudicated,
AOBv2-REAL-847,gauge_readable,pending,single labeling; random stratum not yet adjudicated,"l1_accuracy_f1,l2_commit_rate"
AOBv2-REAL-847,recommended_action,pending,single labeling; random stratum not yet adjudicated,l3_action_accuracy
AOBv2-REAL-847,category,pending,single labeling; random stratum not yet adjudicated,a12_recovery_rung
AOBv2-REAL-847,image_role,pending,single labeling; random stratum not yet adjudicated,scenario_membership
AOBv2-REAL-847,gauge_value,pending,single labeling; random stratum not yet adjudicated,l1_mae
AOBv2-REAL-847,asset,pending,single labeling; random stratum not yet adjudicated,
AOBv2-REAL-848,gauge_readable,pending,single labeling; random stratum not yet adjudicated,"l1_accuracy_f1,l2_commit_rate"
AOBv2-REAL-848,recommended_action,pending,single labeling; random stratum not yet adjudicated,l3_action_accuracy
AOBv2-REAL-848,category,pending,single labeling; random stratum not yet adjudicated,a12_recovery_rung
AOBv2-REAL-848,image_role,pending,single labeling; random stratum not yet adjudicated,scenario_membership
AOBv2-REAL-848,gauge_value,pending,single labeling; random stratum not yet adjudicated,l1_mae
AOBv2-REAL-848,asset,pending,single labeling; random stratum not yet adjudicated,
AOBv2-REAL-849,gauge_readable,pending,single labeling; random stratum not yet adjudicated,"l1_accuracy_f1,l2_commit_rate"
AOBv2-REAL-849,recommended_action,pending,single labeling; random stratum not yet adjudicated,l3_action_accuracy
AOBv2-REAL-849,category,pending,single labeling; random stratum not yet adjudicated,a12_recovery_rung
AOBv2-REAL-849,image_role,pending,single labeling; random stratum not yet adjudicated,scenario_membership
AOBv2-REAL-849,gauge_value,pending,single labeling; random stratum not yet adjudicated,l1_mae
AOBv2-REAL-849,asset,pending,single labeling; random stratum not yet adjudicated,
AOBv2-REAL-850,gauge_readable,pending,single labeling; random stratum not yet adjudicated,"l1_accuracy_f1,l2_commit_rate"
AOBv2-REAL-850,recommended_action,pending,single labeling; random stratum not yet adjudicated,l3_action_accuracy
AOBv2-REAL-850,category,pending,single labeling; random stratum not yet adjudicated,a12_recovery_rung
AOBv2-REAL-850,image_role,pending,single labeling; random stratum not yet adjudicated,scenario_membership
AOBv2-REAL-850,gauge_value,pending,single labeling; random stratum not yet adjudicated,l1_mae
AOBv2-REAL-850,asset,pending,single labeling; random stratum not yet adjudicated,
AOBv2-REAL-851,gauge_readable,pending,single labeling; random stratum not yet adjudicated,"l1_accuracy_f1,l2_commit_rate"
AOBv2-REAL-851,recommended_action,pending,single labeling; random stratum not yet adjudicated,l3_action_accuracy
AOBv2-REAL-851,category,pending,single labeling; random stratum not yet adjudicated,a12_recovery_rung
AOBv2-REAL-851,image_role,pending,single labeling; random stratum not yet adjudicated,scenario_membership
AOBv2-REAL-851,gauge_value,pending,single labeling; random stratum not yet adjudicated,l1_mae
AOBv2-REAL-851,asset,pending,single labeling; random stratum not yet adjudicated,
AOBv2-REAL-852,gauge_readable,pending,single labeling; random stratum not yet adjudicated,"l1_accuracy_f1,l2_commit_rate"
AOBv2-REAL-852,recommended_action,pending,single labeling; random stratum not yet adjudicated,l3_action_accuracy
AOBv2-REAL-852,category,pending,single labeling; random stratum not yet adjudicated,a12_recovery_rung
AOBv2-REAL-852,image_role,pending,single labeling; random stratum not yet adjudicated,scenario_membership
AOBv2-REAL-852,gauge_value,pending,single labeling; random stratum not yet adjudicated,l1_mae
AOBv2-REAL-852,asset,pending,single labeling; random stratum not yet adjudicated,
AOBv2-REAL-853,gauge_readable,pending,single labeling; random stratum not yet adjudicated,"l1_accuracy_f1,l2_commit_rate"
AOBv2-REAL-853,recommended_action,pending,single labeling; random stratum not yet adjudicated,l3_action_accuracy
AOBv2-REAL-853,category,pending,single labeling; random stratum not yet adjudicated,a12_recovery_rung
AOBv2-REAL-853,image_role,pending,single labeling; random stratum not yet adjudicated,scenario_membership
AOBv2-REAL-853,gauge_value,pending,single labeling; random stratum not yet adjudicated,l1_mae
AOBv2-REAL-853,asset,pending,single labeling; random stratum not yet adjudicated,
AOBv2-REAL-854,gauge_readable,pending,single labeling; random stratum not yet adjudicated,"l1_accuracy_f1,l2_commit_rate"
AOBv2-REAL-854,recommended_action,pending,single labeling; random stratum not yet adjudicated,l3_action_accuracy
AOBv2-REAL-854,category,pending,single labeling; random stratum not yet adjudicated,a12_recovery_rung
AOBv2-REAL-854,image_role,pending,single labeling; random stratum not yet adjudicated,scenario_membership
AOBv2-REAL-854,gauge_value,pending,single labeling; random stratum not yet adjudicated,l1_mae
AOBv2-REAL-854,asset,pending,single labeling; random stratum not yet adjudicated,
AOBv2-REAL-855,gauge_readable,pending,single labeling; random stratum not yet adjudicated,"l1_accuracy_f1,l2_commit_rate"
AOBv2-REAL-855,recommended_action,pending,single labeling; random stratum not yet adjudicated,l3_action_accuracy
AOBv2-REAL-855,category,pending,single labeling; random stratum not yet adjudicated,a12_recovery_rung
AOBv2-REAL-855,image_role,pending,single labeling; random stratum not yet adjudicated,scenario_membership
AOBv2-REAL-855,gauge_value,pending,single labeling; random stratum not yet adjudicated,l1_mae
AOBv2-REAL-855,asset,pending,single labeling; random stratum not yet adjudicated,
AOBv2-REAL-856,gauge_readable,pending,single labeling; random stratum not yet adjudicated,"l1_accuracy_f1,l2_commit_rate"
AOBv2-REAL-856,recommended_action,pending,single labeling; random stratum not yet adjudicated,l3_action_accuracy
AOBv2-REAL-856,category,pending,single labeling; random stratum not yet adjudicated,a12_recovery_rung
AOBv2-REAL-856,image_role,pending,single labeling; random stratum not yet adjudicated,scenario_membership
AOBv2-REAL-856,gauge_value,pending,single labeling; random stratum not yet adjudicated,l1_mae
AOBv2-REAL-856,asset,pending,single labeling; random stratum not yet adjudicated,
AOBv2-REAL-857,gauge_readable,pending,single labeling; random stratum not yet adjudicated,"l1_accuracy_f1,l2_commit_rate"
AOBv2-REAL-857,recommended_action,pending,single labeling; random stratum not yet adjudicated,l3_action_accuracy
AOBv2-REAL-857,category,pending,single labeling; random stratum not yet adjudicated,a12_recovery_rung
AOBv2-REAL-857,image_role,pending,single labeling; random stratum not yet adjudicated,scenario_membership
AOBv2-REAL-857,gauge_value,pending,single labeling; random stratum not yet adjudicated,l1_mae
AOBv2-REAL-857,asset,pending,single labeling; random stratum not yet adjudicated,
AOBv2-REAL-858,gauge_readable,pending,single labeling; random stratum not yet adjudicated,"l1_accuracy_f1,l2_commit_rate"
AOBv2-REAL-858,recommended_action,pending,single labeling; random stratum not yet adjudicated,l3_action_accuracy
AOBv2-REAL-858,category,pending,single labeling; random stratum not yet adjudicated,a12_recovery_rung
AOBv2-REAL-858,image_role,pending,single labeling; random stratum not yet adjudicated,scenario_membership
AOBv2-REAL-858,gauge_value,pending,single labeling; random stratum not yet adjudicated,l1_mae
AOBv2-REAL-858,asset,pending,single labeling; random stratum not yet adjudicated,
AOBv2-REAL-859,gauge_readable,pending,single labeling; random stratum not yet adjudicated,"l1_accuracy_f1,l2_commit_rate"
AOBv2-REAL-859,recommended_action,pending,single labeling; random stratum not yet adjudicated,l3_action_accuracy
AOBv2-REAL-859,category,pending,single labeling; random stratum not yet adjudicated,a12_recovery_rung
AOBv2-REAL-859,image_role,pending,single labeling; random stratum not yet adjudicated,scenario_membership
AOBv2-REAL-859,gauge_value,pending,single labeling; random stratum not yet adjudicated,l1_mae
AOBv2-REAL-859,asset,pending,single labeling; random stratum not yet adjudicated,
AOBv2-REAL-860,gauge_readable,pending,single labeling; random stratum not yet adjudicated,"l1_accuracy_f1,l2_commit_rate"
AOBv2-REAL-860,recommended_action,pending,single labeling; random stratum not yet adjudicated,l3_action_accuracy
AOBv2-REAL-860,category,pending,single labeling; random stratum not yet adjudicated,a12_recovery_rung
AOBv2-REAL-860,image_role,pending,single labeling; random stratum not yet adjudicated,scenario_membership
AOBv2-REAL-860,gauge_value,pending,single labeling; random stratum not yet adjudicated,l1_mae
AOBv2-REAL-860,asset,pending,single labeling; random stratum not yet adjudicated,
AOBv2-REAL-861,gauge_readable,pending,single labeling; random stratum not yet adjudicated,"l1_accuracy_f1,l2_commit_rate"
AOBv2-REAL-861,recommended_action,pending,single labeling; random stratum not yet adjudicated,l3_action_accuracy
AOBv2-REAL-861,category,pending,single labeling; random stratum not yet adjudicated,a12_recovery_rung
AOBv2-REAL-861,image_role,pending,single labeling; random stratum not yet adjudicated,scenario_membership
AOBv2-REAL-861,gauge_value,pending,single labeling; random stratum not yet adjudicated,l1_mae
AOBv2-REAL-861,asset,pending,single labeling; random stratum not yet adjudicated,
AOBv2-REAL-862,gauge_readable,pending,single labeling; random stratum not yet adjudicated,"l1_accuracy_f1,l2_commit_rate"
AOBv2-REAL-862,recommended_action,pending,single labeling; random stratum not yet adjudicated,l3_action_accuracy
AOBv2-REAL-862,category,pending,single labeling; random stratum not yet adjudicated,a12_recovery_rung
AOBv2-REAL-862,image_role,pending,single labeling; random stratum not yet adjudicated,scenario_membership
AOBv2-REAL-862,gauge_value,pending,single labeling; random stratum not yet adjudicated,l1_mae
AOBv2-REAL-862,asset,pending,single labeling; random stratum not yet adjudicated,
AOBv2-REAL-863,gauge_readable,pending,single labeling; random stratum not yet adjudicated,"l1_accuracy_f1,l2_commit_rate"
AOBv2-REAL-863,recommended_action,pending,single labeling; random stratum not yet adjudicated,l3_action_accuracy
AOBv2-REAL-863,category,pending,single labeling; random stratum not yet adjudicated,a12_recovery_rung
AOBv2-REAL-863,image_role,pending,single labeling; random stratum not yet adjudicated,scenario_membership
AOBv2-REAL-863,gauge_value,pending,single labeling; random stratum not yet adjudicated,l1_mae
AOBv2-REAL-863,asset,pending,single labeling; random stratum not yet adjudicated,
AOBv2-REAL-864,gauge_readable,pending,single labeling; random stratum not yet adjudicated,"l1_accuracy_f1,l2_commit_rate"
AOBv2-REAL-864,recommended_action,pending,single labeling; random stratum not yet adjudicated,l3_action_accuracy
AOBv2-REAL-864,category,pending,single labeling; random stratum not yet adjudicated,a12_recovery_rung
AOBv2-REAL-864,image_role,pending,single labeling; random stratum not yet adjudicated,scenario_membership
AOBv2-REAL-864,gauge_value,pending,single labeling; random stratum not yet adjudicated,l1_mae
AOBv2-REAL-864,asset,pending,single labeling; random stratum not yet adjudicated,
AOBv2-REAL-865,gauge_readable,pending,single labeling; random stratum not yet adjudicated,"l1_accuracy_f1,l2_commit_rate"
AOBv2-REAL-865,recommended_action,pending,single labeling; random stratum not yet adjudicated,l3_action_accuracy
AOBv2-REAL-865,category,pending,single labeling; random stratum not yet adjudicated,a12_recovery_rung
AOBv2-REAL-865,image_role,pending,single labeling; random stratum not yet adjudicated,scenario_membership
AOBv2-REAL-865,gauge_value,pending,single labeling; random stratum not yet adjudicated,l1_mae
AOBv2-REAL-865,asset,pending,single labeling; random stratum not yet adjudicated,
AOBv2-REAL-866,gauge_readable,pending,single labeling; random stratum not yet adjudicated,"l1_accuracy_f1,l2_commit_rate"
AOBv2-REAL-866,recommended_action,pending,single labeling; random stratum not yet adjudicated,l3_action_accuracy
AOBv2-REAL-866,category,pending,single labeling; random stratum not yet adjudicated,a12_recovery_rung
AOBv2-REAL-866,image_role,pending,single labeling; random stratum not yet adjudicated,scenario_membership
AOBv2-REAL-866,gauge_value,pending,single labeling; random stratum not yet adjudicated,l1_mae
AOBv2-REAL-866,asset,pending,single labeling; random stratum not yet adjudicated,
AOBv2-REAL-867,gauge_readable,pending,single labeling; random stratum not yet adjudicated,"l1_accuracy_f1,l2_commit_rate"
AOBv2-REAL-867,recommended_action,pending,single labeling; random stratum not yet adjudicated,l3_action_accuracy
AOBv2-REAL-867,category,pending,single labeling; random stratum not yet adjudicated,a12_recovery_rung
AOBv2-REAL-867,image_role,pending,single labeling; random stratum not yet adjudicated,scenario_membership
AOBv2-REAL-867,gauge_value,pending,single labeling; random stratum not yet adjudicated,l1_mae
AOBv2-REAL-867,asset,pending,single labeling; random stratum not yet adjudicated,
AOBv2-REAL-868,gauge_readable,pending,single labeling; random stratum not yet adjudicated,"l1_accuracy_f1,l2_commit_rate"
AOBv2-REAL-868,recommended_action,pending,single labeling; random stratum not yet adjudicated,l3_action_accuracy
AOBv2-REAL-868,category,pending,single labeling; random stratum not yet adjudicated,a12_recovery_rung
AOBv2-REAL-868,image_role,pending,single labeling; random stratum not yet adjudicated,scenario_membership
AOBv2-REAL-868,gauge_value,pending,single labeling; random stratum not yet adjudicated,l1_mae
AOBv2-REAL-868,asset,pending,single labeling; random stratum not yet adjudicated,
AOBv2-REAL-869,gauge_readable,pending,single labeling; random stratum not yet adjudicated,"l1_accuracy_f1,l2_commit_rate"
AOBv2-REAL-869,recommended_action,pending,single labeling; random stratum not yet adjudicated,l3_action_accuracy
AOBv2-REAL-869,category,pending,single labeling; random stratum not yet adjudicated,a12_recovery_rung
AOBv2-REAL-869,image_role,pending,single labeling; random stratum not yet adjudicated,scenario_membership
AOBv2-REAL-869,gauge_value,pending,single labeling; random stratum not yet adjudicated,l1_mae
AOBv2-REAL-869,asset,pending,single labeling; random stratum not yet adjudicated,
AOBv2-REAL-870,gauge_readable,pending,single labeling; random stratum not yet adjudicated,"l1_accuracy_f1,l2_commit_rate"
AOBv2-REAL-870,recommended_action,pending,single labeling; random stratum not yet adjudicated,l3_action_accuracy
AOBv2-REAL-870,category,pending,single labeling; random stratum not yet adjudicated,a12_recovery_rung
AOBv2-REAL-870,image_role,pending,single labeling; random stratum not yet adjudicated,scenario_membership
AOBv2-REAL-870,gauge_value,pending,single labeling; random stratum not yet adjudicated,l1_mae
AOBv2-REAL-870,asset,pending,single labeling; random stratum not yet adjudicated,
AOBv2-REAL-871,gauge_readable,pending,single labeling; random stratum not yet adjudicated,"l1_accuracy_f1,l2_commit_rate"
AOBv2-REAL-871,recommended_action,pending,single labeling; random stratum not yet adjudicated,l3_action_accuracy
AOBv2-REAL-871,category,pending,single labeling; random stratum not yet adjudicated,a12_recovery_rung
AOBv2-REAL-871,image_role,pending,single labeling; random stratum not yet adjudicated,scenario_membership
AOBv2-REAL-871,gauge_value,pending,single labeling; random stratum not yet adjudicated,l1_mae
AOBv2-REAL-871,asset,pending,single labeling; random stratum not yet adjudicated,
AOBv2-REAL-872,gauge_readable,pending,single labeling; random stratum not yet adjudicated,"l1_accuracy_f1,l2_commit_rate"
AOBv2-REAL-872,recommended_action,pending,single labeling; random stratum not yet adjudicated,l3_action_accuracy
AOBv2-REAL-872,category,pending,single labeling; random stratum not yet adjudicated,a12_recovery_rung
AOBv2-REAL-872,image_role,pending,single labeling; random stratum not yet adjudicated,scenario_membership
AOBv2-REAL-872,gauge_value,pending,single labeling; random stratum not yet adjudicated,l1_mae
AOBv2-REAL-872,asset,pending,single labeling; random stratum not yet adjudicated,
AOBv2-REAL-873,gauge_readable,pending,single labeling; random stratum not yet adjudicated,"l1_accuracy_f1,l2_commit_rate"
AOBv2-REAL-873,recommended_action,pending,single labeling; random stratum not yet adjudicated,l3_action_accuracy
AOBv2-REAL-873,category,pending,single labeling; random stratum not yet adjudicated,a12_recovery_rung
AOBv2-REAL-873,image_role,pending,single labeling; random stratum not yet adjudicated,scenario_membership
AOBv2-REAL-873,gauge_value,pending,single labeling; random stratum not yet adjudicated,l1_mae
AOBv2-REAL-873,asset,pending,single labeling; random stratum not yet adjudicated,
AOBv2-REAL-874,gauge_readable,pending,single labeling; random stratum not yet adjudicated,"l1_accuracy_f1,l2_commit_rate"
AOBv2-REAL-874,recommended_action,pending,single labeling; random stratum not yet adjudicated,l3_action_accuracy
AOBv2-REAL-874,category,pending,single labeling; random stratum not yet adjudicated,a12_recovery_rung
AOBv2-REAL-874,image_role,pending,single labeling; random stratum not yet adjudicated,scenario_membership
AOBv2-REAL-874,gauge_value,pending,single labeling; random stratum not yet adjudicated,l1_mae
AOBv2-REAL-874,asset,pending,single labeling; random stratum not yet adjudicated,
AOBv2-REAL-875,gauge_readable,pending,single labeling; random stratum not yet adjudicated,"l1_accuracy_f1,l2_commit_rate"
AOBv2-REAL-875,recommended_action,pending,single labeling; random stratum not yet adjudicated,l3_action_accuracy
AOBv2-REAL-875,category,pending,single labeling; random stratum not yet adjudicated,a12_recovery_rung
AOBv2-REAL-875,image_role,pending,single labeling; random stratum not yet adjudicated,scenario_membership
AOBv2-REAL-875,gauge_value,pending,single labeling; random stratum not yet adjudicated,l1_mae
AOBv2-REAL-875,asset,pending,single labeling; random stratum not yet adjudicated,
AOBv2-REAL-876,gauge_readable,pending,single labeling; random stratum not yet adjudicated,"l1_accuracy_f1,l2_commit_rate"
AOBv2-REAL-876,recommended_action,pending,single labeling; random stratum not yet adjudicated,l3_action_accuracy
AOBv2-REAL-876,category,pending,single labeling; random stratum not yet adjudicated,a12_recovery_rung
AOBv2-REAL-876,image_role,pending,single labeling; random stratum not yet adjudicated,scenario_membership
AOBv2-REAL-876,gauge_value,pending,single labeling; random stratum not yet adjudicated,l1_mae
AOBv2-REAL-876,asset,pending,single labeling; random stratum not yet adjudicated,
AOBv2-REAL-877,gauge_readable,pending,single labeling; random stratum not yet adjudicated,"l1_accuracy_f1,l2_commit_rate"
AOBv2-REAL-877,recommended_action,pending,single labeling; random stratum not yet adjudicated,l3_action_accuracy
AOBv2-REAL-877,category,pending,single labeling; random stratum not yet adjudicated,a12_recovery_rung
AOBv2-REAL-877,image_role,pending,single labeling; random stratum not yet adjudicated,scenario_membership
AOBv2-REAL-877,gauge_value,pending,single labeling; random stratum not yet adjudicated,l1_mae
AOBv2-REAL-877,asset,pending,single labeling; random stratum not yet adjudicated,
AOBv2-REAL-878,gauge_readable,pending,single labeling; random stratum not yet adjudicated,"l1_accuracy_f1,l2_commit_rate"
AOBv2-REAL-878,recommended_action,pending,single labeling; random stratum not yet adjudicated,l3_action_accuracy
AOBv2-REAL-878,category,pending,single labeling; random stratum not yet adjudicated,a12_recovery_rung
AOBv2-REAL-878,image_role,pending,single labeling; random stratum not yet adjudicated,scenario_membership
AOBv2-REAL-878,gauge_value,pending,single labeling; random stratum not yet adjudicated,l1_mae
AOBv2-REAL-878,asset,pending,single labeling; random stratum not yet adjudicated,
AOBv2-REAL-879,gauge_readable,pending,single labeling; random stratum not yet adjudicated,"l1_accuracy_f1,l2_commit_rate"
AOBv2-REAL-879,recommended_action,pending,single labeling; random stratum not yet adjudicated,l3_action_accuracy
AOBv2-REAL-879,category,pending,single labeling; random stratum not yet adjudicated,a12_recovery_rung
AOBv2-REAL-879,image_role,pending,single labeling; random stratum not yet adjudicated,scenario_membership
AOBv2-REAL-879,gauge_value,pending,single labeling; random stratum not yet adjudicated,l1_mae
AOBv2-REAL-879,asset,pending,single labeling; random stratum not yet adjudicated,
AOBv2-REAL-880,gauge_readable,pending,single labeling; random stratum not yet adjudicated,"l1_accuracy_f1,l2_commit_rate"
AOBv2-REAL-880,recommended_action,pending,single labeling; random stratum not yet adjudicated,l3_action_accuracy
AOBv2-REAL-880,category,pending,single labeling; random stratum not yet adjudicated,a12_recovery_rung
AOBv2-REAL-880,image_role,pending,single labeling; random stratum not yet adjudicated,scenario_membership
AOBv2-REAL-880,gauge_value,pending,single labeling; random stratum not yet adjudicated,l1_mae
AOBv2-REAL-880,asset,pending,single labeling; random stratum not yet adjudicated,
AOBv2-REAL-881,gauge_readable,pending,single labeling; random stratum not yet adjudicated,"l1_accuracy_f1,l2_commit_rate"
AOBv2-REAL-881,recommended_action,pending,single labeling; random stratum not yet adjudicated,l3_action_accuracy
AOBv2-REAL-881,category,pending,single labeling; random stratum not yet adjudicated,a12_recovery_rung
AOBv2-REAL-881,image_role,pending,single labeling; random stratum not yet adjudicated,scenario_membership
AOBv2-REAL-881,gauge_value,pending,single labeling; random stratum not yet adjudicated,l1_mae
AOBv2-REAL-881,asset,pending,single labeling; random stratum not yet adjudicated,
AOBv2-REAL-882,gauge_readable,pending,single labeling; random stratum not yet adjudicated,"l1_accuracy_f1,l2_commit_rate"
AOBv2-REAL-882,recommended_action,pending,single labeling; random stratum not yet adjudicated,l3_action_accuracy
AOBv2-REAL-882,category,pending,single labeling; random stratum not yet adjudicated,a12_recovery_rung
AOBv2-REAL-882,image_role,pending,single labeling; random stratum not yet adjudicated,scenario_membership
AOBv2-REAL-882,gauge_value,pending,single labeling; random stratum not yet adjudicated,l1_mae
AOBv2-REAL-882,asset,pending,single labeling; random stratum not yet adjudicated,
AOBv2-REAL-883,gauge_readable,pending,single labeling; random stratum not yet adjudicated,"l1_accuracy_f1,l2_commit_rate"
AOBv2-REAL-883,recommended_action,pending,single labeling; random stratum not yet adjudicated,l3_action_accuracy
AOBv2-REAL-883,category,pending,single labeling; random stratum not yet adjudicated,a12_recovery_rung
AOBv2-REAL-883,image_role,pending,single labeling; random stratum not yet adjudicated,scenario_membership
AOBv2-REAL-883,gauge_value,pending,single labeling; random stratum not yet adjudicated,l1_mae
AOBv2-REAL-883,asset,pending,single labeling; random stratum not yet adjudicated,
AOBv2-REAL-884,gauge_readable,pending,single labeling; random stratum not yet adjudicated,"l1_accuracy_f1,l2_commit_rate"
AOBv2-REAL-884,recommended_action,pending,single labeling; random stratum not yet adjudicated,l3_action_accuracy
AOBv2-REAL-884,category,pending,single labeling; random stratum not yet adjudicated,a12_recovery_rung
AOBv2-REAL-884,image_role,pending,single labeling; random stratum not yet adjudicated,scenario_membership
AOBv2-REAL-884,gauge_value,pending,single labeling; random stratum not yet adjudicated,l1_mae
AOBv2-REAL-884,asset,pending,single labeling; random stratum not yet adjudicated,
AOBv2-REAL-885,gauge_readable,pending,single labeling; random stratum not yet adjudicated,"l1_accuracy_f1,l2_commit_rate"
AOBv2-REAL-885,recommended_action,pending,single labeling; random stratum not yet adjudicated,l3_action_accuracy
AOBv2-REAL-885,category,pending,single labeling; random stratum not yet adjudicated,a12_recovery_rung
AOBv2-REAL-885,image_role,pending,single labeling; random stratum not yet adjudicated,scenario_membership
AOBv2-REAL-885,gauge_value,pending,single labeling; random stratum not yet adjudicated,l1_mae
AOBv2-REAL-885,asset,pending,single labeling; random stratum not yet adjudicated,
AOBv2-REAL-886,gauge_readable,pending,single labeling; random stratum not yet adjudicated,"l1_accuracy_f1,l2_commit_rate"
AOBv2-REAL-886,recommended_action,pending,single labeling; random stratum not yet adjudicated,l3_action_accuracy
AOBv2-REAL-886,category,pending,single labeling; random stratum not yet adjudicated,a12_recovery_rung
AOBv2-REAL-886,image_role,pending,single labeling; random stratum not yet adjudicated,scenario_membership
AOBv2-REAL-886,gauge_value,pending,single labeling; random stratum not yet adjudicated,l1_mae
AOBv2-REAL-886,asset,pending,single labeling; random stratum not yet adjudicated,
AOBv2-REAL-887,gauge_readable,pending,single labeling; random stratum not yet adjudicated,"l1_accuracy_f1,l2_commit_rate"
AOBv2-REAL-887,recommended_action,pending,single labeling; random stratum not yet adjudicated,l3_action_accuracy
AOBv2-REAL-887,category,pending,single labeling; random stratum not yet adjudicated,a12_recovery_rung
AOBv2-REAL-887,image_role,pending,single labeling; random stratum not yet adjudicated,scenario_membership
AOBv2-REAL-887,gauge_value,pending,single labeling; random stratum not yet adjudicated,l1_mae
AOBv2-REAL-887,asset,pending,single labeling; random stratum not yet adjudicated,
AOBv2-REAL-888,gauge_readable,pending,single labeling; random stratum not yet adjudicated,"l1_accuracy_f1,l2_commit_rate"
AOBv2-REAL-888,recommended_action,pending,single labeling; random stratum not yet adjudicated,l3_action_accuracy
AOBv2-REAL-888,category,pending,single labeling; random stratum not yet adjudicated,a12_recovery_rung
AOBv2-REAL-888,image_role,pending,single labeling; random stratum not yet adjudicated,scenario_membership
AOBv2-REAL-888,gauge_value,pending,single labeling; random stratum not yet adjudicated,l1_mae
AOBv2-REAL-888,asset,pending,single labeling; random stratum not yet adjudicated,
AOBv2-REAL-889,gauge_readable,pending,single labeling; random stratum not yet adjudicated,"l1_accuracy_f1,l2_commit_rate"
AOBv2-REAL-889,recommended_action,pending,single labeling; random stratum not yet adjudicated,l3_action_accuracy
AOBv2-REAL-889,category,pending,single labeling; random stratum not yet adjudicated,a12_recovery_rung
AOBv2-REAL-889,image_role,pending,single labeling; random stratum not yet adjudicated,scenario_membership
AOBv2-REAL-889,gauge_value,pending,single labeling; random stratum not yet adjudicated,l1_mae
AOBv2-REAL-889,asset,pending,single labeling; random stratum not yet adjudicated,
AOBv2-REAL-890,gauge_readable,pending,single labeling; random stratum not yet adjudicated,"l1_accuracy_f1,l2_commit_rate"
AOBv2-REAL-890,recommended_action,pending,single labeling; random stratum not yet adjudicated,l3_action_accuracy
AOBv2-REAL-890,category,pending,single labeling; random stratum not yet adjudicated,a12_recovery_rung
AOBv2-REAL-890,image_role,pending,single labeling; random stratum not yet adjudicated,scenario_membership
AOBv2-REAL-890,gauge_value,pending,single labeling; random stratum not yet adjudicated,l1_mae
AOBv2-REAL-890,asset,pending,single labeling; random stratum not yet adjudicated,
AOBv2-REAL-891,gauge_readable,pending,single labeling; random stratum not yet adjudicated,"l1_accuracy_f1,l2_commit_rate"
AOBv2-REAL-891,recommended_action,pending,single labeling; random stratum not yet adjudicated,l3_action_accuracy
AOBv2-REAL-891,category,pending,single labeling; random stratum not yet adjudicated,a12_recovery_rung
AOBv2-REAL-891,image_role,pending,single labeling; random stratum not yet adjudicated,scenario_membership
AOBv2-REAL-891,gauge_value,pending,single labeling; random stratum not yet adjudicated,l1_mae
AOBv2-REAL-891,asset,pending,single labeling; random stratum not yet adjudicated,
AOBv2-REAL-892,gauge_readable,pending,single labeling; random stratum not yet adjudicated,"l1_accuracy_f1,l2_commit_rate"
AOBv2-REAL-892,recommended_action,pending,single labeling; random stratum not yet adjudicated,l3_action_accuracy
AOBv2-REAL-892,category,pending,single labeling; random stratum not yet adjudicated,a12_recovery_rung
AOBv2-REAL-892,image_role,pending,single labeling; random stratum not yet adjudicated,scenario_membership
AOBv2-REAL-892,gauge_value,pending,single labeling; random stratum not yet adjudicated,l1_mae
AOBv2-REAL-892,asset,pending,single labeling; random stratum not yet adjudicated,
AOBv2-REAL-893,gauge_readable,pending,single labeling; random stratum not yet adjudicated,"l1_accuracy_f1,l2_commit_rate"
AOBv2-REAL-893,recommended_action,pending,single labeling; random stratum not yet adjudicated,l3_action_accuracy
AOBv2-REAL-893,category,pending,single labeling; random stratum not yet adjudicated,a12_recovery_rung
AOBv2-REAL-893,image_role,pending,single labeling; random stratum not yet adjudicated,scenario_membership
AOBv2-REAL-893,gauge_value,pending,single labeling; random stratum not yet adjudicated,l1_mae
AOBv2-REAL-893,asset,pending,single labeling; random stratum not yet adjudicated,
AOBv2-REAL-894,gauge_readable,pending,single labeling; random stratum not yet adjudicated,"l1_accuracy_f1,l2_commit_rate"
AOBv2-REAL-894,recommended_action,pending,single labeling; random stratum not yet adjudicated,l3_action_accuracy
AOBv2-REAL-894,category,pending,single labeling; random stratum not yet adjudicated,a12_recovery_rung
AOBv2-REAL-894,image_role,pending,single labeling; random stratum not yet adjudicated,scenario_membership
AOBv2-REAL-894,gauge_value,pending,single labeling; random stratum not yet adjudicated,l1_mae
AOBv2-REAL-894,asset,pending,single labeling; random stratum not yet adjudicated,
AOBv2-REAL-895,gauge_readable,pending,single labeling; random stratum not yet adjudicated,"l1_accuracy_f1,l2_commit_rate"
AOBv2-REAL-895,recommended_action,pending,single labeling; random stratum not yet adjudicated,l3_action_accuracy
AOBv2-REAL-895,category,pending,single labeling; random stratum not yet adjudicated,a12_recovery_rung
AOBv2-REAL-895,image_role,pending,single labeling; random stratum not yet adjudicated,scenario_membership
AOBv2-REAL-895,gauge_value,pending,single labeling; random stratum not yet adjudicated,l1_mae
AOBv2-REAL-895,asset,pending,single labeling; random stratum not yet adjudicated,
AOBv2-REAL-896,gauge_readable,pending,single labeling; random stratum not yet adjudicated,"l1_accuracy_f1,l2_commit_rate"
AOBv2-REAL-896,recommended_action,pending,single labeling; random stratum not yet adjudicated,l3_action_accuracy
AOBv2-REAL-896,category,pending,single labeling; random stratum not yet adjudicated,a12_recovery_rung
AOBv2-REAL-896,image_role,pending,single labeling; random stratum not yet adjudicated,scenario_membership
AOBv2-REAL-896,gauge_value,pending,single labeling; random stratum not yet adjudicated,l1_mae
AOBv2-REAL-896,asset,pending,single labeling; random stratum not yet adjudicated,
AOBv2-REAL-897,gauge_readable,pending,single labeling; random stratum not yet adjudicated,"l1_accuracy_f1,l2_commit_rate"
AOBv2-REAL-897,recommended_action,pending,single labeling; random stratum not yet adjudicated,l3_action_accuracy
AOBv2-REAL-897,category,pending,single labeling; random stratum not yet adjudicated,a12_recovery_rung
AOBv2-REAL-897,image_role,pending,single labeling; random stratum not yet adjudicated,scenario_membership
AOBv2-REAL-897,gauge_value,pending,single labeling; random stratum not yet adjudicated,l1_mae
AOBv2-REAL-897,asset,pending,single labeling; random stratum not yet adjudicated,
AOBv2-REAL-898,gauge_readable,pending,single labeling; random stratum not yet adjudicated,"l1_accuracy_f1,l2_commit_rate"
AOBv2-REAL-898,recommended_action,pending,single labeling; random stratum not yet adjudicated,l3_action_accuracy
AOBv2-REAL-898,category,pending,single labeling; random stratum not yet adjudicated,a12_recovery_rung
AOBv2-REAL-898,image_role,pending,single labeling; random stratum not yet adjudicated,scenario_membership
AOBv2-REAL-898,gauge_value,pending,single labeling; random stratum not yet adjudicated,l1_mae
AOBv2-REAL-898,asset,pending,single labeling; random stratum not yet adjudicated,
AOBv2-REAL-899,gauge_readable,pending,single labeling; random stratum not yet adjudicated,"l1_accuracy_f1,l2_commit_rate"
AOBv2-REAL-899,recommended_action,pending,single labeling; random stratum not yet adjudicated,l3_action_accuracy
AOBv2-REAL-899,category,pending,single labeling; random stratum not yet adjudicated,a12_recovery_rung
AOBv2-REAL-899,image_role,pending,single labeling; random stratum not yet adjudicated,scenario_membership
AOBv2-REAL-899,gauge_value,pending,single labeling; random stratum not yet adjudicated,l1_mae
AOBv2-REAL-899,asset,pending,single labeling; random stratum not yet adjudicated,
AOBv2-REAL-900,gauge_readable,pending,single labeling; random stratum not yet adjudicated,"l1_accuracy_f1,l2_commit_rate"
AOBv2-REAL-900,recommended_action,pending,single labeling; random stratum not yet adjudicated,l3_action_accuracy
AOBv2-REAL-900,category,pending,single labeling; random stratum not yet adjudicated,a12_recovery_rung
AOBv2-REAL-900,image_role,pending,single labeling; random stratum not yet adjudicated,scenario_membership
AOBv2-REAL-900,gauge_value,pending,single labeling; random stratum not yet adjudicated,l1_mae
AOBv2-REAL-900,asset,pending,single labeling; random stratum not yet adjudicated,
AOBv2-REAL-901,gauge_readable,pending,single labeling; random stratum not yet adjudicated,"l1_accuracy_f1,l2_commit_rate"
AOBv2-REAL-901,recommended_action,pending,single labeling; random stratum not yet adjudicated,l3_action_accuracy
AOBv2-REAL-901,category,pending,single labeling; random stratum not yet adjudicated,a12_recovery_rung
AOBv2-REAL-901,image_role,pending,single labeling; random stratum not yet adjudicated,scenario_membership
AOBv2-REAL-901,gauge_value,pending,single labeling; random stratum not yet adjudicated,l1_mae
AOBv2-REAL-901,asset,pending,single labeling; random stratum not yet adjudicated,
AOBv2-REAL-902,gauge_readable,pending,single labeling; random stratum not yet adjudicated,"l1_accuracy_f1,l2_commit_rate"
AOBv2-REAL-902,recommended_action,pending,single labeling; random stratum not yet adjudicated,l3_action_accuracy
AOBv2-REAL-902,category,pending,single labeling; random stratum not yet adjudicated,a12_recovery_rung
AOBv2-REAL-902,image_role,pending,single labeling; random stratum not yet adjudicated,scenario_membership
AOBv2-REAL-902,gauge_value,pending,single labeling; random stratum not yet adjudicated,l1_mae
AOBv2-REAL-902,asset,pending,single labeling; random stratum not yet adjudicated,
AOBv2-REAL-903,gauge_readable,pending,single labeling; random stratum not yet adjudicated,"l1_accuracy_f1,l2_commit_rate"
AOBv2-REAL-903,recommended_action,pending,single labeling; random stratum not yet adjudicated,l3_action_accuracy
AOBv2-REAL-903,category,pending,single labeling; random stratum not yet adjudicated,a12_recovery_rung
AOBv2-REAL-903,image_role,pending,single labeling; random stratum not yet adjudicated,scenario_membership
AOBv2-REAL-903,gauge_value,pending,single labeling; random stratum not yet adjudicated,l1_mae
AOBv2-REAL-903,asset,pending,single labeling; random stratum not yet adjudicated,
AOBv2-REAL-904,gauge_readable,pending,single labeling; random stratum not yet adjudicated,"l1_accuracy_f1,l2_commit_rate"
AOBv2-REAL-904,recommended_action,pending,single labeling; random stratum not yet adjudicated,l3_action_accuracy
AOBv2-REAL-904,category,pending,single labeling; random stratum not yet adjudicated,a12_recovery_rung
AOBv2-REAL-904,image_role,pending,single labeling; random stratum not yet adjudicated,scenario_membership
AOBv2-REAL-904,gauge_value,pending,single labeling; random stratum not yet adjudicated,l1_mae
AOBv2-REAL-904,asset,pending,single labeling; random stratum not yet adjudicated,
AOBv2-REAL-905,gauge_readable,pending,single labeling; random stratum not yet adjudicated,"l1_accuracy_f1,l2_commit_rate"
AOBv2-REAL-905,recommended_action,pending,single labeling; random stratum not yet adjudicated,l3_action_accuracy
AOBv2-REAL-905,category,pending,single labeling; random stratum not yet adjudicated,a12_recovery_rung
AOBv2-REAL-905,image_role,pending,single labeling; random stratum not yet adjudicated,scenario_membership
AOBv2-REAL-905,gauge_value,pending,single labeling; random stratum not yet adjudicated,l1_mae
AOBv2-REAL-905,asset,pending,single labeling; random stratum not yet adjudicated,
AOBv2-REAL-906,gauge_readable,pending,single labeling; random stratum not yet adjudicated,"l1_accuracy_f1,l2_commit_rate"
AOBv2-REAL-906,recommended_action,pending,single labeling; random stratum not yet adjudicated,l3_action_accuracy
AOBv2-REAL-906,category,pending,single labeling; random stratum not yet adjudicated,a12_recovery_rung
AOBv2-REAL-906,image_role,pending,single labeling; random stratum not yet adjudicated,scenario_membership
AOBv2-REAL-906,gauge_value,pending,single labeling; random stratum not yet adjudicated,l1_mae
AOBv2-REAL-906,asset,pending,single labeling; random stratum not yet adjudicated,
AOBv2-REAL-907,gauge_readable,pending,single labeling; random stratum not yet adjudicated,"l1_accuracy_f1,l2_commit_rate"
AOBv2-REAL-907,recommended_action,pending,single labeling; random stratum not yet adjudicated,l3_action_accuracy
AOBv2-REAL-907,category,pending,single labeling; random stratum not yet adjudicated,a12_recovery_rung
AOBv2-REAL-907,image_role,pending,single labeling; random stratum not yet adjudicated,scenario_membership
AOBv2-REAL-907,gauge_value,pending,single labeling; random stratum not yet adjudicated,l1_mae
AOBv2-REAL-907,asset,pending,single labeling; random stratum not yet adjudicated,
AOBv2-REAL-908,gauge_readable,pending,single labeling; random stratum not yet adjudicated,"l1_accuracy_f1,l2_commit_rate"
AOBv2-REAL-908,recommended_action,pending,single labeling; random stratum not yet adjudicated,l3_action_accuracy
AOBv2-REAL-908,category,pending,single labeling; random stratum not yet adjudicated,a12_recovery_rung
AOBv2-REAL-908,image_role,pending,single labeling; random stratum not yet adjudicated,scenario_membership
AOBv2-REAL-908,gauge_value,pending,single labeling; random stratum not yet adjudicated,l1_mae
AOBv2-REAL-908,asset,pending,single labeling; random stratum not yet adjudicated,
AOBv2-REAL-909,gauge_readable,pending,single labeling; random stratum not yet adjudicated,"l1_accuracy_f1,l2_commit_rate"
AOBv2-REAL-909,recommended_action,pending,single labeling; random stratum not yet adjudicated,l3_action_accuracy
AOBv2-REAL-909,category,pending,single labeling; random stratum not yet adjudicated,a12_recovery_rung
AOBv2-REAL-909,image_role,pending,single labeling; random stratum not yet adjudicated,scenario_membership
AOBv2-REAL-909,gauge_value,pending,single labeling; random stratum not yet adjudicated,l1_mae
AOBv2-REAL-909,asset,pending,single labeling; random stratum not yet adjudicated,
AOBv2-REAL-910,gauge_readable,pending,single labeling; random stratum not yet adjudicated,"l1_accuracy_f1,l2_commit_rate"
AOBv2-REAL-910,recommended_action,pending,single labeling; random stratum not yet adjudicated,l3_action_accuracy
AOBv2-REAL-910,category,pending,single labeling; random stratum not yet adjudicated,a12_recovery_rung
AOBv2-REAL-910,image_role,pending,single labeling; random stratum not yet adjudicated,scenario_membership
AOBv2-REAL-910,gauge_value,pending,single labeling; random stratum not yet adjudicated,l1_mae
AOBv2-REAL-910,asset,pending,single labeling; random stratum not yet adjudicated,
AOBv2-REAL-911,gauge_readable,pending,single labeling; random stratum not yet adjudicated,"l1_accuracy_f1,l2_commit_rate"
AOBv2-REAL-911,recommended_action,pending,single labeling; random stratum not yet adjudicated,l3_action_accuracy
AOBv2-REAL-911,category,pending,single labeling; random stratum not yet adjudicated,a12_recovery_rung
AOBv2-REAL-911,image_role,pending,single labeling; random stratum not yet adjudicated,scenario_membership
AOBv2-REAL-911,gauge_value,pending,single labeling; random stratum not yet adjudicated,l1_mae
AOBv2-REAL-911,asset,pending,single labeling; random stratum not yet adjudicated,
AOBv2-REAL-912,gauge_readable,pending,single labeling; random stratum not yet adjudicated,"l1_accuracy_f1,l2_commit_rate"
AOBv2-REAL-912,recommended_action,pending,single labeling; random stratum not yet adjudicated,l3_action_accuracy
AOBv2-REAL-912,category,pending,single labeling; random stratum not yet adjudicated,a12_recovery_rung
AOBv2-REAL-912,image_role,pending,single labeling; random stratum not yet adjudicated,scenario_membership
AOBv2-REAL-912,gauge_value,pending,single labeling; random stratum not yet adjudicated,l1_mae
AOBv2-REAL-912,asset,pending,single labeling; random stratum not yet adjudicated,
AOBv2-REAL-913,gauge_readable,pending,single labeling; random stratum not yet adjudicated,"l1_accuracy_f1,l2_commit_rate"
AOBv2-REAL-913,recommended_action,pending,single labeling; random stratum not yet adjudicated,l3_action_accuracy
AOBv2-REAL-913,category,pending,single labeling; random stratum not yet adjudicated,a12_recovery_rung
AOBv2-REAL-913,image_role,pending,single labeling; random stratum not yet adjudicated,scenario_membership
AOBv2-REAL-913,gauge_value,pending,single labeling; random stratum not yet adjudicated,l1_mae
AOBv2-REAL-913,asset,pending,single labeling; random stratum not yet adjudicated,
AOBv2-REAL-914,gauge_readable,pending,single labeling; random stratum not yet adjudicated,"l1_accuracy_f1,l2_commit_rate"
AOBv2-REAL-914,recommended_action,pending,single labeling; random stratum not yet adjudicated,l3_action_accuracy
AOBv2-REAL-914,category,pending,single labeling; random stratum not yet adjudicated,a12_recovery_rung
AOBv2-REAL-914,image_role,pending,single labeling; random stratum not yet adjudicated,scenario_membership
AOBv2-REAL-914,gauge_value,pending,single labeling; random stratum not yet adjudicated,l1_mae
AOBv2-REAL-914,asset,pending,single labeling; random stratum not yet adjudicated,
AOBv2-REAL-915,gauge_readable,pending,single labeling; random stratum not yet adjudicated,"l1_accuracy_f1,l2_commit_rate"
AOBv2-REAL-915,recommended_action,pending,single labeling; random stratum not yet adjudicated,l3_action_accuracy
AOBv2-REAL-915,category,pending,single labeling; random stratum not yet adjudicated,a12_recovery_rung
AOBv2-REAL-915,image_role,pending,single labeling; random stratum not yet adjudicated,scenario_membership
AOBv2-REAL-915,gauge_value,pending,single labeling; random stratum not yet adjudicated,l1_mae
AOBv2-REAL-915,asset,pending,single labeling; random stratum not yet adjudicated,
AOBv2-REAL-916,gauge_readable,pending,single labeling; random stratum not yet adjudicated,"l1_accuracy_f1,l2_commit_rate"
AOBv2-REAL-916,recommended_action,pending,single labeling; random stratum not yet adjudicated,l3_action_accuracy
AOBv2-REAL-916,category,pending,single labeling; random stratum not yet adjudicated,a12_recovery_rung
AOBv2-REAL-916,image_role,pending,single labeling; random stratum not yet adjudicated,scenario_membership
AOBv2-REAL-916,gauge_value,pending,single labeling; random stratum not yet adjudicated,l1_mae
AOBv2-REAL-916,asset,pending,single labeling; random stratum not yet adjudicated,
AOBv2-REAL-917,gauge_readable,pending,single labeling; random stratum not yet adjudicated,"l1_accuracy_f1,l2_commit_rate"
AOBv2-REAL-917,recommended_action,pending,single labeling; random stratum not yet adjudicated,l3_action_accuracy
AOBv2-REAL-917,category,pending,single labeling; random stratum not yet adjudicated,a12_recovery_rung
AOBv2-REAL-917,image_role,pending,single labeling; random stratum not yet adjudicated,scenario_membership
AOBv2-REAL-917,gauge_value,pending,single labeling; random stratum not yet adjudicated,l1_mae
AOBv2-REAL-917,asset,pending,single labeling; random stratum not yet adjudicated,
AOBv2-REAL-918,gauge_readable,pending,single labeling; random stratum not yet adjudicated,"l1_accuracy_f1,l2_commit_rate"
AOBv2-REAL-918,recommended_action,pending,single labeling; random stratum not yet adjudicated,l3_action_accuracy
AOBv2-REAL-918,category,pending,single labeling; random stratum not yet adjudicated,a12_recovery_rung
AOBv2-REAL-918,image_role,pending,single labeling; random stratum not yet adjudicated,scenario_membership
AOBv2-REAL-918,gauge_value,pending,single labeling; random stratum not yet adjudicated,l1_mae
AOBv2-REAL-918,asset,pending,single labeling; random stratum not yet adjudicated,
AOBv2-REAL-919,gauge_readable,pending,single labeling; random stratum not yet adjudicated,"l1_accuracy_f1,l2_commit_rate"
AOBv2-REAL-919,recommended_action,pending,single labeling; random stratum not yet adjudicated,l3_action_accuracy
AOBv2-REAL-919,category,pending,single labeling; random stratum not yet adjudicated,a12_recovery_rung
AOBv2-REAL-919,image_role,pending,single labeling; random stratum not yet adjudicated,scenario_membership
AOBv2-REAL-919,gauge_value,pending,single labeling; random stratum not yet adjudicated,l1_mae
AOBv2-REAL-919,asset,pending,single labeling; random stratum not yet adjudicated,
AOBv2-REAL-920,gauge_readable,pending,single labeling; random stratum not yet adjudicated,"l1_accuracy_f1,l2_commit_rate"
AOBv2-REAL-920,recommended_action,pending,single labeling; random stratum not yet adjudicated,l3_action_accuracy
AOBv2-REAL-920,category,pending,single labeling; random stratum not yet adjudicated,a12_recovery_rung
AOBv2-REAL-920,image_role,pending,single labeling; random stratum not yet adjudicated,scenario_membership
AOBv2-REAL-920,gauge_value,pending,single labeling; random stratum not yet adjudicated,l1_mae
AOBv2-REAL-920,asset,pending,single labeling; random stratum not yet adjudicated,
AOBv2-REAL-921,gauge_readable,pending,single labeling; random stratum not yet adjudicated,"l1_accuracy_f1,l2_commit_rate"
AOBv2-REAL-921,recommended_action,pending,single labeling; random stratum not yet adjudicated,l3_action_accuracy
AOBv2-REAL-921,category,pending,single labeling; random stratum not yet adjudicated,a12_recovery_rung
AOBv2-REAL-921,image_role,pending,single labeling; random stratum not yet adjudicated,scenario_membership
AOBv2-REAL-921,gauge_value,pending,single labeling; random stratum not yet adjudicated,l1_mae
AOBv2-REAL-921,asset,pending,single labeling; random stratum not yet adjudicated,
AOBv2-REAL-922,gauge_readable,pending,single labeling; random stratum not yet adjudicated,"l1_accuracy_f1,l2_commit_rate"
AOBv2-REAL-922,recommended_action,pending,single labeling; random stratum not yet adjudicated,l3_action_accuracy
AOBv2-REAL-922,category,pending,single labeling; random stratum not yet adjudicated,a12_recovery_rung
AOBv2-REAL-922,image_role,pending,single labeling; random stratum not yet adjudicated,scenario_membership
AOBv2-REAL-922,gauge_value,pending,single labeling; random stratum not yet adjudicated,l1_mae
AOBv2-REAL-922,asset,pending,single labeling; random stratum not yet adjudicated,
AOBv2-REAL-923,gauge_readable,pending,single labeling; random stratum not yet adjudicated,"l1_accuracy_f1,l2_commit_rate"
AOBv2-REAL-923,recommended_action,pending,single labeling; random stratum not yet adjudicated,l3_action_accuracy
AOBv2-REAL-923,category,pending,single labeling; random stratum not yet adjudicated,a12_recovery_rung
AOBv2-REAL-923,image_role,pending,single labeling; random stratum not yet adjudicated,scenario_membership
AOBv2-REAL-923,gauge_value,pending,single labeling; random stratum not yet adjudicated,l1_mae
AOBv2-REAL-923,asset,pending,single labeling; random stratum not yet adjudicated,
AOBv2-REAL-924,gauge_readable,pending,single labeling; random stratum not yet adjudicated,"l1_accuracy_f1,l2_commit_rate"
AOBv2-REAL-924,recommended_action,pending,single labeling; random stratum not yet adjudicated,l3_action_accuracy
AOBv2-REAL-924,category,pending,single labeling; random stratum not yet adjudicated,a12_recovery_rung
AOBv2-REAL-924,image_role,pending,single labeling; random stratum not yet adjudicated,scenario_membership
AOBv2-REAL-924,gauge_value,pending,single labeling; random stratum not yet adjudicated,l1_mae
AOBv2-REAL-924,asset,pending,single labeling; random stratum not yet adjudicated,
AOBv2-REAL-925,gauge_readable,pending,single labeling; random stratum not yet adjudicated,"l1_accuracy_f1,l2_commit_rate"
AOBv2-REAL-925,recommended_action,pending,single labeling; random stratum not yet adjudicated,l3_action_accuracy
AOBv2-REAL-925,category,pending,single labeling; random stratum not yet adjudicated,a12_recovery_rung
AOBv2-REAL-925,image_role,pending,single labeling; random stratum not yet adjudicated,scenario_membership
AOBv2-REAL-925,gauge_value,pending,single labeling; random stratum not yet adjudicated,l1_mae
AOBv2-REAL-925,asset,pending,single labeling; random stratum not yet adjudicated,
AOBv2-REAL-926,gauge_readable,pending,single labeling; random stratum not yet adjudicated,"l1_accuracy_f1,l2_commit_rate"
AOBv2-REAL-926,recommended_action,pending,single labeling; random stratum not yet adjudicated,l3_action_accuracy
AOBv2-REAL-926,category,pending,single labeling; random stratum not yet adjudicated,a12_recovery_rung
AOBv2-REAL-926,image_role,pending,single labeling; random stratum not yet adjudicated,scenario_membership
AOBv2-REAL-926,gauge_value,pending,single labeling; random stratum not yet adjudicated,l1_mae
AOBv2-REAL-926,asset,pending,single labeling; random stratum not yet adjudicated,
AOBv2-REAL-927,gauge_readable,pending,single labeling; random stratum not yet adjudicated,"l1_accuracy_f1,l2_commit_rate"
AOBv2-REAL-927,recommended_action,pending,single labeling; random stratum not yet adjudicated,l3_action_accuracy
AOBv2-REAL-927,category,pending,single labeling; random stratum not yet adjudicated,a12_recovery_rung
AOBv2-REAL-927,image_role,pending,single labeling; random stratum not yet adjudicated,scenario_membership
AOBv2-REAL-927,gauge_value,pending,single labeling; random stratum not yet adjudicated,l1_mae
AOBv2-REAL-927,asset,pending,single labeling; random stratum not yet adjudicated,
AOBv2-REAL-928,gauge_readable,pending,single labeling; random stratum not yet adjudicated,"l1_accuracy_f1,l2_commit_rate"
AOBv2-REAL-928,recommended_action,pending,single labeling; random stratum not yet adjudicated,l3_action_accuracy
AOBv2-REAL-928,category,pending,single labeling; random stratum not yet adjudicated,a12_recovery_rung
AOBv2-REAL-928,image_role,pending,single labeling; random stratum not yet adjudicated,scenario_membership
AOBv2-REAL-928,gauge_value,pending,single labeling; random stratum not yet adjudicated,l1_mae
AOBv2-REAL-928,asset,pending,single labeling; random stratum not yet adjudicated,
AOBv2-REAL-929,gauge_readable,pending,single labeling; random stratum not yet adjudicated,"l1_accuracy_f1,l2_commit_rate"
AOBv2-REAL-929,recommended_action,pending,single labeling; random stratum not yet adjudicated,l3_action_accuracy
AOBv2-REAL-929,category,pending,single labeling; random stratum not yet adjudicated,a12_recovery_rung
AOBv2-REAL-929,image_role,pending,single labeling; random stratum not yet adjudicated,scenario_membership
AOBv2-REAL-929,gauge_value,pending,single labeling; random stratum not yet adjudicated,l1_mae
AOBv2-REAL-929,asset,pending,single labeling; random stratum not yet adjudicated,
AOBv2-REAL-930,gauge_readable,pending,single labeling; random stratum not yet adjudicated,"l1_accuracy_f1,l2_commit_rate"
AOBv2-REAL-930,recommended_action,pending,single labeling; random stratum not yet adjudicated,l3_action_accuracy
AOBv2-REAL-930,category,pending,single labeling; random stratum not yet adjudicated,a12_recovery_rung
AOBv2-REAL-930,image_role,pending,single labeling; random stratum not yet adjudicated,scenario_membership
AOBv2-REAL-930,gauge_value,pending,single labeling; random stratum not yet adjudicated,l1_mae
AOBv2-REAL-930,asset,pending,single labeling; random stratum not yet adjudicated,
AOBv2-REAL-931,gauge_readable,pending,single labeling; random stratum not yet adjudicated,"l1_accuracy_f1,l2_commit_rate"
AOBv2-REAL-931,recommended_action,pending,single labeling; random stratum not yet adjudicated,l3_action_accuracy
AOBv2-REAL-931,category,pending,single labeling; random stratum not yet adjudicated,a12_recovery_rung
AOBv2-REAL-931,image_role,pending,single labeling; random stratum not yet adjudicated,scenario_membership
AOBv2-REAL-931,gauge_value,pending,single labeling; random stratum not yet adjudicated,l1_mae
AOBv2-REAL-931,asset,pending,single labeling; random stratum not yet adjudicated,
AOBv2-REAL-932,gauge_readable,pending,single labeling; random stratum not yet adjudicated,"l1_accuracy_f1,l2_commit_rate"
AOBv2-REAL-932,recommended_action,pending,single labeling; random stratum not yet adjudicated,l3_action_accuracy
AOBv2-REAL-932,category,pending,single labeling; random stratum not yet adjudicated,a12_recovery_rung
AOBv2-REAL-932,image_role,pending,single labeling; random stratum not yet adjudicated,scenario_membership
AOBv2-REAL-932,gauge_value,pending,single labeling; random stratum not yet adjudicated,l1_mae
AOBv2-REAL-932,asset,pending,single labeling; random stratum not yet adjudicated,
AOBv2-REAL-933,gauge_readable,pending,single labeling; random stratum not yet adjudicated,"l1_accuracy_f1,l2_commit_rate"
AOBv2-REAL-933,recommended_action,pending,single labeling; random stratum not yet adjudicated,l3_action_accuracy
AOBv2-REAL-933,category,pending,single labeling; random stratum not yet adjudicated,a12_recovery_rung
AOBv2-REAL-933,image_role,pending,single labeling; random stratum not yet adjudicated,scenario_membership
AOBv2-REAL-933,gauge_value,pending,single labeling; random stratum not yet adjudicated,l1_mae
AOBv2-REAL-933,asset,pending,single labeling; random stratum not yet adjudicated,
AOBv2-REAL-934,gauge_readable,pending,single labeling; random stratum not yet adjudicated,"l1_accuracy_f1,l2_commit_rate"
AOBv2-REAL-934,recommended_action,pending,single labeling; random stratum not yet adjudicated,l3_action_accuracy
AOBv2-REAL-934,category,pending,single labeling; random stratum not yet adjudicated,a12_recovery_rung
AOBv2-REAL-934,image_role,pending,single labeling; random stratum not yet adjudicated,scenario_membership
AOBv2-REAL-934,gauge_value,pending,single labeling; random stratum not yet adjudicated,l1_mae
AOBv2-REAL-934,asset,pending,single labeling; random stratum not yet adjudicated,
AOBv2-REAL-935,gauge_readable,pending,single labeling; random stratum not yet adjudicated,"l1_accuracy_f1,l2_commit_rate"
AOBv2-REAL-935,recommended_action,pending,single labeling; random stratum not yet adjudicated,l3_action_accuracy
AOBv2-REAL-935,category,pending,single labeling; random stratum not yet adjudicated,a12_recovery_rung
AOBv2-REAL-935,image_role,pending,single labeling; random stratum not yet adjudicated,scenario_membership
AOBv2-REAL-935,gauge_value,pending,single labeling; random stratum not yet adjudicated,l1_mae
AOBv2-REAL-935,asset,pending,single labeling; random stratum not yet adjudicated,
AOBv2-REAL-936,gauge_readable,pending,single labeling; random stratum not yet adjudicated,"l1_accuracy_f1,l2_commit_rate"
AOBv2-REAL-936,recommended_action,pending,single labeling; random stratum not yet adjudicated,l3_action_accuracy
AOBv2-REAL-936,category,pending,single labeling; random stratum not yet adjudicated,a12_recovery_rung
AOBv2-REAL-936,image_role,pending,single labeling; random stratum not yet adjudicated,scenario_membership
AOBv2-REAL-936,gauge_value,pending,single labeling; random stratum not yet adjudicated,l1_mae
AOBv2-REAL-936,asset,pending,single labeling; random stratum not yet adjudicated,
AOBv2-REAL-937,gauge_readable,pending,single labeling; random stratum not yet adjudicated,"l1_accuracy_f1,l2_commit_rate"
AOBv2-REAL-937,recommended_action,pending,single labeling; random stratum not yet adjudicated,l3_action_accuracy
AOBv2-REAL-937,category,pending,single labeling; random stratum not yet adjudicated,a12_recovery_rung
AOBv2-REAL-937,image_role,pending,single labeling; random stratum not yet adjudicated,scenario_membership
AOBv2-REAL-937,gauge_value,pending,single labeling; random stratum not yet adjudicated,l1_mae
AOBv2-REAL-937,asset,pending,single labeling; random stratum not yet adjudicated,
AOBv2-REAL-938,gauge_readable,pending,single labeling; random stratum not yet adjudicated,"l1_accuracy_f1,l2_commit_rate"
AOBv2-REAL-938,recommended_action,pending,single labeling; random stratum not yet adjudicated,l3_action_accuracy
AOBv2-REAL-938,category,pending,single labeling; random stratum not yet adjudicated,a12_recovery_rung
AOBv2-REAL-938,image_role,pending,single labeling; random stratum not yet adjudicated,scenario_membership
AOBv2-REAL-938,gauge_value,pending,single labeling; random stratum not yet adjudicated,l1_mae
AOBv2-REAL-938,asset,pending,single labeling; random stratum not yet adjudicated,
AOBv2-REAL-939,gauge_readable,pending,single labeling; random stratum not yet adjudicated,"l1_accuracy_f1,l2_commit_rate"
AOBv2-REAL-939,recommended_action,pending,single labeling; random stratum not yet adjudicated,l3_action_accuracy
AOBv2-REAL-939,category,pending,single labeling; random stratum not yet adjudicated,a12_recovery_rung
AOBv2-REAL-939,image_role,pending,single labeling; random stratum not yet adjudicated,scenario_membership
AOBv2-REAL-939,gauge_value,pending,single labeling; random stratum not yet adjudicated,l1_mae
AOBv2-REAL-939,asset,pending,single labeling; random stratum not yet adjudicated,
AOBv2-REAL-940,gauge_readable,pending,single labeling; random stratum not yet adjudicated,"l1_accuracy_f1,l2_commit_rate"
AOBv2-REAL-940,recommended_action,pending,single labeling; random stratum not yet adjudicated,l3_action_accuracy
AOBv2-REAL-940,category,pending,single labeling; random stratum not yet adjudicated,a12_recovery_rung
AOBv2-REAL-940,image_role,pending,single labeling; random stratum not yet adjudicated,scenario_membership
AOBv2-REAL-940,gauge_value,pending,single labeling; random stratum not yet adjudicated,l1_mae
AOBv2-REAL-940,asset,pending,single labeling; random stratum not yet adjudicated,
AOBv2-REAL-941,gauge_readable,pending,single labeling; random stratum not yet adjudicated,"l1_accuracy_f1,l2_commit_rate"
AOBv2-REAL-941,recommended_action,pending,single labeling; random stratum not yet adjudicated,l3_action_accuracy
AOBv2-REAL-941,category,pending,single labeling; random stratum not yet adjudicated,a12_recovery_rung
AOBv2-REAL-941,image_role,pending,single labeling; random stratum not yet adjudicated,scenario_membership
AOBv2-REAL-941,gauge_value,pending,single labeling; random stratum not yet adjudicated,l1_mae
AOBv2-REAL-941,asset,pending,single labeling; random stratum not yet adjudicated,
AOBv2-REAL-942,gauge_readable,pending,single labeling; random stratum not yet adjudicated,"l1_accuracy_f1,l2_commit_rate"
AOBv2-REAL-942,recommended_action,pending,single labeling; random stratum not yet adjudicated,l3_action_accuracy
AOBv2-REAL-942,category,pending,single labeling; random stratum not yet adjudicated,a12_recovery_rung
AOBv2-REAL-942,image_role,pending,single labeling; random stratum not yet adjudicated,scenario_membership
AOBv2-REAL-942,gauge_value,pending,single labeling; random stratum not yet adjudicated,l1_mae
AOBv2-REAL-942,asset,pending,single labeling; random stratum not yet adjudicated,
AOBv2-REAL-943,gauge_readable,pending,single labeling; random stratum not yet adjudicated,"l1_accuracy_f1,l2_commit_rate"
AOBv2-REAL-943,recommended_action,pending,single labeling; random stratum not yet adjudicated,l3_action_accuracy
AOBv2-REAL-943,category,pending,single labeling; random stratum not yet adjudicated,a12_recovery_rung
AOBv2-REAL-943,image_role,pending,single labeling; random stratum not yet adjudicated,scenario_membership
AOBv2-REAL-943,gauge_value,pending,single labeling; random stratum not yet adjudicated,l1_mae
AOBv2-REAL-943,asset,pending,single labeling; random stratum not yet adjudicated,
AOBv2-REAL-944,gauge_readable,pending,single labeling; random stratum not yet adjudicated,"l1_accuracy_f1,l2_commit_rate"
AOBv2-REAL-944,recommended_action,pending,single labeling; random stratum not yet adjudicated,l3_action_accuracy
AOBv2-REAL-944,category,pending,single labeling; random stratum not yet adjudicated,a12_recovery_rung
AOBv2-REAL-944,image_role,pending,single labeling; random stratum not yet adjudicated,scenario_membership
AOBv2-REAL-944,gauge_value,pending,single labeling; random stratum not yet adjudicated,l1_mae
AOBv2-REAL-944,asset,pending,single labeling; random stratum not yet adjudicated,
AOBv2-REAL-945,gauge_readable,pending,single labeling; random stratum not yet adjudicated,"l1_accuracy_f1,l2_commit_rate"
AOBv2-REAL-945,recommended_action,pending,single labeling; random stratum not yet adjudicated,l3_action_accuracy
AOBv2-REAL-945,category,pending,single labeling; random stratum not yet adjudicated,a12_recovery_rung
AOBv2-REAL-945,image_role,pending,single labeling; random stratum not yet adjudicated,scenario_membership
AOBv2-REAL-945,gauge_value,pending,single labeling; random stratum not yet adjudicated,l1_mae
AOBv2-REAL-945,asset,pending,single labeling; random stratum not yet adjudicated,
AOBv2-REAL-946,gauge_readable,pending,single labeling; random stratum not yet adjudicated,"l1_accuracy_f1,l2_commit_rate"
AOBv2-REAL-946,recommended_action,pending,single labeling; random stratum not yet adjudicated,l3_action_accuracy
AOBv2-REAL-946,category,pending,single labeling; random stratum not yet adjudicated,a12_recovery_rung
AOBv2-REAL-946,image_role,pending,single labeling; random stratum not yet adjudicated,scenario_membership
AOBv2-REAL-946,gauge_value,pending,single labeling; random stratum not yet adjudicated,l1_mae
AOBv2-REAL-946,asset,pending,single labeling; random stratum not yet adjudicated,
AOBv2-REAL-947,gauge_readable,pending,single labeling; random stratum not yet adjudicated,"l1_accuracy_f1,l2_commit_rate"
AOBv2-REAL-947,recommended_action,pending,single labeling; random stratum not yet adjudicated,l3_action_accuracy
AOBv2-REAL-947,category,pending,single labeling; random stratum not yet adjudicated,a12_recovery_rung
AOBv2-REAL-947,image_role,pending,single labeling; random stratum not yet adjudicated,scenario_membership
AOBv2-REAL-947,gauge_value,pending,single labeling; random stratum not yet adjudicated,l1_mae
AOBv2-REAL-947,asset,pending,single labeling; random stratum not yet adjudicated,
AOBv2-REAL-948,gauge_readable,pending,single labeling; random stratum not yet adjudicated,"l1_accuracy_f1,l2_commit_rate"
AOBv2-REAL-948,recommended_action,pending,single labeling; random stratum not yet adjudicated,l3_action_accuracy
AOBv2-REAL-948,category,pending,single labeling; random stratum not yet adjudicated,a12_recovery_rung
AOBv2-REAL-948,image_role,pending,single labeling; random stratum not yet adjudicated,scenario_membership
AOBv2-REAL-948,gauge_value,pending,single labeling; random stratum not yet adjudicated,l1_mae
AOBv2-REAL-948,asset,pending,single labeling; random stratum not yet adjudicated,
AOBv2-REAL-949,gauge_readable,pending,single labeling; random stratum not yet adjudicated,"l1_accuracy_f1,l2_commit_rate"
AOBv2-REAL-949,recommended_action,pending,single labeling; random stratum not yet adjudicated,l3_action_accuracy
AOBv2-REAL-949,category,pending,single labeling; random stratum not yet adjudicated,a12_recovery_rung
AOBv2-REAL-949,image_role,pending,single labeling; random stratum not yet adjudicated,scenario_membership
AOBv2-REAL-949,gauge_value,pending,single labeling; random stratum not yet adjudicated,l1_mae
AOBv2-REAL-949,asset,pending,single labeling; random stratum not yet adjudicated,
AOBv2-REAL-950,gauge_readable,pending,single labeling; random stratum not yet adjudicated,"l1_accuracy_f1,l2_commit_rate"
AOBv2-REAL-950,recommended_action,pending,single labeling; random stratum not yet adjudicated,l3_action_accuracy
AOBv2-REAL-950,category,pending,single labeling; random stratum not yet adjudicated,a12_recovery_rung
AOBv2-REAL-950,image_role,pending,single labeling; random stratum not yet adjudicated,scenario_membership
AOBv2-REAL-950,gauge_value,pending,single labeling; random stratum not yet adjudicated,l1_mae
AOBv2-REAL-950,asset,pending,single labeling; random stratum not yet adjudicated,
AOBv2-REAL-951,gauge_readable,pending,single labeling; random stratum not yet adjudicated,"l1_accuracy_f1,l2_commit_rate"
AOBv2-REAL-951,recommended_action,pending,single labeling; random stratum not yet adjudicated,l3_action_accuracy
AOBv2-REAL-951,category,pending,single labeling; random stratum not yet adjudicated,a12_recovery_rung
AOBv2-REAL-951,image_role,pending,single labeling; random stratum not yet adjudicated,scenario_membership
AOBv2-REAL-951,gauge_value,pending,single labeling; random stratum not yet adjudicated,l1_mae
AOBv2-REAL-951,asset,pending,single labeling; random stratum not yet adjudicated,
AOBv2-REAL-952,gauge_readable,pending,single labeling; random stratum not yet adjudicated,"l1_accuracy_f1,l2_commit_rate"
AOBv2-REAL-952,recommended_action,pending,single labeling; random stratum not yet adjudicated,l3_action_accuracy
AOBv2-REAL-952,category,pending,single labeling; random stratum not yet adjudicated,a12_recovery_rung
AOBv2-REAL-952,image_role,pending,single labeling; random stratum not yet adjudicated,scenario_membership
AOBv2-REAL-952,gauge_value,pending,single labeling; random stratum not yet adjudicated,l1_mae
AOBv2-REAL-952,asset,pending,single labeling; random stratum not yet adjudicated,
AOBv2-REAL-953,gauge_readable,pending,single labeling; random stratum not yet adjudicated,"l1_accuracy_f1,l2_commit_rate"
AOBv2-REAL-953,recommended_action,pending,single labeling; random stratum not yet adjudicated,l3_action_accuracy
AOBv2-REAL-953,category,pending,single labeling; random stratum not yet adjudicated,a12_recovery_rung
AOBv2-REAL-953,image_role,pending,single labeling; random stratum not yet adjudicated,scenario_membership
AOBv2-REAL-953,gauge_value,pending,single labeling; random stratum not yet adjudicated,l1_mae
AOBv2-REAL-953,asset,pending,single labeling; random stratum not yet adjudicated,
AOBv2-REAL-954,gauge_readable,pending,single labeling; random stratum not yet adjudicated,"l1_accuracy_f1,l2_commit_rate"
AOBv2-REAL-954,recommended_action,pending,single labeling; random stratum not yet adjudicated,l3_action_accuracy
AOBv2-REAL-954,category,pending,single labeling; random stratum not yet adjudicated,a12_recovery_rung
AOBv2-REAL-954,image_role,pending,single labeling; random stratum not yet adjudicated,scenario_membership
AOBv2-REAL-954,gauge_value,pending,single labeling; random stratum not yet adjudicated,l1_mae
AOBv2-REAL-954,asset,pending,single labeling; random stratum not yet adjudicated,
AOBv2-REAL-955,gauge_readable,pending,single labeling; random stratum not yet adjudicated,"l1_accuracy_f1,l2_commit_rate"
AOBv2-REAL-955,recommended_action,pending,single labeling; random stratum not yet adjudicated,l3_action_accuracy
AOBv2-REAL-955,category,pending,single labeling; random stratum not yet adjudicated,a12_recovery_rung
AOBv2-REAL-955,image_role,pending,single labeling; random stratum not yet adjudicated,scenario_membership
AOBv2-REAL-955,gauge_value,pending,single labeling; random stratum not yet adjudicated,l1_mae
AOBv2-REAL-955,asset,pending,single labeling; random stratum not yet adjudicated,
AOBv2-REAL-956,gauge_readable,pending,single labeling; random stratum not yet adjudicated,"l1_accuracy_f1,l2_commit_rate"
AOBv2-REAL-956,recommended_action,pending,single labeling; random stratum not yet adjudicated,l3_action_accuracy
AOBv2-REAL-956,category,pending,single labeling; random stratum not yet adjudicated,a12_recovery_rung
AOBv2-REAL-956,image_role,pending,single labeling; random stratum not yet adjudicated,scenario_membership
AOBv2-REAL-956,gauge_value,pending,single labeling; random stratum not yet adjudicated,l1_mae
AOBv2-REAL-956,asset,pending,single labeling; random stratum not yet adjudicated,
AOBv2-REAL-957,gauge_readable,pending,single labeling; random stratum not yet adjudicated,"l1_accuracy_f1,l2_commit_rate"
AOBv2-REAL-957,recommended_action,pending,single labeling; random stratum not yet adjudicated,l3_action_accuracy
AOBv2-REAL-957,category,pending,single labeling; random stratum not yet adjudicated,a12_recovery_rung
AOBv2-REAL-957,image_role,pending,single labeling; random stratum not yet adjudicated,scenario_membership
AOBv2-REAL-957,gauge_value,pending,single labeling; random stratum not yet adjudicated,l1_mae
AOBv2-REAL-957,asset,pending,single labeling; random stratum not yet adjudicated,
AOBv2-REAL-958,gauge_readable,pending,single labeling; random stratum not yet adjudicated,"l1_accuracy_f1,l2_commit_rate"
AOBv2-REAL-958,recommended_action,pending,single labeling; random stratum not yet adjudicated,l3_action_accuracy
AOBv2-REAL-958,category,pending,single labeling; random stratum not yet adjudicated,a12_recovery_rung
AOBv2-REAL-958,image_role,pending,single labeling; random stratum not yet adjudicated,scenario_membership
AOBv2-REAL-958,gauge_value,pending,single labeling; random stratum not yet adjudicated,l1_mae
AOBv2-REAL-958,asset,pending,single labeling; random stratum not yet adjudicated,
AOBv2-REAL-959,gauge_readable,pending,single labeling; random stratum not yet adjudicated,"l1_accuracy_f1,l2_commit_rate"
AOBv2-REAL-959,recommended_action,pending,single labeling; random stratum not yet adjudicated,l3_action_accuracy
AOBv2-REAL-959,category,pending,single labeling; random stratum not yet adjudicated,a12_recovery_rung
AOBv2-REAL-959,image_role,pending,single labeling; random stratum not yet adjudicated,scenario_membership
AOBv2-REAL-959,gauge_value,pending,single labeling; random stratum not yet adjudicated,l1_mae
AOBv2-REAL-959,asset,pending,single labeling; random stratum not yet adjudicated,
AOBv2-REAL-960,gauge_readable,pending,single labeling; random stratum not yet adjudicated,"l1_accuracy_f1,l2_commit_rate"
AOBv2-REAL-960,recommended_action,pending,single labeling; random stratum not yet adjudicated,l3_action_accuracy
AOBv2-REAL-960,category,pending,single labeling; random stratum not yet adjudicated,a12_recovery_rung
AOBv2-REAL-960,image_role,pending,single labeling; random stratum not yet adjudicated,scenario_membership
AOBv2-REAL-960,gauge_value,pending,single labeling; random stratum not yet adjudicated,l1_mae
AOBv2-REAL-960,asset,pending,single labeling; random stratum not yet adjudicated,
AOBv2-REAL-961,gauge_readable,pending,single labeling; random stratum not yet adjudicated,"l1_accuracy_f1,l2_commit_rate"
AOBv2-REAL-961,recommended_action,pending,single labeling; random stratum not yet adjudicated,l3_action_accuracy
AOBv2-REAL-961,category,pending,single labeling; random stratum not yet adjudicated,a12_recovery_rung
AOBv2-REAL-961,image_role,pending,single labeling; random stratum not yet adjudicated,scenario_membership
AOBv2-REAL-961,gauge_value,pending,single labeling; random stratum not yet adjudicated,l1_mae
AOBv2-REAL-961,asset,pending,single labeling; random stratum not yet adjudicated,
AOBv2-REAL-962,gauge_readable,pending,single labeling; random stratum not yet adjudicated,"l1_accuracy_f1,l2_commit_rate"
AOBv2-REAL-962,recommended_action,pending,single labeling; random stratum not yet adjudicated,l3_action_accuracy
AOBv2-REAL-962,category,pending,single labeling; random stratum not yet adjudicated,a12_recovery_rung
AOBv2-REAL-962,image_role,pending,single labeling; random stratum not yet adjudicated,scenario_membership
AOBv2-REAL-962,gauge_value,pending,single labeling; random stratum not yet adjudicated,l1_mae
AOBv2-REAL-962,asset,pending,single labeling; random stratum not yet adjudicated,
AOBv2-REAL-963,gauge_readable,pending,single labeling; random stratum not yet adjudicated,"l1_accuracy_f1,l2_commit_rate"
AOBv2-REAL-963,recommended_action,pending,single labeling; random stratum not yet adjudicated,l3_action_accuracy
AOBv2-REAL-963,category,pending,single labeling; random stratum not yet adjudicated,a12_recovery_rung
AOBv2-REAL-963,image_role,pending,single labeling; random stratum not yet adjudicated,scenario_membership
AOBv2-REAL-963,gauge_value,pending,single labeling; random stratum not yet adjudicated,l1_mae
AOBv2-REAL-963,asset,pending,single labeling; random stratum not yet adjudicated,
AOBv2-REAL-964,gauge_readable,pending,single labeling; random stratum not yet adjudicated,"l1_accuracy_f1,l2_commit_rate"
AOBv2-REAL-964,recommended_action,pending,single labeling; random stratum not yet adjudicated,l3_action_accuracy
AOBv2-REAL-964,category,pending,single labeling; random stratum not yet adjudicated,a12_recovery_rung
AOBv2-REAL-964,image_role,pending,single labeling; random stratum not yet adjudicated,scenario_membership
AOBv2-REAL-964,gauge_value,pending,single labeling; random stratum not yet adjudicated,l1_mae
AOBv2-REAL-964,asset,pending,single labeling; random stratum not yet adjudicated,
AOBv2-REAL-965,gauge_readable,pending,single labeling; random stratum not yet adjudicated,"l1_accuracy_f1,l2_commit_rate"
AOBv2-REAL-965,recommended_action,pending,single labeling; random stratum not yet adjudicated,l3_action_accuracy
AOBv2-REAL-965,category,pending,single labeling; random stratum not yet adjudicated,a12_recovery_rung
AOBv2-REAL-965,image_role,pending,single labeling; random stratum not yet adjudicated,scenario_membership
AOBv2-REAL-965,gauge_value,pending,single labeling; random stratum not yet adjudicated,l1_mae
AOBv2-REAL-965,asset,pending,single labeling; random stratum not yet adjudicated,
AOBv2-REAL-966,gauge_readable,pending,single labeling; random stratum not yet adjudicated,"l1_accuracy_f1,l2_commit_rate"
AOBv2-REAL-966,recommended_action,pending,single labeling; random stratum not yet adjudicated,l3_action_accuracy
AOBv2-REAL-966,category,pending,single labeling; random stratum not yet adjudicated,a12_recovery_rung
AOBv2-REAL-966,image_role,pending,single labeling; random stratum not yet adjudicated,scenario_membership
AOBv2-REAL-966,gauge_value,pending,single labeling; random stratum not yet adjudicated,l1_mae
AOBv2-REAL-966,asset,pending,single labeling; random stratum not yet adjudicated,
AOBv2-REAL-967,gauge_readable,pending,single labeling; random stratum not yet adjudicated,"l1_accuracy_f1,l2_commit_rate"
AOBv2-REAL-967,recommended_action,pending,single labeling; random stratum not yet adjudicated,l3_action_accuracy
AOBv2-REAL-967,category,pending,single labeling; random stratum not yet adjudicated,a12_recovery_rung
AOBv2-REAL-967,image_role,pending,single labeling; random stratum not yet adjudicated,scenario_membership
AOBv2-REAL-967,gauge_value,pending,single labeling; random stratum not yet adjudicated,l1_mae
AOBv2-REAL-967,asset,pending,single labeling; random stratum not yet adjudicated,
AOBv2-REAL-968,gauge_readable,pending,single labeling; random stratum not yet adjudicated,"l1_accuracy_f1,l2_commit_rate"
AOBv2-REAL-968,recommended_action,pending,single labeling; random stratum not yet adjudicated,l3_action_accuracy
AOBv2-REAL-968,category,pending,single labeling; random stratum not yet adjudicated,a12_recovery_rung
AOBv2-REAL-968,image_role,pending,single labeling; random stratum not yet adjudicated,scenario_membership
AOBv2-REAL-968,gauge_value,pending,single labeling; random stratum not yet adjudicated,l1_mae
AOBv2-REAL-968,asset,pending,single labeling; random stratum not yet adjudicated,
AOBv2-REAL-969,gauge_readable,pending,single labeling; random stratum not yet adjudicated,"l1_accuracy_f1,l2_commit_rate"
AOBv2-REAL-969,recommended_action,pending,single labeling; random stratum not yet adjudicated,l3_action_accuracy
AOBv2-REAL-969,category,pending,single labeling; random stratum not yet adjudicated,a12_recovery_rung
AOBv2-REAL-969,image_role,pending,single labeling; random stratum not yet adjudicated,scenario_membership
AOBv2-REAL-969,gauge_value,pending,single labeling; random stratum not yet adjudicated,l1_mae
AOBv2-REAL-969,asset,pending,single labeling; random stratum not yet adjudicated,
AOBv2-REAL-970,gauge_readable,pending,single labeling; random stratum not yet adjudicated,"l1_accuracy_f1,l2_commit_rate"
AOBv2-REAL-970,recommended_action,pending,single labeling; random stratum not yet adjudicated,l3_action_accuracy
AOBv2-REAL-970,category,pending,single labeling; random stratum not yet adjudicated,a12_recovery_rung
AOBv2-REAL-970,image_role,pending,single labeling; random stratum not yet adjudicated,scenario_membership
AOBv2-REAL-970,gauge_value,pending,single labeling; random stratum not yet adjudicated,l1_mae
AOBv2-REAL-970,asset,pending,single labeling; random stratum not yet adjudicated,
AOBv2-REAL-971,gauge_readable,pending,single labeling; random stratum not yet adjudicated,"l1_accuracy_f1,l2_commit_rate"
AOBv2-REAL-971,recommended_action,pending,single labeling; random stratum not yet adjudicated,l3_action_accuracy
AOBv2-REAL-971,category,pending,single labeling; random stratum not yet adjudicated,a12_recovery_rung
AOBv2-REAL-971,image_role,pending,single labeling; random stratum not yet adjudicated,scenario_membership
AOBv2-REAL-971,gauge_value,pending,single labeling; random stratum not yet adjudicated,l1_mae
AOBv2-REAL-971,asset,pending,single labeling; random stratum not yet adjudicated,
AOBv2-REAL-972,gauge_readable,pending,single labeling; random stratum not yet adjudicated,"l1_accuracy_f1,l2_commit_rate"
AOBv2-REAL-972,recommended_action,pending,single labeling; random stratum not yet adjudicated,l3_action_accuracy
AOBv2-REAL-972,category,pending,single labeling; random stratum not yet adjudicated,a12_recovery_rung
AOBv2-REAL-972,image_role,pending,single labeling; random stratum not yet adjudicated,scenario_membership
AOBv2-REAL-972,gauge_value,pending,single labeling; random stratum not yet adjudicated,l1_mae
AOBv2-REAL-972,asset,pending,single labeling; random stratum not yet adjudicated,
AOBv2-REAL-973,gauge_readable,pending,single labeling; random stratum not yet adjudicated,"l1_accuracy_f1,l2_commit_rate"
AOBv2-REAL-973,recommended_action,pending,single labeling; random stratum not yet adjudicated,l3_action_accuracy
AOBv2-REAL-973,category,pending,single labeling; random stratum not yet adjudicated,a12_recovery_rung
AOBv2-REAL-973,image_role,pending,single labeling; random stratum not yet adjudicated,scenario_membership
AOBv2-REAL-973,gauge_value,pending,single labeling; random stratum not yet adjudicated,l1_mae
AOBv2-REAL-973,asset,pending,single labeling; random stratum not yet adjudicated,
AOBv2-REAL-974,gauge_readable,pending,single labeling; random stratum not yet adjudicated,"l1_accuracy_f1,l2_commit_rate"
AOBv2-REAL-974,recommended_action,pending,single labeling; random stratum not yet adjudicated,l3_action_accuracy
AOBv2-REAL-974,category,pending,single labeling; random stratum not yet adjudicated,a12_recovery_rung
AOBv2-REAL-974,image_role,pending,single labeling; random stratum not yet adjudicated,scenario_membership
AOBv2-REAL-974,gauge_value,pending,single labeling; random stratum not yet adjudicated,l1_mae
AOBv2-REAL-974,asset,pending,single labeling; random stratum not yet adjudicated,
AOBv2-REAL-975,gauge_readable,pending,single labeling; random stratum not yet adjudicated,"l1_accuracy_f1,l2_commit_rate"
AOBv2-REAL-975,recommended_action,pending,single labeling; random stratum not yet adjudicated,l3_action_accuracy
AOBv2-REAL-975,category,pending,single labeling; random stratum not yet adjudicated,a12_recovery_rung
AOBv2-REAL-975,image_role,pending,single labeling; random stratum not yet adjudicated,scenario_membership
AOBv2-REAL-975,gauge_value,pending,single labeling; random stratum not yet adjudicated,l1_mae
AOBv2-REAL-975,asset,pending,single labeling; random stratum not yet adjudicated,
AOBv2-REAL-976,gauge_readable,pending,single labeling; random stratum not yet adjudicated,"l1_accuracy_f1,l2_commit_rate"
AOBv2-REAL-976,recommended_action,pending,single labeling; random stratum not yet adjudicated,l3_action_accuracy
AOBv2-REAL-976,category,pending,single labeling; random stratum not yet adjudicated,a12_recovery_rung
AOBv2-REAL-976,image_role,pending,single labeling; random stratum not yet adjudicated,scenario_membership
AOBv2-REAL-976,gauge_value,pending,single labeling; random stratum not yet adjudicated,l1_mae
AOBv2-REAL-976,asset,pending,single labeling; random stratum not yet adjudicated,
AOBv2-REAL-977,gauge_readable,pending,single labeling; random stratum not yet adjudicated,"l1_accuracy_f1,l2_commit_rate"
AOBv2-REAL-977,recommended_action,pending,single labeling; random stratum not yet adjudicated,l3_action_accuracy
AOBv2-REAL-977,category,pending,single labeling; random stratum not yet adjudicated,a12_recovery_rung
AOBv2-REAL-977,image_role,pending,single labeling; random stratum not yet adjudicated,scenario_membership
AOBv2-REAL-977,gauge_value,pending,single labeling; random stratum not yet adjudicated,l1_mae
AOBv2-REAL-977,asset,pending,single labeling; random stratum not yet adjudicated,
AOBv2-REAL-978,gauge_readable,pending,single labeling; random stratum not yet adjudicated,"l1_accuracy_f1,l2_commit_rate"
AOBv2-REAL-978,recommended_action,pending,single labeling; random stratum not yet adjudicated,l3_action_accuracy
AOBv2-REAL-978,category,pending,single labeling; random stratum not yet adjudicated,a12_recovery_rung
AOBv2-REAL-978,image_role,pending,single labeling; random stratum not yet adjudicated,scenario_membership
AOBv2-REAL-978,gauge_value,pending,single labeling; random stratum not yet adjudicated,l1_mae
AOBv2-REAL-978,asset,pending,single labeling; random stratum not yet adjudicated,
AOBv2-REAL-979,gauge_readable,pending,single labeling; random stratum not yet adjudicated,"l1_accuracy_f1,l2_commit_rate"
AOBv2-REAL-979,recommended_action,pending,single labeling; random stratum not yet adjudicated,l3_action_accuracy
AOBv2-REAL-979,category,pending,single labeling; random stratum not yet adjudicated,a12_recovery_rung
AOBv2-REAL-979,image_role,pending,single labeling; random stratum not yet adjudicated,scenario_membership
AOBv2-REAL-979,gauge_value,pending,single labeling; random stratum not yet adjudicated,l1_mae
AOBv2-REAL-979,asset,pending,single labeling; random stratum not yet adjudicated,
AOBv2-REAL-980,gauge_readable,pending,single labeling; random stratum not yet adjudicated,"l1_accuracy_f1,l2_commit_rate"
AOBv2-REAL-980,recommended_action,pending,single labeling; random stratum not yet adjudicated,l3_action_accuracy
AOBv2-REAL-980,category,pending,single labeling; random stratum not yet adjudicated,a12_recovery_rung
AOBv2-REAL-980,image_role,pending,single labeling; random stratum not yet adjudicated,scenario_membership
AOBv2-REAL-980,gauge_value,pending,single labeling; random stratum not yet adjudicated,l1_mae
AOBv2-REAL-980,asset,pending,single labeling; random stratum not yet adjudicated,
AOBv2-REAL-981,gauge_readable,pending,single labeling; random stratum not yet adjudicated,"l1_accuracy_f1,l2_commit_rate"
AOBv2-REAL-981,recommended_action,pending,single labeling; random stratum not yet adjudicated,l3_action_accuracy
AOBv2-REAL-981,category,pending,single labeling; random stratum not yet adjudicated,a12_recovery_rung
AOBv2-REAL-981,image_role,pending,single labeling; random stratum not yet adjudicated,scenario_membership
AOBv2-REAL-981,gauge_value,pending,single labeling; random stratum not yet adjudicated,l1_mae
AOBv2-REAL-981,asset,pending,single labeling; random stratum not yet adjudicated,
AOBv2-REAL-982,gauge_readable,pending,single labeling; random stratum not yet adjudicated,"l1_accuracy_f1,l2_commit_rate"
AOBv2-REAL-982,recommended_action,pending,single labeling; random stratum not yet adjudicated,l3_action_accuracy
AOBv2-REAL-982,category,pending,single labeling; random stratum not yet adjudicated,a12_recovery_rung
AOBv2-REAL-982,image_role,pending,single labeling; random stratum not yet adjudicated,scenario_membership
AOBv2-REAL-982,gauge_value,pending,single labeling; random stratum not yet adjudicated,l1_mae
AOBv2-REAL-982,asset,pending,single labeling; random stratum not yet adjudicated,
AOBv2-REAL-983,gauge_readable,pending,single labeling; random stratum not yet adjudicated,"l1_accuracy_f1,l2_commit_rate"
AOBv2-REAL-983,recommended_action,pending,single labeling; random stratum not yet adjudicated,l3_action_accuracy
AOBv2-REAL-983,category,pending,single labeling; random stratum not yet adjudicated,a12_recovery_rung
AOBv2-REAL-983,image_role,pending,single labeling; random stratum not yet adjudicated,scenario_membership
AOBv2-REAL-983,gauge_value,pending,single labeling; random stratum not yet adjudicated,l1_mae
AOBv2-REAL-983,asset,pending,single labeling; random stratum not yet adjudicated,
AOBv2-REAL-984,gauge_readable,pending,single labeling; random stratum not yet adjudicated,"l1_accuracy_f1,l2_commit_rate"
AOBv2-REAL-984,recommended_action,pending,single labeling; random stratum not yet adjudicated,l3_action_accuracy
AOBv2-REAL-984,category,pending,single labeling; random stratum not yet adjudicated,a12_recovery_rung
AOBv2-REAL-984,image_role,pending,single labeling; random stratum not yet adjudicated,scenario_membership
AOBv2-REAL-984,gauge_value,pending,single labeling; random stratum not yet adjudicated,l1_mae
AOBv2-REAL-984,asset,pending,single labeling; random stratum not yet adjudicated,
AOBv2-REAL-985,gauge_readable,pending,single labeling; random stratum not yet adjudicated,"l1_accuracy_f1,l2_commit_rate"
AOBv2-REAL-985,recommended_action,pending,single labeling; random stratum not yet adjudicated,l3_action_accuracy
AOBv2-REAL-985,category,pending,single labeling; random stratum not yet adjudicated,a12_recovery_rung
AOBv2-REAL-985,image_role,pending,single labeling; random stratum not yet adjudicated,scenario_membership
AOBv2-REAL-985,gauge_value,pending,single labeling; random stratum not yet adjudicated,l1_mae
AOBv2-REAL-985,asset,pending,single labeling; random stratum not yet adjudicated,
AOBv2-REAL-986,gauge_readable,pending,single labeling; random stratum not yet adjudicated,"l1_accuracy_f1,l2_commit_rate"
AOBv2-REAL-986,recommended_action,pending,single labeling; random stratum not yet adjudicated,l3_action_accuracy
AOBv2-REAL-986,category,pending,single labeling; random stratum not yet adjudicated,a12_recovery_rung
AOBv2-REAL-986,image_role,pending,single labeling; random stratum not yet adjudicated,scenario_membership
AOBv2-REAL-986,gauge_value,pending,single labeling; random stratum not yet adjudicated,l1_mae
AOBv2-REAL-986,asset,pending,single labeling; random stratum not yet adjudicated,
AOBv2-REAL-987,gauge_readable,pending,single labeling; random stratum not yet adjudicated,"l1_accuracy_f1,l2_commit_rate"
AOBv2-REAL-987,recommended_action,pending,single labeling; random stratum not yet adjudicated,l3_action_accuracy
AOBv2-REAL-987,category,pending,single labeling; random stratum not yet adjudicated,a12_recovery_rung
AOBv2-REAL-987,image_role,pending,single labeling; random stratum not yet adjudicated,scenario_membership
AOBv2-REAL-987,gauge_value,pending,single labeling; random stratum not yet adjudicated,l1_mae
AOBv2-REAL-987,asset,pending,single labeling; random stratum not yet adjudicated,
AOBv2-REAL-988,gauge_readable,pending,single labeling; random stratum not yet adjudicated,"l1_accuracy_f1,l2_commit_rate"
AOBv2-REAL-988,recommended_action,pending,single labeling; random stratum not yet adjudicated,l3_action_accuracy
AOBv2-REAL-988,category,pending,single labeling; random stratum not yet adjudicated,a12_recovery_rung
AOBv2-REAL-988,image_role,pending,single labeling; random stratum not yet adjudicated,scenario_membership
AOBv2-REAL-988,gauge_value,pending,single labeling; random stratum not yet adjudicated,l1_mae
AOBv2-REAL-988,asset,pending,single labeling; random stratum not yet adjudicated,
AOBv2-REAL-989,gauge_readable,pending,single labeling; random stratum not yet adjudicated,"l1_accuracy_f1,l2_commit_rate"
AOBv2-REAL-989,recommended_action,pending,single labeling; random stratum not yet adjudicated,l3_action_accuracy
AOBv2-REAL-989,category,pending,single labeling; random stratum not yet adjudicated,a12_recovery_rung
AOBv2-REAL-989,image_role,pending,single labeling; random stratum not yet adjudicated,scenario_membership
AOBv2-REAL-989,gauge_value,pending,single labeling; random stratum not yet adjudicated,l1_mae
AOBv2-REAL-989,asset,pending,single labeling; random stratum not yet adjudicated,
AOBv2-REAL-990,gauge_readable,pending,single labeling; random stratum not yet adjudicated,"l1_accuracy_f1,l2_commit_rate"
AOBv2-REAL-990,recommended_action,pending,single labeling; random stratum not yet adjudicated,l3_action_accuracy
AOBv2-REAL-990,category,pending,single labeling; random stratum not yet adjudicated,a12_recovery_rung
AOBv2-REAL-990,image_role,pending,single labeling; random stratum not yet adjudicated,scenario_membership
AOBv2-REAL-990,gauge_value,pending,single labeling; random stratum not yet adjudicated,l1_mae
AOBv2-REAL-990,asset,pending,single labeling; random stratum not yet adjudicated,
AOBv2-REAL-991,gauge_readable,pending,single labeling; random stratum not yet adjudicated,"l1_accuracy_f1,l2_commit_rate"
AOBv2-REAL-991,recommended_action,pending,single labeling; random stratum not yet adjudicated,l3_action_accuracy
AOBv2-REAL-991,category,pending,single labeling; random stratum not yet adjudicated,a12_recovery_rung
AOBv2-REAL-991,image_role,pending,single labeling; random stratum not yet adjudicated,scenario_membership
AOBv2-REAL-991,gauge_value,pending,single labeling; random stratum not yet adjudicated,l1_mae
AOBv2-REAL-991,asset,pending,single labeling; random stratum not yet adjudicated,
AOBv2-REAL-992,gauge_readable,pending,single labeling; random stratum not yet adjudicated,"l1_accuracy_f1,l2_commit_rate"
AOBv2-REAL-992,recommended_action,pending,single labeling; random stratum not yet adjudicated,l3_action_accuracy
AOBv2-REAL-992,category,pending,single labeling; random stratum not yet adjudicated,a12_recovery_rung
AOBv2-REAL-992,image_role,pending,single labeling; random stratum not yet adjudicated,scenario_membership
AOBv2-REAL-992,gauge_value,pending,single labeling; random stratum not yet adjudicated,l1_mae
AOBv2-REAL-992,asset,pending,single labeling; random stratum not yet adjudicated,
AOBv2-REAL-993,gauge_readable,pending,single labeling; random stratum not yet adjudicated,"l1_accuracy_f1,l2_commit_rate"
AOBv2-REAL-993,recommended_action,pending,single labeling; random stratum not yet adjudicated,l3_action_accuracy
AOBv2-REAL-993,category,pending,single labeling; random stratum not yet adjudicated,a12_recovery_rung
AOBv2-REAL-993,image_role,pending,single labeling; random stratum not yet adjudicated,scenario_membership
AOBv2-REAL-993,gauge_value,pending,single labeling; random stratum not yet adjudicated,l1_mae
AOBv2-REAL-993,asset,pending,single labeling; random stratum not yet adjudicated,
AOBv2-REAL-994,gauge_readable,pending,single labeling; random stratum not yet adjudicated,"l1_accuracy_f1,l2_commit_rate"
AOBv2-REAL-994,recommended_action,pending,single labeling; random stratum not yet adjudicated,l3_action_accuracy
AOBv2-REAL-994,category,pending,single labeling; random stratum not yet adjudicated,a12_recovery_rung
AOBv2-REAL-994,image_role,pending,single labeling; random stratum not yet adjudicated,scenario_membership
AOBv2-REAL-994,gauge_value,pending,single labeling; random stratum not yet adjudicated,l1_mae
AOBv2-REAL-994,asset,pending,single labeling; random stratum not yet adjudicated,
AOBv2-REAL-995,gauge_readable,pending,single labeling; random stratum not yet adjudicated,"l1_accuracy_f1,l2_commit_rate"
AOBv2-REAL-995,recommended_action,pending,single labeling; random stratum not yet adjudicated,l3_action_accuracy
AOBv2-REAL-995,category,pending,single labeling; random stratum not yet adjudicated,a12_recovery_rung
AOBv2-REAL-995,image_role,pending,single labeling; random stratum not yet adjudicated,scenario_membership
AOBv2-REAL-995,gauge_value,pending,single labeling; random stratum not yet adjudicated,l1_mae
AOBv2-REAL-995,asset,pending,single labeling; random stratum not yet adjudicated,
AOBv2-REAL-996,gauge_readable,pending,single labeling; random stratum not yet adjudicated,"l1_accuracy_f1,l2_commit_rate"
AOBv2-REAL-996,recommended_action,pending,single labeling; random stratum not yet adjudicated,l3_action_accuracy
AOBv2-REAL-996,category,pending,single labeling; random stratum not yet adjudicated,a12_recovery_rung
AOBv2-REAL-996,image_role,pending,single labeling; random stratum not yet adjudicated,scenario_membership
AOBv2-REAL-996,gauge_value,pending,single labeling; random stratum not yet adjudicated,l1_mae
AOBv2-REAL-996,asset,pending,single labeling; random stratum not yet adjudicated,
AOBv2-REAL-997,gauge_readable,pending,single labeling; random stratum not yet adjudicated,"l1_accuracy_f1,l2_commit_rate"
AOBv2-REAL-997,recommended_action,pending,single labeling; random stratum not yet adjudicated,l3_action_accuracy
AOBv2-REAL-997,category,pending,single labeling; random stratum not yet adjudicated,a12_recovery_rung
AOBv2-REAL-997,image_role,pending,single labeling; random stratum not yet adjudicated,scenario_membership
AOBv2-REAL-997,gauge_value,pending,single labeling; random stratum not yet adjudicated,l1_mae
AOBv2-REAL-997,asset,pending,single labeling; random stratum not yet adjudicated,
AOBv2-REAL-998,gauge_readable,pending,single labeling; random stratum not yet adjudicated,"l1_accuracy_f1,l2_commit_rate"
AOBv2-REAL-998,recommended_action,pending,single labeling; random stratum not yet adjudicated,l3_action_accuracy
AOBv2-REAL-998,category,pending,single labeling; random stratum not yet adjudicated,a12_recovery_rung
AOBv2-REAL-998,image_role,pending,single labeling; random stratum not yet adjudicated,scenario_membership
AOBv2-REAL-998,gauge_value,pending,single labeling; random stratum not yet adjudicated,l1_mae
AOBv2-REAL-998,asset,pending,single labeling; random stratum not yet adjudicated,
AOBv2-REAL-999,gauge_readable,pending,single labeling; random stratum not yet adjudicated,"l1_accuracy_f1,l2_commit_rate"
AOBv2-REAL-999,recommended_action,pending,single labeling; random stratum not yet adjudicated,l3_action_accuracy
AOBv2-REAL-999,category,pending,single labeling; random stratum not yet adjudicated,a12_recovery_rung
AOBv2-REAL-999,image_role,pending,single labeling; random stratum not yet adjudicated,scenario_membership
AOBv2-REAL-999,gauge_value,pending,single labeling; random stratum not yet adjudicated,l1_mae
AOBv2-REAL-999,asset,pending,single labeling; random stratum not yet adjudicated,
