stratum,scenario_id,field,dev_value,full_value,source_file,cached_image,category_full,description,adjudicated_value,adjudicator,rationale
conflict,AOBv2-REAL-001,gauge_value,0.06,0.2,data_detection/images/test/IMG_20220106_104042.jpg,/home/adityapachauri/AssetOpsBench/src/orchestrator/data/pmc_cache/IMG_20220106_104042.jpg,gauge_degradation,"The gauge is clear, unobstructed, and fully readable with no visual challenges for a robot inspector.",,,
conflict,AOBv2-REAL-001,asset,Chemical reactor,Industrial piping system,data_detection/images/test/IMG_20220106_104042.jpg,/home/adityapachauri/AssetOpsBench/src/orchestrator/data/pmc_cache/IMG_20220106_104042.jpg,gauge_degradation,"The gauge is clear, unobstructed, and fully readable with no visual challenges for a robot inspector.",,,
conflict,AOBv2-REAL-001,instrument_status,,,data_detection/images/test/IMG_20220106_104042.jpg,/home/adityapachauri/AssetOpsBench/src/orchestrator/data/pmc_cache/IMG_20220106_104042.jpg,gauge_degradation,"The gauge is clear, unobstructed, and fully readable with no visual challenges for a robot inspector.",,,
conflict,AOBv2-REAL-001,description_accurate,,,data_detection/images/test/IMG_20220106_104042.jpg,/home/adityapachauri/AssetOpsBench/src/orchestrator/data/pmc_cache/IMG_20220106_104042.jpg,gauge_degradation,"The gauge is clear, unobstructed, and fully readable with no visual challenges for a robot inspector.",,,
conflict,AOBv2-REAL-002,gauge_readable,false,true,data_detection/images/test/IMG_20220106_104236.jpg,/home/adityapachauri/AssetOpsBench/src/orchestrator/data/pmc_cache/IMG_20220106_104236.jpg,gauge_degradation,"The gauge is partially covered by what appears to be snow or a white substance, but the needle and primary scale are still visible.",,,
conflict,AOBv2-REAL-002,gauge_value,UNREADABLE,0.38,data_detection/images/test/IMG_20220106_104236.jpg,/home/adityapachauri/AssetOpsBench/src/orchestrator/data/pmc_cache/IMG_20220106_104236.jpg,gauge_degradation,"The gauge is partially covered by what appears to be snow or a white substance, but the needle and primary scale are still visible.",,,
conflict,AOBv2-REAL-002,asset,Chemical plant piping system,Pipeline system,data_detection/images/test/IMG_20220106_104236.jpg,/home/adityapachauri/AssetOpsBench/src/orchestrator/data/pmc_cache/IMG_20220106_104236.jpg,gauge_degradation,"The gauge is partially covered by what appears to be snow or a white substance, but the needle and primary scale are still visible.",,,
conflict,AOBv2-REAL-002,instrument_status,,,data_detection/images/test/IMG_20220106_104236.jpg,/home/adityapachauri/AssetOpsBench/src/orchestrator/data/pmc_cache/IMG_20220106_104236.jpg,gauge_degradation,"The gauge is partially covered by what appears to be snow or a white substance, but the needle and primary scale are still visible.",,,
conflict,AOBv2-REAL-002,description_accurate,,,data_detection/images/test/IMG_20220106_104236.jpg,/home/adityapachauri/AssetOpsBench/src/orchestrator/data/pmc_cache/IMG_20220106_104236.jpg,gauge_degradation,"The gauge is partially covered by what appears to be snow or a white substance, but the needle and primary scale are still visible.",,,
conflict,AOBv2-REAL-003,asset,Chemical plant pipeline,Pipeline system,data_detection/images/test/IMG_20220106_104253.jpg,/home/adityapachauri/AssetOpsBench/src/orchestrator/data/pmc_cache/IMG_20220106_104253.jpg,occlusion,"The gauge is partially obscured by snow accumulation on top of the piping and fittings around it, making a full reading difficult.",,,
conflict,AOBv2-REAL-003,instrument_status,,,data_detection/images/test/IMG_20220106_104253.jpg,/home/adityapachauri/AssetOpsBench/src/orchestrator/data/pmc_cache/IMG_20220106_104253.jpg,occlusion,"The gauge is partially obscured by snow accumulation on top of the piping and fittings around it, making a full reading difficult.",,,
conflict,AOBv2-REAL-003,description_accurate,,,data_detection/images/test/IMG_20220106_104253.jpg,/home/adityapachauri/AssetOpsBench/src/orchestrator/data/pmc_cache/IMG_20220106_104253.jpg,occlusion,"The gauge is partially obscured by snow accumulation on top of the piping and fittings around it, making a full reading difficult.",,,
conflict,AOBv2-REAL-004,recommended_action,CLEAN_GAUGE,ROUTE_UPDATE,data_detection/images/test/IMG_20220106_104256.jpg,/home/adityapachauri/AssetOpsBench/src/orchestrator/data/pmc_cache/IMG_20220106_104256.jpg,scale_interpretation,"The gauge is too small and far to reliably read the graduation marks and the exact value indicated by the needle, though the needle is visible.",,,
conflict,AOBv2-REAL-004,category,gauge_degradation,scale_interpretation,data_detection/images/test/IMG_20220106_104256.jpg,/home/adityapachauri/AssetOpsBench/src/orchestrator/data/pmc_cache/IMG_20220106_104256.jpg,scale_interpretation,"The gauge is too small and far to reliably read the graduation marks and the exact value indicated by the needle, though the needle is visible.",,,
conflict,AOBv2-REAL-004,asset,Compressor,Pipeline system,data_detection/images/test/IMG_20220106_104256.jpg,/home/adityapachauri/AssetOpsBench/src/orchestrator/data/pmc_cache/IMG_20220106_104256.jpg,scale_interpretation,"The gauge is too small and far to reliably read the graduation marks and the exact value indicated by the needle, though the needle is visible.",,,
conflict,AOBv2-REAL-004,instrument_status,,,data_detection/images/test/IMG_20220106_104256.jpg,/home/adityapachauri/AssetOpsBench/src/orchestrator/data/pmc_cache/IMG_20220106_104256.jpg,scale_interpretation,"The gauge is too small and far to reliably read the graduation marks and the exact value indicated by the needle, though the needle is visible.",,,
conflict,AOBv2-REAL-004,description_accurate,,,data_detection/images/test/IMG_20220106_104256.jpg,/home/adityapachauri/AssetOpsBench/src/orchestrator/data/pmc_cache/IMG_20220106_104256.jpg,scale_interpretation,"The gauge is too small and far to reliably read the graduation marks and the exact value indicated by the needle, though the needle is visible.",,,
conflict,AOBv2-REAL-005,gauge_readable,false,true,data_detection/images/test/IMG_20220106_104312.jpg,/home/adityapachauri/AssetOpsBench/src/orchestrator/data/pmc_cache/IMG_20220106_104312.jpg,gauge_degradation,"The gauge's dial face shows significant wear, scratches, and dirt, and the needle itself is partially obscured by degradation on the protective cover, making an accurate reading challenging.",,,
conflict,AOBv2-REAL-005,gauge_value,UNREADABLE,0.4,data_detection/images/test/IMG_20220106_104312.jpg,/home/adityapachauri/AssetOpsBench/src/orchestrator/data/pmc_cache/IMG_20220106_104312.jpg,gauge_degradation,"The gauge's dial face shows significant wear, scratches, and dirt, and the needle itself is partially obscured by degradation on the protective cover, making an accurate reading challenging.",,,
conflict,AOBv2-REAL-005,asset,Chemical plant pipeline,Unknown industrial equipment,data_detection/images/test/IMG_20220106_104312.jpg,/home/adityapachauri/AssetOpsBench/src/orchestrator/data/pmc_cache/IMG_20220106_104312.jpg,gauge_degradation,"The gauge's dial face shows significant wear, scratches, and dirt, and the needle itself is partially obscured by degradation on the protective cover, making an accurate reading challenging.",,,
conflict,AOBv2-REAL-005,instrument_status,,,data_detection/images/test/IMG_20220106_104312.jpg,/home/adityapachauri/AssetOpsBench/src/orchestrator/data/pmc_cache/IMG_20220106_104312.jpg,gauge_degradation,"The gauge's dial face shows significant wear, scratches, and dirt, and the needle itself is partially obscured by degradation on the protective cover, making an accurate reading challenging.",,,
conflict,AOBv2-REAL-005,description_accurate,,,data_detection/images/test/IMG_20220106_104312.jpg,/home/adityapachauri/AssetOpsBench/src/orchestrator/data/pmc_cache/IMG_20220106_104312.jpg,gauge_degradation,"The gauge's dial face shows significant wear, scratches, and dirt, and the needle itself is partially obscured by degradation on the protective cover, making an accurate reading challenging.",,,
conflict,AOBv2-REAL-006,asset,Compressor,Unknown,data_detection/images/test/IMG_20220106_104433.jpg,/home/adityapachauri/AssetOpsBench/src/orchestrator/data/pmc_cache/IMG_20220106_104433.jpg,gauge_degradation,"The gauge face is obscured by corrosion, dirt, and possibly frost or ice, making the markings and needle difficult to read.",,,
conflict,AOBv2-REAL-006,instrument_status,,,data_detection/images/test/IMG_20220106_104433.jpg,/home/adityapachauri/AssetOpsBench/src/orchestrator/data/pmc_cache/IMG_20220106_104433.jpg,gauge_degradation,"The gauge face is obscured by corrosion, dirt, and possibly frost or ice, making the markings and needle difficult to read.",,,
conflict,AOBv2-REAL-006,description_accurate,,,data_detection/images/test/IMG_20220106_104433.jpg,/home/adityapachauri/AssetOpsBench/src/orchestrator/data/pmc_cache/IMG_20220106_104433.jpg,gauge_degradation,"The gauge face is obscured by corrosion, dirt, and possibly frost or ice, making the markings and needle difficult to read.",,,
conflict,AOBv2-REAL-007,asset,Boiler,Storage tank,data_detection/images/test/IMG_20220106_104436.jpg,/home/adityapachauri/AssetOpsBench/src/orchestrator/data/pmc_cache/IMG_20220106_104436.jpg,gauge_degradation,"The gauge face is dirty and partially covered with what appears to be frost or moisture, making the exact reading difficult to discern.",,,
conflict,AOBv2-REAL-007,instrument_status,,,data_detection/images/test/IMG_20220106_104436.jpg,/home/adityapachauri/AssetOpsBench/src/orchestrator/data/pmc_cache/IMG_20220106_104436.jpg,gauge_degradation,"The gauge face is dirty and partially covered with what appears to be frost or moisture, making the exact reading difficult to discern.",,,
conflict,AOBv2-REAL-007,description_accurate,,,data_detection/images/test/IMG_20220106_104436.jpg,/home/adityapachauri/AssetOpsBench/src/orchestrator/data/pmc_cache/IMG_20220106_104436.jpg,gauge_degradation,"The gauge face is dirty and partially covered with what appears to be frost or moisture, making the exact reading difficult to discern.",,,
conflict,AOBv2-REAL-008,asset,Boiler,Storage tanks,data_detection/images/test/IMG_20220106_104447.jpg,/home/adityapachauri/AssetOpsBench/src/orchestrator/data/pmc_cache/IMG_20220106_104447.jpg,occlusion,"A cable is directly draped over the face of the industrial gauge, completely obscuring the dial and preventing any reading.",,,
conflict,AOBv2-REAL-008,instrument_status,,,data_detection/images/test/IMG_20220106_104447.jpg,/home/adityapachauri/AssetOpsBench/src/orchestrator/data/pmc_cache/IMG_20220106_104447.jpg,occlusion,"A cable is directly draped over the face of the industrial gauge, completely obscuring the dial and preventing any reading.",,,
conflict,AOBv2-REAL-008,description_accurate,,,data_detection/images/test/IMG_20220106_104447.jpg,/home/adityapachauri/AssetOpsBench/src/orchestrator/data/pmc_cache/IMG_20220106_104447.jpg,occlusion,"A cable is directly draped over the face of the industrial gauge, completely obscuring the dial and preventing any reading.",,,
conflict,AOBv2-REAL-009,asset,Chemical storage tank,Industrial storage tank,data_detection/images/test/IMG_20220106_104507.jpg,/home/adityapachauri/AssetOpsBench/src/orchestrator/data/pmc_cache/IMG_20220106_104507.jpg,gauge_degradation,"The gauge face is obscured by significant dirt, corrosion, and general degradation, making it difficult to read any values or scale markings.",,,
conflict,AOBv2-REAL-009,instrument_status,,,data_detection/images/test/IMG_20220106_104507.jpg,/home/adityapachauri/AssetOpsBench/src/orchestrator/data/pmc_cache/IMG_20220106_104507.jpg,gauge_degradation,"The gauge face is obscured by significant dirt, corrosion, and general degradation, making it difficult to read any values or scale markings.",,,
conflict,AOBv2-REAL-009,description_accurate,,,data_detection/images/test/IMG_20220106_104507.jpg,/home/adityapachauri/AssetOpsBench/src/orchestrator/data/pmc_cache/IMG_20220106_104507.jpg,gauge_degradation,"The gauge face is obscured by significant dirt, corrosion, and general degradation, making it difficult to read any values or scale markings.",,,
conflict,AOBv2-REAL-010,gauge_readable,false,true,data_detection/images/test/IMG_20220106_104509.jpg,/home/adityapachauri/AssetOpsBench/src/orchestrator/data/pmc_cache/IMG_20220106_104509.jpg,gauge_degradation,A robot inspector would face challenges reading this gauge due to dust and grime accumulation on the dial face and corrosion on the casing.,,,
conflict,AOBv2-REAL-010,gauge_value,UNREADABLE,50,data_detection/images/test/IMG_20220106_104509.jpg,/home/adityapachauri/AssetOpsBench/src/orchestrator/data/pmc_cache/IMG_20220106_104509.jpg,gauge_degradation,A robot inspector would face challenges reading this gauge due to dust and grime accumulation on the dial face and corrosion on the casing.,,,
conflict,AOBv2-REAL-010,asset,Boiler,Industrial processing equipment,data_detection/images/test/IMG_20220106_104509.jpg,/home/adityapachauri/AssetOpsBench/src/orchestrator/data/pmc_cache/IMG_20220106_104509.jpg,gauge_degradation,A robot inspector would face challenges reading this gauge due to dust and grime accumulation on the dial face and corrosion on the casing.,,,
conflict,AOBv2-REAL-010,instrument_status,,,data_detection/images/test/IMG_20220106_104509.jpg,/home/adityapachauri/AssetOpsBench/src/orchestrator/data/pmc_cache/IMG_20220106_104509.jpg,gauge_degradation,A robot inspector would face challenges reading this gauge due to dust and grime accumulation on the dial face and corrosion on the casing.,,,
conflict,AOBv2-REAL-010,description_accurate,,,data_detection/images/test/IMG_20220106_104509.jpg,/home/adityapachauri/AssetOpsBench/src/orchestrator/data/pmc_cache/IMG_20220106_104509.jpg,gauge_degradation,A robot inspector would face challenges reading this gauge due to dust and grime accumulation on the dial face and corrosion on the casing.,,,
conflict,AOBv2-REAL-011,asset,Boiler,Storage tank,data_detection/images/test/IMG_20220106_104557.jpg,/home/adityapachauri/AssetOpsBench/src/orchestrator/data/pmc_cache/IMG_20220106_104557.jpg,occlusion,A robot inspector would face challenges reading this gauge due to a portion of the dial being physically blocked by cables and its own mounting bracket.,,,
conflict,AOBv2-REAL-011,instrument_status,,,data_detection/images/test/IMG_20220106_104557.jpg,/home/adityapachauri/AssetOpsBench/src/orchestrator/data/pmc_cache/IMG_20220106_104557.jpg,occlusion,A robot inspector would face challenges reading this gauge due to a portion of the dial being physically blocked by cables and its own mounting bracket.,,,
conflict,AOBv2-REAL-011,description_accurate,,,data_detection/images/test/IMG_20220106_104557.jpg,/home/adityapachauri/AssetOpsBench/src/orchestrator/data/pmc_cache/IMG_20220106_104557.jpg,occlusion,A robot inspector would face challenges reading this gauge due to a portion of the dial being physically blocked by cables and its own mounting bracket.,,,
conflict,AOBv2-REAL-012,gauge_value,1.5,0.85,data_detection/images/test/IMG_20220106_104844.jpg,/home/adityapachauri/AssetOpsBench/src/orchestrator/data/pmc_cache/IMG_20220106_104844.jpg,gauge_degradation,A robot inspector would be able to clearly read the gauge value as the dial face is clean and the pointer is distinct.,,,
conflict,AOBv2-REAL-012,asset,Boiler,Unknown pressure system,data_detection/images/test/IMG_20220106_104844.jpg,/home/adityapachauri/AssetOpsBench/src/orchestrator/data/pmc_cache/IMG_20220106_104844.jpg,gauge_degradation,A robot inspector would be able to clearly read the gauge value as the dial face is clean and the pointer is distinct.,,,
conflict,AOBv2-REAL-012,instrument_status,,,data_detection/images/test/IMG_20220106_104844.jpg,/home/adityapachauri/AssetOpsBench/src/orchestrator/data/pmc_cache/IMG_20220106_104844.jpg,gauge_degradation,A robot inspector would be able to clearly read the gauge value as the dial face is clean and the pointer is distinct.,,,
conflict,AOBv2-REAL-012,description_accurate,,,data_detection/images/test/IMG_20220106_104844.jpg,/home/adityapachauri/AssetOpsBench/src/orchestrator/data/pmc_cache/IMG_20220106_104844.jpg,gauge_degradation,A robot inspector would be able to clearly read the gauge value as the dial face is clean and the pointer is distinct.,,,
conflict,AOBv2-REAL-013,asset,Boiler,Pipeline system,data_detection/images/test/IMG_20220106_104909_1.jpg,/home/adityapachauri/AssetOpsBench/src/orchestrator/data/pmc_cache/IMG_20220106_104909_1.jpg,gauge_degradation,"The gauge's dial face is partially obscured by significant rust and degradation, making it difficult to discern the full scale and pointer position.",,,
conflict,AOBv2-REAL-013,instrument_status,,,data_detection/images/test/IMG_20220106_104909_1.jpg,/home/adityapachauri/AssetOpsBench/src/orchestrator/data/pmc_cache/IMG_20220106_104909_1.jpg,gauge_degradation,"The gauge's dial face is partially obscured by significant rust and degradation, making it difficult to discern the full scale and pointer position.",,,
conflict,AOBv2-REAL-013,description_accurate,,,data_detection/images/test/IMG_20220106_104909_1.jpg,/home/adityapachauri/AssetOpsBench/src/orchestrator/data/pmc_cache/IMG_20220106_104909_1.jpg,gauge_degradation,"The gauge's dial face is partially obscured by significant rust and degradation, making it difficult to discern the full scale and pointer position.",,,
conflict,AOBv2-REAL-014,gauge_value,85,90,data_detection/images/test/IMG_20220106_105051.jpg,/home/adityapachauri/AssetOpsBench/src/orchestrator/data/pmc_cache/IMG_20220106_105051.jpg,gauge_degradation,"The gauge is clean and unobstructed, with clear markings and a visible needle, allowing for a precise reading.",,,
conflict,AOBv2-REAL-014,instrument_status,,,data_detection/images/test/IMG_20220106_105051.jpg,/home/adityapachauri/AssetOpsBench/src/orchestrator/data/pmc_cache/IMG_20220106_105051.jpg,gauge_degradation,"The gauge is clean and unobstructed, with clear markings and a visible needle, allowing for a precise reading.",,,
conflict,AOBv2-REAL-014,description_accurate,,,data_detection/images/test/IMG_20220106_105051.jpg,/home/adityapachauri/AssetOpsBench/src/orchestrator/data/pmc_cache/IMG_20220106_105051.jpg,gauge_degradation,"The gauge is clean and unobstructed, with clear markings and a visible needle, allowing for a precise reading.",,,
conflict,AOBv2-REAL-015,instrument_status,,,data_detection/images/test/IMG_20220106_105111.jpg,/home/adityapachauri/AssetOpsBench/src/orchestrator/data/pmc_cache/IMG_20220106_105111.jpg,scale_interpretation,"The gauge is too far away and appears to be slightly out of focus, making it difficult to read the exact graduation marks and the needle's position with certainty.",,,
conflict,AOBv2-REAL-015,description_accurate,,,data_detection/images/test/IMG_20220106_105111.jpg,/home/adityapachauri/AssetOpsBench/src/orchestrator/data/pmc_cache/IMG_20220106_105111.jpg,scale_interpretation,"The gauge is too far away and appears to be slightly out of focus, making it difficult to read the exact graduation marks and the needle's position with certainty.",,,
conflict,AOBv2-REAL-016,instrument_status,,,data_detection/images/test/IMG_20220106_105132.jpg,/home/adityapachauri/AssetOpsBench/src/orchestrator/data/pmc_cache/IMG_20220106_105132.jpg,gauge_degradation,"A robot inspector would face challenges reading this gauge due to what appears to be dirt or dust accumulation on the dial face and the glass cover, making the numbers and needle less clear.",,,
conflict,AOBv2-REAL-016,description_accurate,,,data_detection/images/test/IMG_20220106_105132.jpg,/home/adityapachauri/AssetOpsBench/src/orchestrator/data/pmc_cache/IMG_20220106_105132.jpg,gauge_degradation,"A robot inspector would face challenges reading this gauge due to what appears to be dirt or dust accumulation on the dial face and the glass cover, making the numbers and needle less clear.",,,
conflict,AOBv2-REAL-017,gauge_value,0.8,0.4,data_detection/images/test/IMG_20220106_105238.jpg,,gauge_degradation,A robot inspector would have no visual challenges reading this gauge as it is clean and well-lit.,,,
conflict,AOBv2-REAL-017,asset,Compressor,Boiler,data_detection/images/test/IMG_20220106_105238.jpg,,gauge_degradation,A robot inspector would have no visual challenges reading this gauge as it is clean and well-lit.,,,
conflict,AOBv2-REAL-017,instrument_status,,,data_detection/images/test/IMG_20220106_105238.jpg,,gauge_degradation,A robot inspector would have no visual challenges reading this gauge as it is clean and well-lit.,,,
conflict,AOBv2-REAL-017,description_accurate,,,data_detection/images/test/IMG_20220106_105238.jpg,,gauge_degradation,A robot inspector would have no visual challenges reading this gauge as it is clean and well-lit.,,,
conflict,AOBv2-REAL-018,gauge_readable,true,false,data_detection/images/test/IMG_20220106_105244.jpg,/home/adityapachauri/AssetOpsBench/src/orchestrator/data/pmc_cache/IMG_20220106_105244.jpg,gauge_degradation,A robot inspector would face a challenge reading this gauge due to the '停用证' (decommissioning certificate) label partially covering the dial face and obscuring some of the numerical markings.,,,
conflict,AOBv2-REAL-018,image_role,reference,query,data_detection/images/test/IMG_20220106_105244.jpg,/home/adityapachauri/AssetOpsBench/src/orchestrator/data/pmc_cache/IMG_20220106_105244.jpg,gauge_degradation,A robot inspector would face a challenge reading this gauge due to the '停用证' (decommissioning certificate) label partially covering the dial face and obscuring some of the numerical markings.,,,
conflict,AOBv2-REAL-018,gauge_value,48,UNREADABLE,data_detection/images/test/IMG_20220106_105244.jpg,/home/adityapachauri/AssetOpsBench/src/orchestrator/data/pmc_cache/IMG_20220106_105244.jpg,gauge_degradation,A robot inspector would face a challenge reading this gauge due to the '停用证' (decommissioning certificate) label partially covering the dial face and obscuring some of the numerical markings.,,,
conflict,AOBv2-REAL-018,asset,Compressor,Industrial pump,data_detection/images/test/IMG_20220106_105244.jpg,/home/adityapachauri/AssetOpsBench/src/orchestrator/data/pmc_cache/IMG_20220106_105244.jpg,gauge_degradation,A robot inspector would face a challenge reading this gauge due to the '停用证' (decommissioning certificate) label partially covering the dial face and obscuring some of the numerical markings.,,,
conflict,AOBv2-REAL-018,instrument_status,,,data_detection/images/test/IMG_20220106_105244.jpg,/home/adityapachauri/AssetOpsBench/src/orchestrator/data/pmc_cache/IMG_20220106_105244.jpg,gauge_degradation,A robot inspector would face a challenge reading this gauge due to the '停用证' (decommissioning certificate) label partially covering the dial face and obscuring some of the numerical markings.,,,
conflict,AOBv2-REAL-018,description_accurate,,,data_detection/images/test/IMG_20220106_105244.jpg,/home/adityapachauri/AssetOpsBench/src/orchestrator/data/pmc_cache/IMG_20220106_105244.jpg,gauge_degradation,A robot inspector would face a challenge reading this gauge due to the '停用证' (decommissioning certificate) label partially covering the dial face and obscuring some of the numerical markings.,,,
conflict,AOBv2-REAL-019,gauge_readable,true,false,data_detection/images/test/IMG_20220106_105256.jpg,/home/adityapachauri/AssetOpsBench/src/orchestrator/data/pmc_cache/IMG_20220106_105256.jpg,scale_interpretation,"A robot inspector would face the challenge of reading the exact graduation marks due to the small size of the gauge and the distance, making precise interpretation difficult.",,,
conflict,AOBv2-REAL-019,recommended_action,CLEAN_GAUGE,ROUTE_UPDATE,data_detection/images/test/IMG_20220106_105256.jpg,/home/adityapachauri/AssetOpsBench/src/orchestrator/data/pmc_cache/IMG_20220106_105256.jpg,scale_interpretation,"A robot inspector would face the challenge of reading the exact graduation marks due to the small size of the gauge and the distance, making precise interpretation difficult.",,,
conflict,AOBv2-REAL-019,category,gauge_degradation,scale_interpretation,data_detection/images/test/IMG_20220106_105256.jpg,/home/adityapachauri/AssetOpsBench/src/orchestrator/data/pmc_cache/IMG_20220106_105256.jpg,scale_interpretation,"A robot inspector would face the challenge of reading the exact graduation marks due to the small size of the gauge and the distance, making precise interpretation difficult.",,,
conflict,AOBv2-REAL-019,image_role,reference,query,data_detection/images/test/IMG_20220106_105256.jpg,/home/adityapachauri/AssetOpsBench/src/orchestrator/data/pmc_cache/IMG_20220106_105256.jpg,scale_interpretation,"A robot inspector would face the challenge of reading the exact graduation marks due to the small size of the gauge and the distance, making precise interpretation difficult.",,,
conflict,AOBv2-REAL-019,gauge_value,0,UNREADABLE,data_detection/images/test/IMG_20220106_105256.jpg,/home/adityapachauri/AssetOpsBench/src/orchestrator/data/pmc_cache/IMG_20220106_105256.jpg,scale_interpretation,"A robot inspector would face the challenge of reading the exact graduation marks due to the small size of the gauge and the distance, making precise interpretation difficult.",,,
conflict,AOBv2-REAL-019,instrument_status,,,data_detection/images/test/IMG_20220106_105256.jpg,/home/adityapachauri/AssetOpsBench/src/orchestrator/data/pmc_cache/IMG_20220106_105256.jpg,scale_interpretation,"A robot inspector would face the challenge of reading the exact graduation marks due to the small size of the gauge and the distance, making precise interpretation difficult.",,,
conflict,AOBv2-REAL-019,description_accurate,,,data_detection/images/test/IMG_20220106_105256.jpg,/home/adityapachauri/AssetOpsBench/src/orchestrator/data/pmc_cache/IMG_20220106_105256.jpg,scale_interpretation,"A robot inspector would face the challenge of reading the exact graduation marks due to the small size of the gauge and the distance, making precise interpretation difficult.",,,
conflict,AOBv2-REAL-020,gauge_value,2,0,data_detection/images/test/IMG_20220106_105335.jpg,,gauge_degradation,"The gauge is clear, unobstructed, and well-lit, presenting no visual challenges for a robot inspector.",,,
conflict,AOBv2-REAL-020,instrument_status,,,data_detection/images/test/IMG_20220106_105335.jpg,,gauge_degradation,"The gauge is clear, unobstructed, and well-lit, presenting no visual challenges for a robot inspector.",,,
conflict,AOBv2-REAL-020,description_accurate,,,data_detection/images/test/IMG_20220106_105335.jpg,,gauge_degradation,"The gauge is clear, unobstructed, and well-lit, presenting no visual challenges for a robot inspector.",,,
random,AOBv2-REAL-083,gauge_readable,,false,data_detection/images/test/IMG_20220106_131130.jpg,,scale_interpretation,"The gauge is too small and far to accurately read the exact graduation marks and the pointer position, making precise interpretation difficult for an automated system.",,,
random,AOBv2-REAL-083,recommended_action,,ROUTE_UPDATE,data_detection/images/test/IMG_20220106_131130.jpg,,scale_interpretation,"The gauge is too small and far to accurately read the exact graduation marks and the pointer position, making precise interpretation difficult for an automated system.",,,
random,AOBv2-REAL-083,category,,scale_interpretation,data_detection/images/test/IMG_20220106_131130.jpg,,scale_interpretation,"The gauge is too small and far to accurately read the exact graduation marks and the pointer position, making precise interpretation difficult for an automated system.",,,
random,AOBv2-REAL-083,image_role,,query,data_detection/images/test/IMG_20220106_131130.jpg,,scale_interpretation,"The gauge is too small and far to accurately read the exact graduation marks and the pointer position, making precise interpretation difficult for an automated system.",,,
random,AOBv2-REAL-083,gauge_value,,UNREADABLE,data_detection/images/test/IMG_20220106_131130.jpg,,scale_interpretation,"The gauge is too small and far to accurately read the exact graduation marks and the pointer position, making precise interpretation difficult for an automated system.",,,
random,AOBv2-REAL-083,asset,,Control valve,data_detection/images/test/IMG_20220106_131130.jpg,,scale_interpretation,"The gauge is too small and far to accurately read the exact graduation marks and the pointer position, making precise interpretation difficult for an automated system.",,,
random,AOBv2-REAL-083,instrument_status,,,data_detection/images/test/IMG_20220106_131130.jpg,,scale_interpretation,"The gauge is too small and far to accurately read the exact graduation marks and the pointer position, making precise interpretation difficult for an automated system.",,,
random,AOBv2-REAL-083,description_accurate,,,data_detection/images/test/IMG_20220106_131130.jpg,,scale_interpretation,"The gauge is too small and far to accurately read the exact graduation marks and the pointer position, making precise interpretation difficult for an automated system.",,,
random,AOBv2-REAL-1005,gauge_readable,,true,data_detection/images/train/IMG_20220106_143254.jpg,,gauge_degradation,"The gauge's protective cover is corroded, and there is snow or ice partially obscuring the lower part of the dial, making the minimum range difficult to discern fully.",,,
random,AOBv2-REAL-1005,recommended_action,,CLEAN_GAUGE,data_detection/images/train/IMG_20220106_143254.jpg,,gauge_degradation,"The gauge's protective cover is corroded, and there is snow or ice partially obscuring the lower part of the dial, making the minimum range difficult to discern fully.",,,
random,AOBv2-REAL-1005,category,,gauge_degradation,data_detection/images/train/IMG_20220106_143254.jpg,,gauge_degradation,"The gauge's protective cover is corroded, and there is snow or ice partially obscuring the lower part of the dial, making the minimum range difficult to discern fully.",,,
random,AOBv2-REAL-1005,image_role,,query,data_detection/images/train/IMG_20220106_143254.jpg,,gauge_degradation,"The gauge's protective cover is corroded, and there is snow or ice partially obscuring the lower part of the dial, making the minimum range difficult to discern fully.",,,
random,AOBv2-REAL-1005,gauge_value,,400,data_detection/images/train/IMG_20220106_143254.jpg,,gauge_degradation,"The gauge's protective cover is corroded, and there is snow or ice partially obscuring the lower part of the dial, making the minimum range difficult to discern fully.",,,
random,AOBv2-REAL-1005,asset,,Pipeline system,data_detection/images/train/IMG_20220106_143254.jpg,,gauge_degradation,"The gauge's protective cover is corroded, and there is snow or ice partially obscuring the lower part of the dial, making the minimum range difficult to discern fully.",,,
random,AOBv2-REAL-1005,instrument_status,,,data_detection/images/train/IMG_20220106_143254.jpg,,gauge_degradation,"The gauge's protective cover is corroded, and there is snow or ice partially obscuring the lower part of the dial, making the minimum range difficult to discern fully.",,,
random,AOBv2-REAL-1005,description_accurate,,,data_detection/images/train/IMG_20220106_143254.jpg,,gauge_degradation,"The gauge's protective cover is corroded, and there is snow or ice partially obscuring the lower part of the dial, making the minimum range difficult to discern fully.",,,
random,AOBv2-REAL-1018,gauge_readable,,false,data_detection/images/train/IMG_20220106_143551.jpg,,gauge_degradation,"The gauge's dial is somewhat obscured by dirt or wear, and the lighting conditions combined with the angle make the specific graduation marks difficult to discern clearly.",,,
random,AOBv2-REAL-1018,recommended_action,,CLEAN_GAUGE,data_detection/images/train/IMG_20220106_143551.jpg,,gauge_degradation,"The gauge's dial is somewhat obscured by dirt or wear, and the lighting conditions combined with the angle make the specific graduation marks difficult to discern clearly.",,,
random,AOBv2-REAL-1018,category,,gauge_degradation,data_detection/images/train/IMG_20220106_143551.jpg,,gauge_degradation,"The gauge's dial is somewhat obscured by dirt or wear, and the lighting conditions combined with the angle make the specific graduation marks difficult to discern clearly.",,,
random,AOBv2-REAL-1018,image_role,,query,data_detection/images/train/IMG_20220106_143551.jpg,,gauge_degradation,"The gauge's dial is somewhat obscured by dirt or wear, and the lighting conditions combined with the angle make the specific graduation marks difficult to discern clearly.",,,
random,AOBv2-REAL-1018,gauge_value,,UNREADABLE,data_detection/images/train/IMG_20220106_143551.jpg,,gauge_degradation,"The gauge's dial is somewhat obscured by dirt or wear, and the lighting conditions combined with the angle make the specific graduation marks difficult to discern clearly.",,,
random,AOBv2-REAL-1018,asset,,Unknown,data_detection/images/train/IMG_20220106_143551.jpg,,gauge_degradation,"The gauge's dial is somewhat obscured by dirt or wear, and the lighting conditions combined with the angle make the specific graduation marks difficult to discern clearly.",,,
random,AOBv2-REAL-1018,instrument_status,,,data_detection/images/train/IMG_20220106_143551.jpg,,gauge_degradation,"The gauge's dial is somewhat obscured by dirt or wear, and the lighting conditions combined with the angle make the specific graduation marks difficult to discern clearly.",,,
random,AOBv2-REAL-1018,description_accurate,,,data_detection/images/train/IMG_20220106_143551.jpg,,gauge_degradation,"The gauge's dial is somewhat obscured by dirt or wear, and the lighting conditions combined with the angle make the specific graduation marks difficult to discern clearly.",,,
random,AOBv2-REAL-1039,gauge_readable,,false,data_detection/images/train/IMG_20220106_143728.jpg,,scale_interpretation,"The gauge is too far away and partially obscured by the structural elements and rust, making it difficult to read the exact value on the dial.",,,
random,AOBv2-REAL-1039,recommended_action,,ROUTE_UPDATE,data_detection/images/train/IMG_20220106_143728.jpg,,scale_interpretation,"The gauge is too far away and partially obscured by the structural elements and rust, making it difficult to read the exact value on the dial.",,,
random,AOBv2-REAL-1039,category,,scale_interpretation,data_detection/images/train/IMG_20220106_143728.jpg,,scale_interpretation,"The gauge is too far away and partially obscured by the structural elements and rust, making it difficult to read the exact value on the dial.",,,
random,AOBv2-REAL-1039,image_role,,query,data_detection/images/train/IMG_20220106_143728.jpg,,scale_interpretation,"The gauge is too far away and partially obscured by the structural elements and rust, making it difficult to read the exact value on the dial.",,,
random,AOBv2-REAL-1039,gauge_value,,UNREADABLE,data_detection/images/train/IMG_20220106_143728.jpg,,scale_interpretation,"The gauge is too far away and partially obscured by the structural elements and rust, making it difficult to read the exact value on the dial.",,,
random,AOBv2-REAL-1039,asset,,Unknown (part of a pipe system),data_detection/images/train/IMG_20220106_143728.jpg,,scale_interpretation,"The gauge is too far away and partially obscured by the structural elements and rust, making it difficult to read the exact value on the dial.",,,
random,AOBv2-REAL-1039,instrument_status,,,data_detection/images/train/IMG_20220106_143728.jpg,,scale_interpretation,"The gauge is too far away and partially obscured by the structural elements and rust, making it difficult to read the exact value on the dial.",,,
random,AOBv2-REAL-1039,description_accurate,,,data_detection/images/train/IMG_20220106_143728.jpg,,scale_interpretation,"The gauge is too far away and partially obscured by the structural elements and rust, making it difficult to read the exact value on the dial.",,,
random,AOBv2-REAL-1041,gauge_readable,,true,data_detection/images/train/IMG_20220106_143749.jpg,,gauge_degradation,"A robot inspector would face challenges reading this gauge due to the overall dim lighting, slight blurring of the dial face, and some degradation of the surrounding equipment.",,,
random,AOBv2-REAL-1041,recommended_action,,CLEAN_GAUGE,data_detection/images/train/IMG_20220106_143749.jpg,,gauge_degradation,"A robot inspector would face challenges reading this gauge due to the overall dim lighting, slight blurring of the dial face, and some degradation of the surrounding equipment.",,,
random,AOBv2-REAL-1041,category,,gauge_degradation,data_detection/images/train/IMG_20220106_143749.jpg,,gauge_degradation,"A robot inspector would face challenges reading this gauge due to the overall dim lighting, slight blurring of the dial face, and some degradation of the surrounding equipment.",,,
random,AOBv2-REAL-1041,image_role,,query,data_detection/images/train/IMG_20220106_143749.jpg,,gauge_degradation,"A robot inspector would face challenges reading this gauge due to the overall dim lighting, slight blurring of the dial face, and some degradation of the surrounding equipment.",,,
random,AOBv2-REAL-1041,gauge_value,,30,data_detection/images/train/IMG_20220106_143749.jpg,,gauge_degradation,"A robot inspector would face challenges reading this gauge due to the overall dim lighting, slight blurring of the dial face, and some degradation of the surrounding equipment.",,,
random,AOBv2-REAL-1041,asset,,Unknown industrial equipment,data_detection/images/train/IMG_20220106_143749.jpg,,gauge_degradation,"A robot inspector would face challenges reading this gauge due to the overall dim lighting, slight blurring of the dial face, and some degradation of the surrounding equipment.",,,
random,AOBv2-REAL-1041,instrument_status,,,data_detection/images/train/IMG_20220106_143749.jpg,,gauge_degradation,"A robot inspector would face challenges reading this gauge due to the overall dim lighting, slight blurring of the dial face, and some degradation of the surrounding equipment.",,,
random,AOBv2-REAL-1041,description_accurate,,,data_detection/images/train/IMG_20220106_143749.jpg,,gauge_degradation,"A robot inspector would face challenges reading this gauge due to the overall dim lighting, slight blurring of the dial face, and some degradation of the surrounding equipment.",,,
random,AOBv2-REAL-1075,gauge_readable,,false,data_detection/images/train/IMG_20220106_144101.jpg,,gauge_degradation,"The gauges are obscured by dirt and corrosion on the dial faces, making it difficult to read the values accurately.",,,
random,AOBv2-REAL-1075,recommended_action,,CLEAN_GAUGE,data_detection/images/train/IMG_20220106_144101.jpg,,gauge_degradation,"The gauges are obscured by dirt and corrosion on the dial faces, making it difficult to read the values accurately.",,,
random,AOBv2-REAL-1075,category,,gauge_degradation,data_detection/images/train/IMG_20220106_144101.jpg,,gauge_degradation,"The gauges are obscured by dirt and corrosion on the dial faces, making it difficult to read the values accurately.",,,
random,AOBv2-REAL-1075,image_role,,query,data_detection/images/train/IMG_20220106_144101.jpg,,gauge_degradation,"The gauges are obscured by dirt and corrosion on the dial faces, making it difficult to read the values accurately.",,,
random,AOBv2-REAL-1075,gauge_value,,UNREADABLE,data_detection/images/train/IMG_20220106_144101.jpg,,gauge_degradation,"The gauges are obscured by dirt and corrosion on the dial faces, making it difficult to read the values accurately.",,,
random,AOBv2-REAL-1075,asset,,Piping system,data_detection/images/train/IMG_20220106_144101.jpg,,gauge_degradation,"The gauges are obscured by dirt and corrosion on the dial faces, making it difficult to read the values accurately.",,,
random,AOBv2-REAL-1075,instrument_status,,,data_detection/images/train/IMG_20220106_144101.jpg,,gauge_degradation,"The gauges are obscured by dirt and corrosion on the dial faces, making it difficult to read the values accurately.",,,
random,AOBv2-REAL-1075,description_accurate,,,data_detection/images/train/IMG_20220106_144101.jpg,,gauge_degradation,"The gauges are obscured by dirt and corrosion on the dial faces, making it difficult to read the values accurately.",,,
random,AOBv2-REAL-1094,gauge_readable,,false,data_detection/images/train/IMG_20220106_144354.jpg,,gauge_degradation,"A robot inspector would face challenges reading this gauge due to general degradation and weathering of the entire setup, including corrosion and paint peeling on the surrounding equipment.",,,
random,AOBv2-REAL-1094,recommended_action,,CLEAN_GAUGE,data_detection/images/train/IMG_20220106_144354.jpg,,gauge_degradation,"A robot inspector would face challenges reading this gauge due to general degradation and weathering of the entire setup, including corrosion and paint peeling on the surrounding equipment.",,,
random,AOBv2-REAL-1094,category,,gauge_degradation,data_detection/images/train/IMG_20220106_144354.jpg,,gauge_degradation,"A robot inspector would face challenges reading this gauge due to general degradation and weathering of the entire setup, including corrosion and paint peeling on the surrounding equipment.",,,
random,AOBv2-REAL-1094,image_role,,query,data_detection/images/train/IMG_20220106_144354.jpg,,gauge_degradation,"A robot inspector would face challenges reading this gauge due to general degradation and weathering of the entire setup, including corrosion and paint peeling on the surrounding equipment.",,,
random,AOBv2-REAL-1094,gauge_value,,UNREADABLE,data_detection/images/train/IMG_20220106_144354.jpg,,gauge_degradation,"A robot inspector would face challenges reading this gauge due to general degradation and weathering of the entire setup, including corrosion and paint peeling on the surrounding equipment.",,,
random,AOBv2-REAL-1094,asset,,Unknown,data_detection/images/train/IMG_20220106_144354.jpg,,gauge_degradation,"A robot inspector would face challenges reading this gauge due to general degradation and weathering of the entire setup, including corrosion and paint peeling on the surrounding equipment.",,,
random,AOBv2-REAL-1094,instrument_status,,,data_detection/images/train/IMG_20220106_144354.jpg,,gauge_degradation,"A robot inspector would face challenges reading this gauge due to general degradation and weathering of the entire setup, including corrosion and paint peeling on the surrounding equipment.",,,
random,AOBv2-REAL-1094,description_accurate,,,data_detection/images/train/IMG_20220106_144354.jpg,,gauge_degradation,"A robot inspector would face challenges reading this gauge due to general degradation and weathering of the entire setup, including corrosion and paint peeling on the surrounding equipment.",,,
random,AOBv2-REAL-1113,gauge_readable,,false,data_detection/images/train/IMG_20220106_144557.jpg,,scale_interpretation,"A robot inspector would face a visual challenge reading this gauge because it is too far away and small, making the graduation marks on the dial unreadable.",,,
random,AOBv2-REAL-1113,recommended_action,,ROUTE_UPDATE,data_detection/images/train/IMG_20220106_144557.jpg,,scale_interpretation,"A robot inspector would face a visual challenge reading this gauge because it is too far away and small, making the graduation marks on the dial unreadable.",,,
random,AOBv2-REAL-1113,category,,scale_interpretation,data_detection/images/train/IMG_20220106_144557.jpg,,scale_interpretation,"A robot inspector would face a visual challenge reading this gauge because it is too far away and small, making the graduation marks on the dial unreadable.",,,
random,AOBv2-REAL-1113,image_role,,query,data_detection/images/train/IMG_20220106_144557.jpg,,scale_interpretation,"A robot inspector would face a visual challenge reading this gauge because it is too far away and small, making the graduation marks on the dial unreadable.",,,
random,AOBv2-REAL-1113,gauge_value,,UNREADABLE,data_detection/images/train/IMG_20220106_144557.jpg,,scale_interpretation,"A robot inspector would face a visual challenge reading this gauge because it is too far away and small, making the graduation marks on the dial unreadable.",,,
random,AOBv2-REAL-1113,asset,,Piping system,data_detection/images/train/IMG_20220106_144557.jpg,,scale_interpretation,"A robot inspector would face a visual challenge reading this gauge because it is too far away and small, making the graduation marks on the dial unreadable.",,,
random,AOBv2-REAL-1113,instrument_status,,,data_detection/images/train/IMG_20220106_144557.jpg,,scale_interpretation,"A robot inspector would face a visual challenge reading this gauge because it is too far away and small, making the graduation marks on the dial unreadable.",,,
random,AOBv2-REAL-1113,description_accurate,,,data_detection/images/train/IMG_20220106_144557.jpg,,scale_interpretation,"A robot inspector would face a visual challenge reading this gauge because it is too far away and small, making the graduation marks on the dial unreadable.",,,
random,AOBv2-REAL-112,gauge_readable,,false,data_detection/images/test/IMG_20220106_135249.jpg,,gauge_degradation,"The gauges are partially obscured by significant dust and grime accumulation on their faces and protective covers, making the fine graduation marks difficult to discern clearly.",,,
random,AOBv2-REAL-112,recommended_action,,CLEAN_GAUGE,data_detection/images/test/IMG_20220106_135249.jpg,,gauge_degradation,"The gauges are partially obscured by significant dust and grime accumulation on their faces and protective covers, making the fine graduation marks difficult to discern clearly.",,,
random,AOBv2-REAL-112,category,,gauge_degradation,data_detection/images/test/IMG_20220106_135249.jpg,,gauge_degradation,"The gauges are partially obscured by significant dust and grime accumulation on their faces and protective covers, making the fine graduation marks difficult to discern clearly.",,,
random,AOBv2-REAL-112,image_role,,query,data_detection/images/test/IMG_20220106_135249.jpg,,gauge_degradation,"The gauges are partially obscured by significant dust and grime accumulation on their faces and protective covers, making the fine graduation marks difficult to discern clearly.",,,
random,AOBv2-REAL-112,gauge_value,,UNREADABLE,data_detection/images/test/IMG_20220106_135249.jpg,,gauge_degradation,"The gauges are partially obscured by significant dust and grime accumulation on their faces and protective covers, making the fine graduation marks difficult to discern clearly.",,,
random,AOBv2-REAL-112,asset,,Air compressor system,data_detection/images/test/IMG_20220106_135249.jpg,,gauge_degradation,"The gauges are partially obscured by significant dust and grime accumulation on their faces and protective covers, making the fine graduation marks difficult to discern clearly.",,,
random,AOBv2-REAL-112,instrument_status,,,data_detection/images/test/IMG_20220106_135249.jpg,,gauge_degradation,"The gauges are partially obscured by significant dust and grime accumulation on their faces and protective covers, making the fine graduation marks difficult to discern clearly.",,,
random,AOBv2-REAL-112,description_accurate,,,data_detection/images/test/IMG_20220106_135249.jpg,,gauge_degradation,"The gauges are partially obscured by significant dust and grime accumulation on their faces and protective covers, making the fine graduation marks difficult to discern clearly.",,,
random,AOBv2-REAL-1181,gauge_readable,,false,data_detection/images/train/IMG_20220106_145404.jpg,,scale_interpretation,"The gauge is too far away and dimly lit, making it difficult to discern the exact reading and scale markings.",,,
random,AOBv2-REAL-1181,recommended_action,,ROUTE_UPDATE,data_detection/images/train/IMG_20220106_145404.jpg,,scale_interpretation,"The gauge is too far away and dimly lit, making it difficult to discern the exact reading and scale markings.",,,
random,AOBv2-REAL-1181,category,,scale_interpretation,data_detection/images/train/IMG_20220106_145404.jpg,,scale_interpretation,"The gauge is too far away and dimly lit, making it difficult to discern the exact reading and scale markings.",,,
random,AOBv2-REAL-1181,image_role,,query,data_detection/images/train/IMG_20220106_145404.jpg,,scale_interpretation,"The gauge is too far away and dimly lit, making it difficult to discern the exact reading and scale markings.",,,
random,AOBv2-REAL-1181,gauge_value,,UNREADABLE,data_detection/images/train/IMG_20220106_145404.jpg,,scale_interpretation,"The gauge is too far away and dimly lit, making it difficult to discern the exact reading and scale markings.",,,
random,AOBv2-REAL-1181,asset,,Pressure vessel,data_detection/images/train/IMG_20220106_145404.jpg,,scale_interpretation,"The gauge is too far away and dimly lit, making it difficult to discern the exact reading and scale markings.",,,
random,AOBv2-REAL-1181,instrument_status,,,data_detection/images/train/IMG_20220106_145404.jpg,,scale_interpretation,"The gauge is too far away and dimly lit, making it difficult to discern the exact reading and scale markings.",,,
random,AOBv2-REAL-1181,description_accurate,,,data_detection/images/train/IMG_20220106_145404.jpg,,scale_interpretation,"The gauge is too far away and dimly lit, making it difficult to discern the exact reading and scale markings.",,,
random,AOBv2-REAL-1269,gauge_readable,,false,data_detection/images/train/IMG_20220106_150801.jpg,,occlusion,A robot inspector would face difficulty reading this gauge due to shadows and partial occlusion of the lower part of the dial by a metallic ring or structure.,,,
random,AOBv2-REAL-1269,recommended_action,,ROUTE_UPDATE,data_detection/images/train/IMG_20220106_150801.jpg,,occlusion,A robot inspector would face difficulty reading this gauge due to shadows and partial occlusion of the lower part of the dial by a metallic ring or structure.,,,
random,AOBv2-REAL-1269,category,,occlusion,data_detection/images/train/IMG_20220106_150801.jpg,,occlusion,A robot inspector would face difficulty reading this gauge due to shadows and partial occlusion of the lower part of the dial by a metallic ring or structure.,,,
random,AOBv2-REAL-1269,image_role,,query,data_detection/images/train/IMG_20220106_150801.jpg,,occlusion,A robot inspector would face difficulty reading this gauge due to shadows and partial occlusion of the lower part of the dial by a metallic ring or structure.,,,
random,AOBv2-REAL-1269,gauge_value,,UNREADABLE,data_detection/images/train/IMG_20220106_150801.jpg,,occlusion,A robot inspector would face difficulty reading this gauge due to shadows and partial occlusion of the lower part of the dial by a metallic ring or structure.,,,
random,AOBv2-REAL-1269,asset,,Pipeline/Process System,data_detection/images/train/IMG_20220106_150801.jpg,,occlusion,A robot inspector would face difficulty reading this gauge due to shadows and partial occlusion of the lower part of the dial by a metallic ring or structure.,,,
random,AOBv2-REAL-1269,instrument_status,,,data_detection/images/train/IMG_20220106_150801.jpg,,occlusion,A robot inspector would face difficulty reading this gauge due to shadows and partial occlusion of the lower part of the dial by a metallic ring or structure.,,,
random,AOBv2-REAL-1269,description_accurate,,,data_detection/images/train/IMG_20220106_150801.jpg,,occlusion,A robot inspector would face difficulty reading this gauge due to shadows and partial occlusion of the lower part of the dial by a metallic ring or structure.,,,
random,AOBv2-REAL-163,gauge_readable,,true,data_detection/images/test/IMG_20220106_141823.jpg,,gauge_degradation,"The gauge face is dirty, making the minor tick marks and the units slightly obscured, potentially leading to misinterpretation of the exact value.",,,
random,AOBv2-REAL-163,recommended_action,,CLEAN_GAUGE,data_detection/images/test/IMG_20220106_141823.jpg,,gauge_degradation,"The gauge face is dirty, making the minor tick marks and the units slightly obscured, potentially leading to misinterpretation of the exact value.",,,
random,AOBv2-REAL-163,category,,gauge_degradation,data_detection/images/test/IMG_20220106_141823.jpg,,gauge_degradation,"The gauge face is dirty, making the minor tick marks and the units slightly obscured, potentially leading to misinterpretation of the exact value.",,,
random,AOBv2-REAL-163,image_role,,query,data_detection/images/test/IMG_20220106_141823.jpg,,gauge_degradation,"The gauge face is dirty, making the minor tick marks and the units slightly obscured, potentially leading to misinterpretation of the exact value.",,,
random,AOBv2-REAL-163,gauge_value,,1.5,data_detection/images/test/IMG_20220106_141823.jpg,,gauge_degradation,"The gauge face is dirty, making the minor tick marks and the units slightly obscured, potentially leading to misinterpretation of the exact value.",,,
random,AOBv2-REAL-163,asset,,Unknown industrial equipment,data_detection/images/test/IMG_20220106_141823.jpg,,gauge_degradation,"The gauge face is dirty, making the minor tick marks and the units slightly obscured, potentially leading to misinterpretation of the exact value.",,,
random,AOBv2-REAL-163,instrument_status,,,data_detection/images/test/IMG_20220106_141823.jpg,,gauge_degradation,"The gauge face is dirty, making the minor tick marks and the units slightly obscured, potentially leading to misinterpretation of the exact value.",,,
random,AOBv2-REAL-163,description_accurate,,,data_detection/images/test/IMG_20220106_141823.jpg,,gauge_degradation,"The gauge face is dirty, making the minor tick marks and the units slightly obscured, potentially leading to misinterpretation of the exact value.",,,
random,AOBv2-REAL-171,gauge_readable,,true,data_detection/images/test/IMG_20220106_142137.jpg,,gauge_degradation,"A robot inspector would face challenges due to significant rust and corrosion on the gauge housing and mounting, as well as dust and debris on the dial, although the needle is still clearly visible.",,,
random,AOBv2-REAL-171,recommended_action,,CLEAN_GAUGE,data_detection/images/test/IMG_20220106_142137.jpg,,gauge_degradation,"A robot inspector would face challenges due to significant rust and corrosion on the gauge housing and mounting, as well as dust and debris on the dial, although the needle is still clearly visible.",,,
random,AOBv2-REAL-171,category,,gauge_degradation,data_detection/images/test/IMG_20220106_142137.jpg,,gauge_degradation,"A robot inspector would face challenges due to significant rust and corrosion on the gauge housing and mounting, as well as dust and debris on the dial, although the needle is still clearly visible.",,,
random,AOBv2-REAL-171,image_role,,query,data_detection/images/test/IMG_20220106_142137.jpg,,gauge_degradation,"A robot inspector would face challenges due to significant rust and corrosion on the gauge housing and mounting, as well as dust and debris on the dial, although the needle is still clearly visible.",,,
random,AOBv2-REAL-171,gauge_value,,0.7,data_detection/images/test/IMG_20220106_142137.jpg,,gauge_degradation,"A robot inspector would face challenges due to significant rust and corrosion on the gauge housing and mounting, as well as dust and debris on the dial, although the needle is still clearly visible.",,,
random,AOBv2-REAL-171,asset,,Hydraulic system,data_detection/images/test/IMG_20220106_142137.jpg,,gauge_degradation,"A robot inspector would face challenges due to significant rust and corrosion on the gauge housing and mounting, as well as dust and debris on the dial, although the needle is still clearly visible.",,,
random,AOBv2-REAL-171,instrument_status,,,data_detection/images/test/IMG_20220106_142137.jpg,,gauge_degradation,"A robot inspector would face challenges due to significant rust and corrosion on the gauge housing and mounting, as well as dust and debris on the dial, although the needle is still clearly visible.",,,
random,AOBv2-REAL-171,description_accurate,,,data_detection/images/test/IMG_20220106_142137.jpg,,gauge_degradation,"A robot inspector would face challenges due to significant rust and corrosion on the gauge housing and mounting, as well as dust and debris on the dial, although the needle is still clearly visible.",,,
random,AOBv2-REAL-188,gauge_readable,,false,data_detection/images/test/IMG_20220106_142946.jpg,,gauge_degradation,"The gauge face is degraded and corroded, making it difficult for a robot inspector to accurately read the values.",,,
random,AOBv2-REAL-188,recommended_action,,CLEAN_GAUGE,data_detection/images/test/IMG_20220106_142946.jpg,,gauge_degradation,"The gauge face is degraded and corroded, making it difficult for a robot inspector to accurately read the values.",,,
random,AOBv2-REAL-188,category,,gauge_degradation,data_detection/images/test/IMG_20220106_142946.jpg,,gauge_degradation,"The gauge face is degraded and corroded, making it difficult for a robot inspector to accurately read the values.",,,
random,AOBv2-REAL-188,image_role,,query,data_detection/images/test/IMG_20220106_142946.jpg,,gauge_degradation,"The gauge face is degraded and corroded, making it difficult for a robot inspector to accurately read the values.",,,
random,AOBv2-REAL-188,gauge_value,,UNREADABLE,data_detection/images/test/IMG_20220106_142946.jpg,,gauge_degradation,"The gauge face is degraded and corroded, making it difficult for a robot inspector to accurately read the values.",,,
random,AOBv2-REAL-188,asset,,Piping system,data_detection/images/test/IMG_20220106_142946.jpg,,gauge_degradation,"The gauge face is degraded and corroded, making it difficult for a robot inspector to accurately read the values.",,,
random,AOBv2-REAL-188,instrument_status,,,data_detection/images/test/IMG_20220106_142946.jpg,,gauge_degradation,"The gauge face is degraded and corroded, making it difficult for a robot inspector to accurately read the values.",,,
random,AOBv2-REAL-188,description_accurate,,,data_detection/images/test/IMG_20220106_142946.jpg,,gauge_degradation,"The gauge face is degraded and corroded, making it difficult for a robot inspector to accurately read the values.",,,
random,AOBv2-REAL-194,gauge_readable,,true,data_detection/images/test/IMG_20220106_143700.jpg,,gauge_degradation,"The gauge face and surrounding structure show significant corrosion and degradation, but the needle and primary scale are still discernible.",,,
random,AOBv2-REAL-194,recommended_action,,CLEAN_GAUGE,data_detection/images/test/IMG_20220106_143700.jpg,,gauge_degradation,"The gauge face and surrounding structure show significant corrosion and degradation, but the needle and primary scale are still discernible.",,,
random,AOBv2-REAL-194,category,,gauge_degradation,data_detection/images/test/IMG_20220106_143700.jpg,,gauge_degradation,"The gauge face and surrounding structure show significant corrosion and degradation, but the needle and primary scale are still discernible.",,,
random,AOBv2-REAL-194,image_role,,query,data_detection/images/test/IMG_20220106_143700.jpg,,gauge_degradation,"The gauge face and surrounding structure show significant corrosion and degradation, but the needle and primary scale are still discernible.",,,
random,AOBv2-REAL-194,gauge_value,,0.7,data_detection/images/test/IMG_20220106_143700.jpg,,gauge_degradation,"The gauge face and surrounding structure show significant corrosion and degradation, but the needle and primary scale are still discernible.",,,
random,AOBv2-REAL-194,asset,,Pressure system,data_detection/images/test/IMG_20220106_143700.jpg,,gauge_degradation,"The gauge face and surrounding structure show significant corrosion and degradation, but the needle and primary scale are still discernible.",,,
random,AOBv2-REAL-194,instrument_status,,,data_detection/images/test/IMG_20220106_143700.jpg,,gauge_degradation,"The gauge face and surrounding structure show significant corrosion and degradation, but the needle and primary scale are still discernible.",,,
random,AOBv2-REAL-194,description_accurate,,,data_detection/images/test/IMG_20220106_143700.jpg,,gauge_degradation,"The gauge face and surrounding structure show significant corrosion and degradation, but the needle and primary scale are still discernible.",,,
random,AOBv2-REAL-197,gauge_readable,,false,data_detection/images/test/IMG_20220106_143750.jpg,,gauge_degradation,"A robot inspector would face challenges due to significant dust accumulation on the gauge's protective cover and inside the dial, as well as corrosion on the surrounding metalwork, obscuring a clear v",,,
random,AOBv2-REAL-197,recommended_action,,CLEAN_GAUGE,data_detection/images/test/IMG_20220106_143750.jpg,,gauge_degradation,"A robot inspector would face challenges due to significant dust accumulation on the gauge's protective cover and inside the dial, as well as corrosion on the surrounding metalwork, obscuring a clear v",,,
random,AOBv2-REAL-197,category,,gauge_degradation,data_detection/images/test/IMG_20220106_143750.jpg,,gauge_degradation,"A robot inspector would face challenges due to significant dust accumulation on the gauge's protective cover and inside the dial, as well as corrosion on the surrounding metalwork, obscuring a clear v",,,
random,AOBv2-REAL-197,image_role,,query,data_detection/images/test/IMG_20220106_143750.jpg,,gauge_degradation,"A robot inspector would face challenges due to significant dust accumulation on the gauge's protective cover and inside the dial, as well as corrosion on the surrounding metalwork, obscuring a clear v",,,
random,AOBv2-REAL-197,gauge_value,,UNREADABLE,data_detection/images/test/IMG_20220106_143750.jpg,,gauge_degradation,"A robot inspector would face challenges due to significant dust accumulation on the gauge's protective cover and inside the dial, as well as corrosion on the surrounding metalwork, obscuring a clear v",,,
random,AOBv2-REAL-197,asset,,Pressure transmitter,data_detection/images/test/IMG_20220106_143750.jpg,,gauge_degradation,"A robot inspector would face challenges due to significant dust accumulation on the gauge's protective cover and inside the dial, as well as corrosion on the surrounding metalwork, obscuring a clear v",,,
random,AOBv2-REAL-197,instrument_status,,,data_detection/images/test/IMG_20220106_143750.jpg,,gauge_degradation,"A robot inspector would face challenges due to significant dust accumulation on the gauge's protective cover and inside the dial, as well as corrosion on the surrounding metalwork, obscuring a clear v",,,
random,AOBv2-REAL-197,description_accurate,,,data_detection/images/test/IMG_20220106_143750.jpg,,gauge_degradation,"A robot inspector would face challenges due to significant dust accumulation on the gauge's protective cover and inside the dial, as well as corrosion on the surrounding metalwork, obscuring a clear v",,,
random,AOBv2-REAL-209,gauge_readable,,true,data_detection/images/test/IMG_20220106_144334.jpg,,gauge_degradation,"The gauge face is partially obscured by accumulated dirt or grime, and there is significant paint degradation and corrosion on the large red component next to it, indicating a harsh industrial environ",,,
random,AOBv2-REAL-209,recommended_action,,CLEAN_GAUGE,data_detection/images/test/IMG_20220106_144334.jpg,,gauge_degradation,"The gauge face is partially obscured by accumulated dirt or grime, and there is significant paint degradation and corrosion on the large red component next to it, indicating a harsh industrial environ",,,
random,AOBv2-REAL-209,category,,gauge_degradation,data_detection/images/test/IMG_20220106_144334.jpg,,gauge_degradation,"The gauge face is partially obscured by accumulated dirt or grime, and there is significant paint degradation and corrosion on the large red component next to it, indicating a harsh industrial environ",,,
random,AOBv2-REAL-209,image_role,,query,data_detection/images/test/IMG_20220106_144334.jpg,,gauge_degradation,"The gauge face is partially obscured by accumulated dirt or grime, and there is significant paint degradation and corrosion on the large red component next to it, indicating a harsh industrial environ",,,
random,AOBv2-REAL-209,gauge_value,,0.1,data_detection/images/test/IMG_20220106_144334.jpg,,gauge_degradation,"The gauge face is partially obscured by accumulated dirt or grime, and there is significant paint degradation and corrosion on the large red component next to it, indicating a harsh industrial environ",,,
random,AOBv2-REAL-209,asset,,Pipeline system,data_detection/images/test/IMG_20220106_144334.jpg,,gauge_degradation,"The gauge face is partially obscured by accumulated dirt or grime, and there is significant paint degradation and corrosion on the large red component next to it, indicating a harsh industrial environ",,,
random,AOBv2-REAL-209,instrument_status,,,data_detection/images/test/IMG_20220106_144334.jpg,,gauge_degradation,"The gauge face is partially obscured by accumulated dirt or grime, and there is significant paint degradation and corrosion on the large red component next to it, indicating a harsh industrial environ",,,
random,AOBv2-REAL-209,description_accurate,,,data_detection/images/test/IMG_20220106_144334.jpg,,gauge_degradation,"The gauge face is partially obscured by accumulated dirt or grime, and there is significant paint degradation and corrosion on the large red component next to it, indicating a harsh industrial environ",,,
random,AOBv2-REAL-239,gauge_readable,,true,data_detection/images/test/IMG_20220106_145659.jpg,,gauge_degradation,A robot inspector would face challenges reading this gauge due to paint chipping and corrosion on the gauge housing and general degradation of the dial face.,,,
random,AOBv2-REAL-239,recommended_action,,CLEAN_GAUGE,data_detection/images/test/IMG_20220106_145659.jpg,,gauge_degradation,A robot inspector would face challenges reading this gauge due to paint chipping and corrosion on the gauge housing and general degradation of the dial face.,,,
random,AOBv2-REAL-239,category,,gauge_degradation,data_detection/images/test/IMG_20220106_145659.jpg,,gauge_degradation,A robot inspector would face challenges reading this gauge due to paint chipping and corrosion on the gauge housing and general degradation of the dial face.,,,
random,AOBv2-REAL-239,image_role,,query,data_detection/images/test/IMG_20220106_145659.jpg,,gauge_degradation,A robot inspector would face challenges reading this gauge due to paint chipping and corrosion on the gauge housing and general degradation of the dial face.,,,
random,AOBv2-REAL-239,gauge_value,,30,data_detection/images/test/IMG_20220106_145659.jpg,,gauge_degradation,A robot inspector would face challenges reading this gauge due to paint chipping and corrosion on the gauge housing and general degradation of the dial face.,,,
random,AOBv2-REAL-239,asset,,Industrial Process Line,data_detection/images/test/IMG_20220106_145659.jpg,,gauge_degradation,A robot inspector would face challenges reading this gauge due to paint chipping and corrosion on the gauge housing and general degradation of the dial face.,,,
random,AOBv2-REAL-239,instrument_status,,,data_detection/images/test/IMG_20220106_145659.jpg,,gauge_degradation,A robot inspector would face challenges reading this gauge due to paint chipping and corrosion on the gauge housing and general degradation of the dial face.,,,
random,AOBv2-REAL-239,description_accurate,,,data_detection/images/test/IMG_20220106_145659.jpg,,gauge_degradation,A robot inspector would face challenges reading this gauge due to paint chipping and corrosion on the gauge housing and general degradation of the dial face.,,,
random,AOBv2-REAL-250,gauge_readable,,false,data_detection/images/test/IMG_20220106_150602.jpg,,scale_interpretation,"A robot inspector would struggle to accurately read the gauge due to its small size and the distance from which it is viewed, making the specific graduation marks and the pointer's exact position diff",,,
random,AOBv2-REAL-250,recommended_action,,ROUTE_UPDATE,data_detection/images/test/IMG_20220106_150602.jpg,,scale_interpretation,"A robot inspector would struggle to accurately read the gauge due to its small size and the distance from which it is viewed, making the specific graduation marks and the pointer's exact position diff",,,
random,AOBv2-REAL-250,category,,scale_interpretation,data_detection/images/test/IMG_20220106_150602.jpg,,scale_interpretation,"A robot inspector would struggle to accurately read the gauge due to its small size and the distance from which it is viewed, making the specific graduation marks and the pointer's exact position diff",,,
random,AOBv2-REAL-250,image_role,,query,data_detection/images/test/IMG_20220106_150602.jpg,,scale_interpretation,"A robot inspector would struggle to accurately read the gauge due to its small size and the distance from which it is viewed, making the specific graduation marks and the pointer's exact position diff",,,
random,AOBv2-REAL-250,gauge_value,,UNREADABLE,data_detection/images/test/IMG_20220106_150602.jpg,,scale_interpretation,"A robot inspector would struggle to accurately read the gauge due to its small size and the distance from which it is viewed, making the specific graduation marks and the pointer's exact position diff",,,
random,AOBv2-REAL-250,asset,,Boiler,data_detection/images/test/IMG_20220106_150602.jpg,,scale_interpretation,"A robot inspector would struggle to accurately read the gauge due to its small size and the distance from which it is viewed, making the specific graduation marks and the pointer's exact position diff",,,
random,AOBv2-REAL-250,instrument_status,,,data_detection/images/test/IMG_20220106_150602.jpg,,scale_interpretation,"A robot inspector would struggle to accurately read the gauge due to its small size and the distance from which it is viewed, making the specific graduation marks and the pointer's exact position diff",,,
random,AOBv2-REAL-250,description_accurate,,,data_detection/images/test/IMG_20220106_150602.jpg,,scale_interpretation,"A robot inspector would struggle to accurately read the gauge due to its small size and the distance from which it is viewed, making the specific graduation marks and the pointer's exact position diff",,,
random,AOBv2-REAL-257,gauge_readable,,false,data_detection/images/test/IMG_20220106_150914.jpg,,scale_interpretation,"The gauge is too small and far away to reliably read the graduation marks and the exact position of the needle, especially for the lower gauge.",,,
random,AOBv2-REAL-257,recommended_action,,ROUTE_UPDATE,data_detection/images/test/IMG_20220106_150914.jpg,,scale_interpretation,"The gauge is too small and far away to reliably read the graduation marks and the exact position of the needle, especially for the lower gauge.",,,
random,AOBv2-REAL-257,category,,scale_interpretation,data_detection/images/test/IMG_20220106_150914.jpg,,scale_interpretation,"The gauge is too small and far away to reliably read the graduation marks and the exact position of the needle, especially for the lower gauge.",,,
random,AOBv2-REAL-257,image_role,,query,data_detection/images/test/IMG_20220106_150914.jpg,,scale_interpretation,"The gauge is too small and far away to reliably read the graduation marks and the exact position of the needle, especially for the lower gauge.",,,
random,AOBv2-REAL-257,gauge_value,,UNREADABLE,data_detection/images/test/IMG_20220106_150914.jpg,,scale_interpretation,"The gauge is too small and far away to reliably read the graduation marks and the exact position of the needle, especially for the lower gauge.",,,
random,AOBv2-REAL-257,asset,,Compressor,data_detection/images/test/IMG_20220106_150914.jpg,,scale_interpretation,"The gauge is too small and far away to reliably read the graduation marks and the exact position of the needle, especially for the lower gauge.",,,
random,AOBv2-REAL-257,instrument_status,,,data_detection/images/test/IMG_20220106_150914.jpg,,scale_interpretation,"The gauge is too small and far away to reliably read the graduation marks and the exact position of the needle, especially for the lower gauge.",,,
random,AOBv2-REAL-257,description_accurate,,,data_detection/images/test/IMG_20220106_150914.jpg,,scale_interpretation,"The gauge is too small and far away to reliably read the graduation marks and the exact position of the needle, especially for the lower gauge.",,,
random,AOBv2-REAL-263,gauge_readable,,true,data_detection/images/train/14.jpg,,gauge_degradation,A robot inspector would face a challenge reading this gauge due to moisture or condensation on the digital display making the numbers partially obscured and blurry.,,,
random,AOBv2-REAL-263,recommended_action,,CLEAN_GAUGE,data_detection/images/train/14.jpg,,gauge_degradation,A robot inspector would face a challenge reading this gauge due to moisture or condensation on the digital display making the numbers partially obscured and blurry.,,,
random,AOBv2-REAL-263,category,,gauge_degradation,data_detection/images/train/14.jpg,,gauge_degradation,A robot inspector would face a challenge reading this gauge due to moisture or condensation on the digital display making the numbers partially obscured and blurry.,,,
random,AOBv2-REAL-263,image_role,,query,data_detection/images/train/14.jpg,,gauge_degradation,A robot inspector would face a challenge reading this gauge due to moisture or condensation on the digital display making the numbers partially obscured and blurry.,,,
random,AOBv2-REAL-263,gauge_value,,138,data_detection/images/train/14.jpg,,gauge_degradation,A robot inspector would face a challenge reading this gauge due to moisture or condensation on the digital display making the numbers partially obscured and blurry.,,,
random,AOBv2-REAL-263,asset,,Pipeline,data_detection/images/train/14.jpg,,gauge_degradation,A robot inspector would face a challenge reading this gauge due to moisture or condensation on the digital display making the numbers partially obscured and blurry.,,,
random,AOBv2-REAL-263,instrument_status,,,data_detection/images/train/14.jpg,,gauge_degradation,A robot inspector would face a challenge reading this gauge due to moisture or condensation on the digital display making the numbers partially obscured and blurry.,,,
random,AOBv2-REAL-263,description_accurate,,,data_detection/images/train/14.jpg,,gauge_degradation,A robot inspector would face a challenge reading this gauge due to moisture or condensation on the digital display making the numbers partially obscured and blurry.,,,
random,AOBv2-REAL-275,gauge_readable,,false,data_detection/images/train/IMG_20220106_104027.jpg,,gauge_degradation,"The gauge face is partially obscured by snow and ice, making it difficult to read the full scale and specific value.",,,
random,AOBv2-REAL-275,recommended_action,,CLEAN_GAUGE,data_detection/images/train/IMG_20220106_104027.jpg,,gauge_degradation,"The gauge face is partially obscured by snow and ice, making it difficult to read the full scale and specific value.",,,
random,AOBv2-REAL-275,category,,gauge_degradation,data_detection/images/train/IMG_20220106_104027.jpg,,gauge_degradation,"The gauge face is partially obscured by snow and ice, making it difficult to read the full scale and specific value.",,,
random,AOBv2-REAL-275,image_role,,query,data_detection/images/train/IMG_20220106_104027.jpg,,gauge_degradation,"The gauge face is partially obscured by snow and ice, making it difficult to read the full scale and specific value.",,,
random,AOBv2-REAL-275,gauge_value,,UNREADABLE,data_detection/images/train/IMG_20220106_104027.jpg,,gauge_degradation,"The gauge face is partially obscured by snow and ice, making it difficult to read the full scale and specific value.",,,
random,AOBv2-REAL-275,asset,,Unknown industrial process system,data_detection/images/train/IMG_20220106_104027.jpg,,gauge_degradation,"The gauge face is partially obscured by snow and ice, making it difficult to read the full scale and specific value.",,,
random,AOBv2-REAL-275,instrument_status,,,data_detection/images/train/IMG_20220106_104027.jpg,,gauge_degradation,"The gauge face is partially obscured by snow and ice, making it difficult to read the full scale and specific value.",,,
random,AOBv2-REAL-275,description_accurate,,,data_detection/images/train/IMG_20220106_104027.jpg,,gauge_degradation,"The gauge face is partially obscured by snow and ice, making it difficult to read the full scale and specific value.",,,
random,AOBv2-REAL-296,gauge_readable,,false,data_detection/images/train/IMG_20220106_104251.jpg,,occlusion,"The gauge is partially obscured by snow accumulation at the bottom, making it difficult to read the full range and potentially the value if the needle were in that area.",,,
random,AOBv2-REAL-296,recommended_action,,ROUTE_UPDATE,data_detection/images/train/IMG_20220106_104251.jpg,,occlusion,"The gauge is partially obscured by snow accumulation at the bottom, making it difficult to read the full range and potentially the value if the needle were in that area.",,,
random,AOBv2-REAL-296,category,,occlusion,data_detection/images/train/IMG_20220106_104251.jpg,,occlusion,"The gauge is partially obscured by snow accumulation at the bottom, making it difficult to read the full range and potentially the value if the needle were in that area.",,,
random,AOBv2-REAL-296,image_role,,query,data_detection/images/train/IMG_20220106_104251.jpg,,occlusion,"The gauge is partially obscured by snow accumulation at the bottom, making it difficult to read the full range and potentially the value if the needle were in that area.",,,
random,AOBv2-REAL-296,gauge_value,,UNREADABLE,data_detection/images/train/IMG_20220106_104251.jpg,,occlusion,"The gauge is partially obscured by snow accumulation at the bottom, making it difficult to read the full range and potentially the value if the needle were in that area.",,,
random,AOBv2-REAL-296,asset,,Pipeline system,data_detection/images/train/IMG_20220106_104251.jpg,,occlusion,"The gauge is partially obscured by snow accumulation at the bottom, making it difficult to read the full range and potentially the value if the needle were in that area.",,,
random,AOBv2-REAL-296,instrument_status,,,data_detection/images/train/IMG_20220106_104251.jpg,,occlusion,"The gauge is partially obscured by snow accumulation at the bottom, making it difficult to read the full range and potentially the value if the needle were in that area.",,,
random,AOBv2-REAL-296,description_accurate,,,data_detection/images/train/IMG_20220106_104251.jpg,,occlusion,"The gauge is partially obscured by snow accumulation at the bottom, making it difficult to read the full range and potentially the value if the needle were in that area.",,,
random,AOBv2-REAL-298,gauge_readable,,false,data_detection/images/train/IMG_20220106_104258.jpg,,gauge_degradation,"The gauge's dial face is partially obscured by what appears to be frost or snow accumulation, making it difficult to read the exact values.",,,
random,AOBv2-REAL-298,recommended_action,,CLEAN_GAUGE,data_detection/images/train/IMG_20220106_104258.jpg,,gauge_degradation,"The gauge's dial face is partially obscured by what appears to be frost or snow accumulation, making it difficult to read the exact values.",,,
random,AOBv2-REAL-298,category,,gauge_degradation,data_detection/images/train/IMG_20220106_104258.jpg,,gauge_degradation,"The gauge's dial face is partially obscured by what appears to be frost or snow accumulation, making it difficult to read the exact values.",,,
random,AOBv2-REAL-298,image_role,,query,data_detection/images/train/IMG_20220106_104258.jpg,,gauge_degradation,"The gauge's dial face is partially obscured by what appears to be frost or snow accumulation, making it difficult to read the exact values.",,,
random,AOBv2-REAL-298,gauge_value,,UNREADABLE,data_detection/images/train/IMG_20220106_104258.jpg,,gauge_degradation,"The gauge's dial face is partially obscured by what appears to be frost or snow accumulation, making it difficult to read the exact values.",,,
random,AOBv2-REAL-298,asset,,Pipeline system,data_detection/images/train/IMG_20220106_104258.jpg,,gauge_degradation,"The gauge's dial face is partially obscured by what appears to be frost or snow accumulation, making it difficult to read the exact values.",,,
random,AOBv2-REAL-298,instrument_status,,,data_detection/images/train/IMG_20220106_104258.jpg,,gauge_degradation,"The gauge's dial face is partially obscured by what appears to be frost or snow accumulation, making it difficult to read the exact values.",,,
random,AOBv2-REAL-298,description_accurate,,,data_detection/images/train/IMG_20220106_104258.jpg,,gauge_degradation,"The gauge's dial face is partially obscured by what appears to be frost or snow accumulation, making it difficult to read the exact values.",,,
random,AOBv2-REAL-395,gauge_readable,,false,data_detection/images/train/IMG_20220106_105634_1.jpg,,scale_interpretation,The gauges are too far away and too small to reliably read the graduation marks and the exact values indicated by the needles.,,,
random,AOBv2-REAL-395,recommended_action,,ROUTE_UPDATE,data_detection/images/train/IMG_20220106_105634_1.jpg,,scale_interpretation,The gauges are too far away and too small to reliably read the graduation marks and the exact values indicated by the needles.,,,
random,AOBv2-REAL-395,category,,scale_interpretation,data_detection/images/train/IMG_20220106_105634_1.jpg,,scale_interpretation,The gauges are too far away and too small to reliably read the graduation marks and the exact values indicated by the needles.,,,
random,AOBv2-REAL-395,image_role,,query,data_detection/images/train/IMG_20220106_105634_1.jpg,,scale_interpretation,The gauges are too far away and too small to reliably read the graduation marks and the exact values indicated by the needles.,,,
random,AOBv2-REAL-395,gauge_value,,UNREADABLE,data_detection/images/train/IMG_20220106_105634_1.jpg,,scale_interpretation,The gauges are too far away and too small to reliably read the graduation marks and the exact values indicated by the needles.,,,
random,AOBv2-REAL-395,asset,,Hydraulic system,data_detection/images/train/IMG_20220106_105634_1.jpg,,scale_interpretation,The gauges are too far away and too small to reliably read the graduation marks and the exact values indicated by the needles.,,,
random,AOBv2-REAL-395,instrument_status,,,data_detection/images/train/IMG_20220106_105634_1.jpg,,scale_interpretation,The gauges are too far away and too small to reliably read the graduation marks and the exact values indicated by the needles.,,,
random,AOBv2-REAL-395,description_accurate,,,data_detection/images/train/IMG_20220106_105634_1.jpg,,scale_interpretation,The gauges are too far away and too small to reliably read the graduation marks and the exact values indicated by the needles.,,,
random,AOBv2-REAL-435,gauge_readable,,false,data_detection/images/train/IMG_20220106_110001.jpg,,scale_interpretation,The gauge is too far and too small in the image to reliably read the graduation marks and determine the exact value.,,,
random,AOBv2-REAL-435,recommended_action,,ROUTE_UPDATE,data_detection/images/train/IMG_20220106_110001.jpg,,scale_interpretation,The gauge is too far and too small in the image to reliably read the graduation marks and determine the exact value.,,,
random,AOBv2-REAL-435,category,,scale_interpretation,data_detection/images/train/IMG_20220106_110001.jpg,,scale_interpretation,The gauge is too far and too small in the image to reliably read the graduation marks and determine the exact value.,,,
random,AOBv2-REAL-435,image_role,,query,data_detection/images/train/IMG_20220106_110001.jpg,,scale_interpretation,The gauge is too far and too small in the image to reliably read the graduation marks and determine the exact value.,,,
random,AOBv2-REAL-435,gauge_value,,UNREADABLE,data_detection/images/train/IMG_20220106_110001.jpg,,scale_interpretation,The gauge is too far and too small in the image to reliably read the graduation marks and determine the exact value.,,,
random,AOBv2-REAL-435,asset,,Compressor,data_detection/images/train/IMG_20220106_110001.jpg,,scale_interpretation,The gauge is too far and too small in the image to reliably read the graduation marks and determine the exact value.,,,
random,AOBv2-REAL-435,instrument_status,,,data_detection/images/train/IMG_20220106_110001.jpg,,scale_interpretation,The gauge is too far and too small in the image to reliably read the graduation marks and determine the exact value.,,,
random,AOBv2-REAL-435,description_accurate,,,data_detection/images/train/IMG_20220106_110001.jpg,,scale_interpretation,The gauge is too far and too small in the image to reliably read the graduation marks and determine the exact value.,,,
random,AOBv2-REAL-440,gauge_readable,,false,data_detection/images/train/IMG_20220106_110111.jpg,,gauge_degradation,"The gauge face is partially obscured by grime and deterioration, making the exact reading difficult to discern.",,,
random,AOBv2-REAL-440,recommended_action,,CLEAN_GAUGE,data_detection/images/train/IMG_20220106_110111.jpg,,gauge_degradation,"The gauge face is partially obscured by grime and deterioration, making the exact reading difficult to discern.",,,
random,AOBv2-REAL-440,category,,gauge_degradation,data_detection/images/train/IMG_20220106_110111.jpg,,gauge_degradation,"The gauge face is partially obscured by grime and deterioration, making the exact reading difficult to discern.",,,
random,AOBv2-REAL-440,image_role,,query,data_detection/images/train/IMG_20220106_110111.jpg,,gauge_degradation,"The gauge face is partially obscured by grime and deterioration, making the exact reading difficult to discern.",,,
random,AOBv2-REAL-440,gauge_value,,UNREADABLE,data_detection/images/train/IMG_20220106_110111.jpg,,gauge_degradation,"The gauge face is partially obscured by grime and deterioration, making the exact reading difficult to discern.",,,
random,AOBv2-REAL-440,asset,,Compressor,data_detection/images/train/IMG_20220106_110111.jpg,,gauge_degradation,"The gauge face is partially obscured by grime and deterioration, making the exact reading difficult to discern.",,,
random,AOBv2-REAL-440,instrument_status,,,data_detection/images/train/IMG_20220106_110111.jpg,,gauge_degradation,"The gauge face is partially obscured by grime and deterioration, making the exact reading difficult to discern.",,,
random,AOBv2-REAL-440,description_accurate,,,data_detection/images/train/IMG_20220106_110111.jpg,,gauge_degradation,"The gauge face is partially obscured by grime and deterioration, making the exact reading difficult to discern.",,,
random,AOBv2-REAL-441,gauge_readable,,false,data_detection/images/train/IMG_20220106_110119.jpg,,gauge_degradation,"The gauge's glass cover appears to have some moisture or condensation, making the numbers and needle slightly blurry and difficult to read for a robot inspector.",,,
random,AOBv2-REAL-441,recommended_action,,CLEAN_GAUGE,data_detection/images/train/IMG_20220106_110119.jpg,,gauge_degradation,"The gauge's glass cover appears to have some moisture or condensation, making the numbers and needle slightly blurry and difficult to read for a robot inspector.",,,
random,AOBv2-REAL-441,category,,gauge_degradation,data_detection/images/train/IMG_20220106_110119.jpg,,gauge_degradation,"The gauge's glass cover appears to have some moisture or condensation, making the numbers and needle slightly blurry and difficult to read for a robot inspector.",,,
random,AOBv2-REAL-441,image_role,,query,data_detection/images/train/IMG_20220106_110119.jpg,,gauge_degradation,"The gauge's glass cover appears to have some moisture or condensation, making the numbers and needle slightly blurry and difficult to read for a robot inspector.",,,
random,AOBv2-REAL-441,gauge_value,,UNREADABLE,data_detection/images/train/IMG_20220106_110119.jpg,,gauge_degradation,"The gauge's glass cover appears to have some moisture or condensation, making the numbers and needle slightly blurry and difficult to read for a robot inspector.",,,
random,AOBv2-REAL-441,asset,,Compressor,data_detection/images/train/IMG_20220106_110119.jpg,,gauge_degradation,"The gauge's glass cover appears to have some moisture or condensation, making the numbers and needle slightly blurry and difficult to read for a robot inspector.",,,
random,AOBv2-REAL-441,instrument_status,,,data_detection/images/train/IMG_20220106_110119.jpg,,gauge_degradation,"The gauge's glass cover appears to have some moisture or condensation, making the numbers and needle slightly blurry and difficult to read for a robot inspector.",,,
random,AOBv2-REAL-441,description_accurate,,,data_detection/images/train/IMG_20220106_110119.jpg,,gauge_degradation,"The gauge's glass cover appears to have some moisture or condensation, making the numbers and needle slightly blurry and difficult to read for a robot inspector.",,,
random,AOBv2-REAL-454,gauge_readable,,true,data_detection/images/train/IMG_20220106_110242.jpg,,gauge_degradation,A robot inspector would face challenges reading the gauge due to dirt or discoloration on the lower part of the dial and a small amount of glare.,,,
random,AOBv2-REAL-454,recommended_action,,CLEAN_GAUGE,data_detection/images/train/IMG_20220106_110242.jpg,,gauge_degradation,A robot inspector would face challenges reading the gauge due to dirt or discoloration on the lower part of the dial and a small amount of glare.,,,
random,AOBv2-REAL-454,category,,gauge_degradation,data_detection/images/train/IMG_20220106_110242.jpg,,gauge_degradation,A robot inspector would face challenges reading the gauge due to dirt or discoloration on the lower part of the dial and a small amount of glare.,,,
random,AOBv2-REAL-454,image_role,,query,data_detection/images/train/IMG_20220106_110242.jpg,,gauge_degradation,A robot inspector would face challenges reading the gauge due to dirt or discoloration on the lower part of the dial and a small amount of glare.,,,
random,AOBv2-REAL-454,gauge_value,,0.3,data_detection/images/train/IMG_20220106_110242.jpg,,gauge_degradation,A robot inspector would face challenges reading the gauge due to dirt or discoloration on the lower part of the dial and a small amount of glare.,,,
random,AOBv2-REAL-454,asset,,Industrial piping system,data_detection/images/train/IMG_20220106_110242.jpg,,gauge_degradation,A robot inspector would face challenges reading the gauge due to dirt or discoloration on the lower part of the dial and a small amount of glare.,,,
random,AOBv2-REAL-454,instrument_status,,,data_detection/images/train/IMG_20220106_110242.jpg,,gauge_degradation,A robot inspector would face challenges reading the gauge due to dirt or discoloration on the lower part of the dial and a small amount of glare.,,,
random,AOBv2-REAL-454,description_accurate,,,data_detection/images/train/IMG_20220106_110242.jpg,,gauge_degradation,A robot inspector would face challenges reading the gauge due to dirt or discoloration on the lower part of the dial and a small amount of glare.,,,
random,AOBv2-REAL-484,gauge_readable,,true,data_detection/images/train/IMG_20220106_130742.jpg,,occlusion,"A pipe in the foreground partially occludes the lower left quadrant of the gauge, making some graduation marks and potentially the minimum range value difficult to see clearly.",,,
random,AOBv2-REAL-484,recommended_action,,ROUTE_UPDATE,data_detection/images/train/IMG_20220106_130742.jpg,,occlusion,"A pipe in the foreground partially occludes the lower left quadrant of the gauge, making some graduation marks and potentially the minimum range value difficult to see clearly.",,,
random,AOBv2-REAL-484,category,,occlusion,data_detection/images/train/IMG_20220106_130742.jpg,,occlusion,"A pipe in the foreground partially occludes the lower left quadrant of the gauge, making some graduation marks and potentially the minimum range value difficult to see clearly.",,,
random,AOBv2-REAL-484,image_role,,query,data_detection/images/train/IMG_20220106_130742.jpg,,occlusion,"A pipe in the foreground partially occludes the lower left quadrant of the gauge, making some graduation marks and potentially the minimum range value difficult to see clearly.",,,
random,AOBv2-REAL-484,gauge_value,,5,data_detection/images/train/IMG_20220106_130742.jpg,,occlusion,"A pipe in the foreground partially occludes the lower left quadrant of the gauge, making some graduation marks and potentially the minimum range value difficult to see clearly.",,,
random,AOBv2-REAL-484,asset,,Pipe system,data_detection/images/train/IMG_20220106_130742.jpg,,occlusion,"A pipe in the foreground partially occludes the lower left quadrant of the gauge, making some graduation marks and potentially the minimum range value difficult to see clearly.",,,
random,AOBv2-REAL-484,instrument_status,,,data_detection/images/train/IMG_20220106_130742.jpg,,occlusion,"A pipe in the foreground partially occludes the lower left quadrant of the gauge, making some graduation marks and potentially the minimum range value difficult to see clearly.",,,
random,AOBv2-REAL-484,description_accurate,,,data_detection/images/train/IMG_20220106_130742.jpg,,occlusion,"A pipe in the foreground partially occludes the lower left quadrant of the gauge, making some graduation marks and potentially the minimum range value difficult to see clearly.",,,
random,AOBv2-REAL-708,gauge_readable,,false,data_detection/images/train/IMG_20220106_140118_1.jpg,,glare_lighting,"The gauge face is partially obscured by glare and reflections from a bright window or light source behind it, making some markings and the exact needle position difficult to discern clearly.",,,
random,AOBv2-REAL-708,recommended_action,,ROUTE_UPDATE,data_detection/images/train/IMG_20220106_140118_1.jpg,,glare_lighting,"The gauge face is partially obscured by glare and reflections from a bright window or light source behind it, making some markings and the exact needle position difficult to discern clearly.",,,
random,AOBv2-REAL-708,category,,glare_lighting,data_detection/images/train/IMG_20220106_140118_1.jpg,,glare_lighting,"The gauge face is partially obscured by glare and reflections from a bright window or light source behind it, making some markings and the exact needle position difficult to discern clearly.",,,
random,AOBv2-REAL-708,image_role,,query,data_detection/images/train/IMG_20220106_140118_1.jpg,,glare_lighting,"The gauge face is partially obscured by glare and reflections from a bright window or light source behind it, making some markings and the exact needle position difficult to discern clearly.",,,
random,AOBv2-REAL-708,gauge_value,,UNREADABLE,data_detection/images/train/IMG_20220106_140118_1.jpg,,glare_lighting,"The gauge face is partially obscured by glare and reflections from a bright window or light source behind it, making some markings and the exact needle position difficult to discern clearly.",,,
random,AOBv2-REAL-708,asset,,Boiler,data_detection/images/train/IMG_20220106_140118_1.jpg,,glare_lighting,"The gauge face is partially obscured by glare and reflections from a bright window or light source behind it, making some markings and the exact needle position difficult to discern clearly.",,,
random,AOBv2-REAL-708,instrument_status,,,data_detection/images/train/IMG_20220106_140118_1.jpg,,glare_lighting,"The gauge face is partially obscured by glare and reflections from a bright window or light source behind it, making some markings and the exact needle position difficult to discern clearly.",,,
random,AOBv2-REAL-708,description_accurate,,,data_detection/images/train/IMG_20220106_140118_1.jpg,,glare_lighting,"The gauge face is partially obscured by glare and reflections from a bright window or light source behind it, making some markings and the exact needle position difficult to discern clearly.",,,
random,AOBv2-REAL-754,gauge_readable,,true,data_detection/images/train/IMG_20220106_140532.jpg,,gauge_degradation,"The gauge's glass cover appears dirty or smudged, slightly obscuring the dial, and there's a significant amount of dust and grime on the surrounding pipework.",,,
random,AOBv2-REAL-754,recommended_action,,CLEAN_GAUGE,data_detection/images/train/IMG_20220106_140532.jpg,,gauge_degradation,"The gauge's glass cover appears dirty or smudged, slightly obscuring the dial, and there's a significant amount of dust and grime on the surrounding pipework.",,,
random,AOBv2-REAL-754,category,,gauge_degradation,data_detection/images/train/IMG_20220106_140532.jpg,,gauge_degradation,"The gauge's glass cover appears dirty or smudged, slightly obscuring the dial, and there's a significant amount of dust and grime on the surrounding pipework.",,,
random,AOBv2-REAL-754,image_role,,query,data_detection/images/train/IMG_20220106_140532.jpg,,gauge_degradation,"The gauge's glass cover appears dirty or smudged, slightly obscuring the dial, and there's a significant amount of dust and grime on the surrounding pipework.",,,
random,AOBv2-REAL-754,gauge_value,,0.45,data_detection/images/train/IMG_20220106_140532.jpg,,gauge_degradation,"The gauge's glass cover appears dirty or smudged, slightly obscuring the dial, and there's a significant amount of dust and grime on the surrounding pipework.",,,
random,AOBv2-REAL-754,asset,,Centrifugal pump,data_detection/images/train/IMG_20220106_140532.jpg,,gauge_degradation,"The gauge's glass cover appears dirty or smudged, slightly obscuring the dial, and there's a significant amount of dust and grime on the surrounding pipework.",,,
random,AOBv2-REAL-754,instrument_status,,,data_detection/images/train/IMG_20220106_140532.jpg,,gauge_degradation,"The gauge's glass cover appears dirty or smudged, slightly obscuring the dial, and there's a significant amount of dust and grime on the surrounding pipework.",,,
random,AOBv2-REAL-754,description_accurate,,,data_detection/images/train/IMG_20220106_140532.jpg,,gauge_degradation,"The gauge's glass cover appears dirty or smudged, slightly obscuring the dial, and there's a significant amount of dust and grime on the surrounding pipework.",,,
random,AOBv2-REAL-787,gauge_readable,,false,data_detection/images/train/IMG_20220106_140814_1.jpg,,scale_interpretation,"The gauge is too far away and partially obscured by other pipes and valves, making it difficult to read the exact value on its scale.",,,
random,AOBv2-REAL-787,recommended_action,,ROUTE_UPDATE,data_detection/images/train/IMG_20220106_140814_1.jpg,,scale_interpretation,"The gauge is too far away and partially obscured by other pipes and valves, making it difficult to read the exact value on its scale.",,,
random,AOBv2-REAL-787,category,,scale_interpretation,data_detection/images/train/IMG_20220106_140814_1.jpg,,scale_interpretation,"The gauge is too far away and partially obscured by other pipes and valves, making it difficult to read the exact value on its scale.",,,
random,AOBv2-REAL-787,image_role,,query,data_detection/images/train/IMG_20220106_140814_1.jpg,,scale_interpretation,"The gauge is too far away and partially obscured by other pipes and valves, making it difficult to read the exact value on its scale.",,,
random,AOBv2-REAL-787,gauge_value,,UNREADABLE,data_detection/images/train/IMG_20220106_140814_1.jpg,,scale_interpretation,"The gauge is too far away and partially obscured by other pipes and valves, making it difficult to read the exact value on its scale.",,,
random,AOBv2-REAL-787,asset,,Boiler,data_detection/images/train/IMG_20220106_140814_1.jpg,,scale_interpretation,"The gauge is too far away and partially obscured by other pipes and valves, making it difficult to read the exact value on its scale.",,,
random,AOBv2-REAL-787,instrument_status,,,data_detection/images/train/IMG_20220106_140814_1.jpg,,scale_interpretation,"The gauge is too far away and partially obscured by other pipes and valves, making it difficult to read the exact value on its scale.",,,
random,AOBv2-REAL-787,description_accurate,,,data_detection/images/train/IMG_20220106_140814_1.jpg,,scale_interpretation,"The gauge is too far away and partially obscured by other pipes and valves, making it difficult to read the exact value on its scale.",,,
random,AOBv2-REAL-798,gauge_readable,,false,data_detection/images/train/IMG_20220106_140925.jpg,,scale_interpretation,"A robot inspector would face challenges reading this gauge due to its small size and distance, making the graduation marks difficult to discern accurately.",,,
random,AOBv2-REAL-798,recommended_action,,ROUTE_UPDATE,data_detection/images/train/IMG_20220106_140925.jpg,,scale_interpretation,"A robot inspector would face challenges reading this gauge due to its small size and distance, making the graduation marks difficult to discern accurately.",,,
random,AOBv2-REAL-798,category,,scale_interpretation,data_detection/images/train/IMG_20220106_140925.jpg,,scale_interpretation,"A robot inspector would face challenges reading this gauge due to its small size and distance, making the graduation marks difficult to discern accurately.",,,
random,AOBv2-REAL-798,image_role,,query,data_detection/images/train/IMG_20220106_140925.jpg,,scale_interpretation,"A robot inspector would face challenges reading this gauge due to its small size and distance, making the graduation marks difficult to discern accurately.",,,
random,AOBv2-REAL-798,gauge_value,,UNREADABLE,data_detection/images/train/IMG_20220106_140925.jpg,,scale_interpretation,"A robot inspector would face challenges reading this gauge due to its small size and distance, making the graduation marks difficult to discern accurately.",,,
random,AOBv2-REAL-798,asset,,Piping system,data_detection/images/train/IMG_20220106_140925.jpg,,scale_interpretation,"A robot inspector would face challenges reading this gauge due to its small size and distance, making the graduation marks difficult to discern accurately.",,,
random,AOBv2-REAL-798,instrument_status,,,data_detection/images/train/IMG_20220106_140925.jpg,,scale_interpretation,"A robot inspector would face challenges reading this gauge due to its small size and distance, making the graduation marks difficult to discern accurately.",,,
random,AOBv2-REAL-798,description_accurate,,,data_detection/images/train/IMG_20220106_140925.jpg,,scale_interpretation,"A robot inspector would face challenges reading this gauge due to its small size and distance, making the graduation marks difficult to discern accurately.",,,
random,AOBv2-REAL-864,gauge_readable,,true,data_detection/images/train/IMG_20220106_141601.jpg,,occlusion,A part of the gauge face and the bottom right side of the control panel are obscured by a shadow.,,,
random,AOBv2-REAL-864,recommended_action,,ROUTE_UPDATE,data_detection/images/train/IMG_20220106_141601.jpg,,occlusion,A part of the gauge face and the bottom right side of the control panel are obscured by a shadow.,,,
random,AOBv2-REAL-864,category,,occlusion,data_detection/images/train/IMG_20220106_141601.jpg,,occlusion,A part of the gauge face and the bottom right side of the control panel are obscured by a shadow.,,,
random,AOBv2-REAL-864,image_role,,query,data_detection/images/train/IMG_20220106_141601.jpg,,occlusion,A part of the gauge face and the bottom right side of the control panel are obscured by a shadow.,,,
random,AOBv2-REAL-864,gauge_value,,0.5,data_detection/images/train/IMG_20220106_141601.jpg,,occlusion,A part of the gauge face and the bottom right side of the control panel are obscured by a shadow.,,,
random,AOBv2-REAL-864,asset,,Industrial piping system,data_detection/images/train/IMG_20220106_141601.jpg,,occlusion,A part of the gauge face and the bottom right side of the control panel are obscured by a shadow.,,,
random,AOBv2-REAL-864,instrument_status,,,data_detection/images/train/IMG_20220106_141601.jpg,,occlusion,A part of the gauge face and the bottom right side of the control panel are obscured by a shadow.,,,
random,AOBv2-REAL-864,description_accurate,,,data_detection/images/train/IMG_20220106_141601.jpg,,occlusion,A part of the gauge face and the bottom right side of the control panel are obscured by a shadow.,,,
random,AOBv2-REAL-892,gauge_readable,,false,data_detection/images/train/IMG_20220106_142107.jpg,,scale_interpretation,"The gauge is out of focus and positioned too far in the foreground, making the exact scale markings and needle position difficult to determine clearly.",,,
random,AOBv2-REAL-892,recommended_action,,ROUTE_UPDATE,data_detection/images/train/IMG_20220106_142107.jpg,,scale_interpretation,"The gauge is out of focus and positioned too far in the foreground, making the exact scale markings and needle position difficult to determine clearly.",,,
random,AOBv2-REAL-892,category,,scale_interpretation,data_detection/images/train/IMG_20220106_142107.jpg,,scale_interpretation,"The gauge is out of focus and positioned too far in the foreground, making the exact scale markings and needle position difficult to determine clearly.",,,
random,AOBv2-REAL-892,image_role,,query,data_detection/images/train/IMG_20220106_142107.jpg,,scale_interpretation,"The gauge is out of focus and positioned too far in the foreground, making the exact scale markings and needle position difficult to determine clearly.",,,
random,AOBv2-REAL-892,gauge_value,,UNREADABLE,data_detection/images/train/IMG_20220106_142107.jpg,,scale_interpretation,"The gauge is out of focus and positioned too far in the foreground, making the exact scale markings and needle position difficult to determine clearly.",,,
random,AOBv2-REAL-892,asset,,Pressure vessel,data_detection/images/train/IMG_20220106_142107.jpg,,scale_interpretation,"The gauge is out of focus and positioned too far in the foreground, making the exact scale markings and needle position difficult to determine clearly.",,,
random,AOBv2-REAL-892,instrument_status,,,data_detection/images/train/IMG_20220106_142107.jpg,,scale_interpretation,"The gauge is out of focus and positioned too far in the foreground, making the exact scale markings and needle position difficult to determine clearly.",,,
random,AOBv2-REAL-892,description_accurate,,,data_detection/images/train/IMG_20220106_142107.jpg,,scale_interpretation,"The gauge is out of focus and positioned too far in the foreground, making the exact scale markings and needle position difficult to determine clearly.",,,
random,AOBv2-REAL-903,gauge_readable,,false,data_detection/images/train/IMG_20220106_142142.jpg,,scale_interpretation,"A robot inspector would face a challenge reading this gauge due to its small size and being slightly out of focus, making the exact graduation marks and small text difficult to discern clearly.",,,
random,AOBv2-REAL-903,recommended_action,,ROUTE_UPDATE,data_detection/images/train/IMG_20220106_142142.jpg,,scale_interpretation,"A robot inspector would face a challenge reading this gauge due to its small size and being slightly out of focus, making the exact graduation marks and small text difficult to discern clearly.",,,
random,AOBv2-REAL-903,category,,scale_interpretation,data_detection/images/train/IMG_20220106_142142.jpg,,scale_interpretation,"A robot inspector would face a challenge reading this gauge due to its small size and being slightly out of focus, making the exact graduation marks and small text difficult to discern clearly.",,,
random,AOBv2-REAL-903,image_role,,query,data_detection/images/train/IMG_20220106_142142.jpg,,scale_interpretation,"A robot inspector would face a challenge reading this gauge due to its small size and being slightly out of focus, making the exact graduation marks and small text difficult to discern clearly.",,,
random,AOBv2-REAL-903,gauge_value,,UNREADABLE,data_detection/images/train/IMG_20220106_142142.jpg,,scale_interpretation,"A robot inspector would face a challenge reading this gauge due to its small size and being slightly out of focus, making the exact graduation marks and small text difficult to discern clearly.",,,
random,AOBv2-REAL-903,asset,,Pressure vessel or piping system,data_detection/images/train/IMG_20220106_142142.jpg,,scale_interpretation,"A robot inspector would face a challenge reading this gauge due to its small size and being slightly out of focus, making the exact graduation marks and small text difficult to discern clearly.",,,
random,AOBv2-REAL-903,instrument_status,,,data_detection/images/train/IMG_20220106_142142.jpg,,scale_interpretation,"A robot inspector would face a challenge reading this gauge due to its small size and being slightly out of focus, making the exact graduation marks and small text difficult to discern clearly.",,,
random,AOBv2-REAL-903,description_accurate,,,data_detection/images/train/IMG_20220106_142142.jpg,,scale_interpretation,"A robot inspector would face a challenge reading this gauge due to its small size and being slightly out of focus, making the exact graduation marks and small text difficult to discern clearly.",,,
random,AOBv2-REAL-925,gauge_readable,,true,data_detection/images/train/IMG_20220106_142331.jpg,,gauge_degradation,"The gauge face is smudged and has a label partially covering the lower portion, making some text difficult to read.",,,
random,AOBv2-REAL-925,recommended_action,,CLEAN_GAUGE,data_detection/images/train/IMG_20220106_142331.jpg,,gauge_degradation,"The gauge face is smudged and has a label partially covering the lower portion, making some text difficult to read.",,,
random,AOBv2-REAL-925,category,,gauge_degradation,data_detection/images/train/IMG_20220106_142331.jpg,,gauge_degradation,"The gauge face is smudged and has a label partially covering the lower portion, making some text difficult to read.",,,
random,AOBv2-REAL-925,image_role,,query,data_detection/images/train/IMG_20220106_142331.jpg,,gauge_degradation,"The gauge face is smudged and has a label partially covering the lower portion, making some text difficult to read.",,,
random,AOBv2-REAL-925,gauge_value,,0.3,data_detection/images/train/IMG_20220106_142331.jpg,,gauge_degradation,"The gauge face is smudged and has a label partially covering the lower portion, making some text difficult to read.",,,
random,AOBv2-REAL-925,asset,,Unknown,data_detection/images/train/IMG_20220106_142331.jpg,,gauge_degradation,"The gauge face is smudged and has a label partially covering the lower portion, making some text difficult to read.",,,
random,AOBv2-REAL-925,instrument_status,,,data_detection/images/train/IMG_20220106_142331.jpg,,gauge_degradation,"The gauge face is smudged and has a label partially covering the lower portion, making some text difficult to read.",,,
random,AOBv2-REAL-925,description_accurate,,,data_detection/images/train/IMG_20220106_142331.jpg,,gauge_degradation,"The gauge face is smudged and has a label partially covering the lower portion, making some text difficult to read.",,,
random,AOBv2-REAL-964,gauge_readable,,false,data_detection/images/train/IMG_20220106_142706.jpg,,glare_lighting,"A robot inspector would face challenges due to severe glare obscuring the gauge's dial face, making it difficult to read the exact value.",,,
random,AOBv2-REAL-964,recommended_action,,ROUTE_UPDATE,data_detection/images/train/IMG_20220106_142706.jpg,,glare_lighting,"A robot inspector would face challenges due to severe glare obscuring the gauge's dial face, making it difficult to read the exact value.",,,
random,AOBv2-REAL-964,category,,glare_lighting,data_detection/images/train/IMG_20220106_142706.jpg,,glare_lighting,"A robot inspector would face challenges due to severe glare obscuring the gauge's dial face, making it difficult to read the exact value.",,,
random,AOBv2-REAL-964,image_role,,query,data_detection/images/train/IMG_20220106_142706.jpg,,glare_lighting,"A robot inspector would face challenges due to severe glare obscuring the gauge's dial face, making it difficult to read the exact value.",,,
random,AOBv2-REAL-964,gauge_value,,UNREADABLE,data_detection/images/train/IMG_20220106_142706.jpg,,glare_lighting,"A robot inspector would face challenges due to severe glare obscuring the gauge's dial face, making it difficult to read the exact value.",,,
random,AOBv2-REAL-964,asset,,Unknown industrial equipment,data_detection/images/train/IMG_20220106_142706.jpg,,glare_lighting,"A robot inspector would face challenges due to severe glare obscuring the gauge's dial face, making it difficult to read the exact value.",,,
random,AOBv2-REAL-964,instrument_status,,,data_detection/images/train/IMG_20220106_142706.jpg,,glare_lighting,"A robot inspector would face challenges due to severe glare obscuring the gauge's dial face, making it difficult to read the exact value.",,,
random,AOBv2-REAL-964,description_accurate,,,data_detection/images/train/IMG_20220106_142706.jpg,,glare_lighting,"A robot inspector would face challenges due to severe glare obscuring the gauge's dial face, making it difficult to read the exact value.",,,
random,AOBv2-REAL-966,gauge_readable,,false,data_detection/images/train/IMG_20220106_142709_1.jpg,,gauge_degradation,"A robot inspector would face challenges reading this gauge due to the significant dust accumulation on the dial face, obscuring the readings and making the pointer difficult to precisely locate.",,,
random,AOBv2-REAL-966,recommended_action,,CLEAN_GAUGE,data_detection/images/train/IMG_20220106_142709_1.jpg,,gauge_degradation,"A robot inspector would face challenges reading this gauge due to the significant dust accumulation on the dial face, obscuring the readings and making the pointer difficult to precisely locate.",,,
random,AOBv2-REAL-966,category,,gauge_degradation,data_detection/images/train/IMG_20220106_142709_1.jpg,,gauge_degradation,"A robot inspector would face challenges reading this gauge due to the significant dust accumulation on the dial face, obscuring the readings and making the pointer difficult to precisely locate.",,,
random,AOBv2-REAL-966,image_role,,query,data_detection/images/train/IMG_20220106_142709_1.jpg,,gauge_degradation,"A robot inspector would face challenges reading this gauge due to the significant dust accumulation on the dial face, obscuring the readings and making the pointer difficult to precisely locate.",,,
random,AOBv2-REAL-966,gauge_value,,UNREADABLE,data_detection/images/train/IMG_20220106_142709_1.jpg,,gauge_degradation,"A robot inspector would face challenges reading this gauge due to the significant dust accumulation on the dial face, obscuring the readings and making the pointer difficult to precisely locate.",,,
random,AOBv2-REAL-966,asset,,Unknown,data_detection/images/train/IMG_20220106_142709_1.jpg,,gauge_degradation,"A robot inspector would face challenges reading this gauge due to the significant dust accumulation on the dial face, obscuring the readings and making the pointer difficult to precisely locate.",,,
random,AOBv2-REAL-966,instrument_status,,,data_detection/images/train/IMG_20220106_142709_1.jpg,,gauge_degradation,"A robot inspector would face challenges reading this gauge due to the significant dust accumulation on the dial face, obscuring the readings and making the pointer difficult to precisely locate.",,,
random,AOBv2-REAL-966,description_accurate,,,data_detection/images/train/IMG_20220106_142709_1.jpg,,gauge_degradation,"A robot inspector would face challenges reading this gauge due to the significant dust accumulation on the dial face, obscuring the readings and making the pointer difficult to precisely locate.",,,
